iteration,epoch,method,method_variant,estimator,env_id,suite,seed,trainable,did_update,env_steps,batch_env_steps,episodes_in_batch,episodes_in_epoch,num_workers,parallel_rollouts,train_return_mean,train_return_std,train_len_mean,ep_return_mean,ep_return_std,ep_len_mean,policy_loss_before,policy_loss_after,value_loss_before,value_loss_after,entropy,approx_kl,line_search_success,cg_norm,clip_fraction,kl_coef,value_explained_variance_before,value_explained_variance_after,collect_time_sec,update_time_sec,checkpoint_time_sec,wall_time_sec
1,1,ppo,clip,gae,ALE/BeamRider-v5,atari,0,1,1.0,100000,100000,71,71,4,1,367.0422535211268,153.1762711572059,1369.8732394366198,367.0422535211268,153.1762711572059,1369.8732394366198,2.1446347236633302e-08,-0.001249175198674202,1277.4802419140624,610.0038165625,2.1890183168029784,0.0016885672618821264,nan,nan,0.009960000002980232,nan,6.973743438720703e-06,0.019570529460906982,82.07376885414124,78.5596137046814,0.0,160.63358306884766
2,2,ppo,clip,gae,ALE/BeamRider-v5,atari,0,1,1.0,200000,100000,73,73,4,1,370.4109589041096,160.68038858915762,1326.5479452054794,370.4109589041096,160.68038858915762,1326.5479452054794,3.109574317932129e-09,-0.0015144114297628403,648.0003674414063,601.5878008496094,2.1852932263946534,0.002126711439937353,nan,nan,0.012490000010728836,nan,0.019848942756652832,0.09060943126678467,81.13556718826294,76.53557515144348,0.0,157.6711826324463
3,3,ppo,clip,gae,ALE/BeamRider-v5,atari,0,1,1.0,300000,100000,77,77,4,1,353.14285714285717,142.17436836648218,1269.6233766233765,353.14285714285717,142.17436836648218,1269.6233766233765,3.813505172729492e-09,-0.001466025602221489,570.0264577734375,537.3674115429687,2.1777999661254883,0.0021122406296432018,nan,nan,0.007480000001490116,nan,0.10095196962356567,0.15211868286132812,80.94642114639282,75.7759141921997,0.0,156.7223677635193
4,4,ppo,clip,gae,ALE/BeamRider-v5,atari,0,1,1.0,400000,100000,74,74,4,1,381.7837837837838,131.7575855829787,1306.2837837837837,381.7837837837838,131.7575855829787,1306.2837837837837,3.159046173095703e-09,-0.0014783357095718385,611.1144883496094,582.2677562109375,2.169125273361206,0.0022771403942257167,nan,nan,0.05672999999523163,nan,0.12976491451263428,0.16283118724822998,81.09544324874878,75.88611459732056,0.0,156.98159098625183
5,5,ppo,clip,gae,ALE/BeamRider-v5,atari,0,1,1.0,500000,100000,73,73,4,1,415.7260273972603,157.9975082406233,1337.0684931506848,415.7260273972603,157.9975082406233,1337.0684931506848,4.477500915527344e-09,-0.0015445745706558227,615.8283481835938,599.0992342773437,2.1564055337524413,0.0022688366027921437,nan,nan,0.05144000000238418,nan,0.1745852828025818,0.19490116834640503,80.24661183357239,76.18323493003845,0.0,156.42987871170044
6,6,ppo,clip,gae,ALE/BeamRider-v5,atari,0,1,1.0,600000,100000,71,71,4,1,416.61971830985914,204.04544965933744,1353.380281690141,416.61971830985914,204.04544965933744,1353.380281690141,-1.3208389282226562e-09,-0.0012582285165786743,624.5454246875,620.652088046875,2.144445651321411,0.001915188224464655,nan,nan,0.05036000001907349,nan,0.17023545503616333,0.1804555058479309,81.052086353302,76.09686946868896,0.0,157.148987531662
7,7,ppo,clip,gae,ALE/BeamRider-v5,atari,0,1,1.0,700000,100000,72,72,4,1,421.05555555555554,146.08367930068263,1347.125,421.05555555555554,146.08367930068263,1347.125,-2.689659595489502e-10,-0.0013818602672219277,592.6004086816406,579.2546013867187,2.139152314529419,0.0009959987857565283,nan,nan,0.01789999999523163,nan,0.1855906844139099,0.19598793983459473,80.41062235832214,76.02402520179749,0.0,156.43468189239502
8,8,ppo,clip,gae,ALE/BeamRider-v5,atari,0,1,1.0,800000,100000,73,73,4,1,409.5890410958904,149.91904990273264,1348.109589041096,409.5890410958904,149.91904990273264,1348.109589041096,-2.5177001953125e-09,-0.0015520792818069459,575.1005199609375,567.9602222265625,2.134429994506836,0.0022523545253276826,nan,nan,0.0523500000333786,nan,0.19348526000976562,0.2037496566772461,80.51705932617188,75.624920129776,0.0,156.1420180797577
9,9,ppo,clip,gae,ALE/BeamRider-v5,atari,0,1,1.0,900000,100000,69,69,4,1,430.6666666666667,146.54856905404242,1420.9130434782608,430.6666666666667,146.54856905404242,1420.9130434782608,-8.392333984375e-10,-0.0012169831371307374,571.8081602734375,565.0154789746093,2.125697272567749,0.001095317998342216,nan,nan,0.02632999999821186,nan,0.20310360193252563,0.21277886629104614,79.92425274848938,75.95109057426453,0.0,155.87537384033203
10,10,ppo,clip,gae,ALE/BeamRider-v5,atari,0,1,1.0,1000000,100000,69,69,4,1,434.0869565217391,148.86563722299954,1390.5652173913043,434.0869565217391,148.86563722299954,1390.5652173913043,-1.0585784912109376e-09,-0.001310550365447998,547.9171838671875,536.7250190820313,2.124398257446289,0.001132506739422679,nan,nan,0.008230000001490117,nan,0.1851799488067627,0.20182859897613525,81.08774971961975,75.84504437446594,0.0,156.9328317642212
11,11,ppo,clip,gae,ALE/BeamRider-v5,atari,0,1,1.0,1100000,100000,74,74,4,1,439.4054054054054,135.22942656322783,1319.081081081081,439.4054054054054,135.22942656322783,1319.081081081081,3.31878662109375e-09,-0.001061163969039917,590.1356552929687,576.6223744726562,2.1127701182556153,0.0011695192026346922,nan,nan,0.03645000002861023,nan,0.2223811149597168,0.23423880338668823,80.44760179519653,76.02079367637634,0.0,156.46842741966248
12,12,ppo,clip,gae,ALE/BeamRider-v5,atari,0,1,1.0,1200000,100000,73,73,4,1,439.45205479452056,153.26555351101595,1317.972602739726,439.45205479452056,153.26555351101595,1317.972602739726,6.9427490234375e-09,-0.0011092407274246217,670.39335609375,651.236424921875,2.1202710974884034,0.0009433138490468263,nan,nan,0.024650000010728836,nan,0.194665789604187,0.21776628494262695,81.34829783439636,76.59757089614868,0.0,157.94590067863464
13,13,ppo,clip,gae,ALE/BeamRider-v5,atari,0,1,1.0,1300000,100000,70,70,4,1,441.6,142.40770444647396,1367.6857142857143,441.6,142.40770444647396,1367.6857142857143,1.2624263763427735e-09,-0.001449122430086136,568.6158677734375,560.634955234375,2.124940448760986,0.0014389791851863265,nan,nan,0.009810000001937151,nan,0.2400454878807068,0.2512208819389343,81.07950115203857,75.9622802734375,0.0,157.04181599617004
14,14,ppo,clip,gae,ALE/BeamRider-v5,atari,0,1,1.0,1400000,100000,70,70,4,1,452.34285714285716,183.29148415369795,1395.2571428571428,452.34285714285716,183.29148415369795,1395.2571428571428,-1.0516643524169923e-08,-0.001615081253051758,615.8563972070313,602.4105421386719,2.114405832519531,0.0010454712088778615,nan,nan,0.013849999994635582,nan,0.23255181312561035,0.24759453535079956,80.36590814590454,75.9310793876648,0.0,156.29702830314636
15,15,ppo,clip,gae,ALE/BeamRider-v5,atari,0,1,1.0,1500000,100000,67,67,4,1,505.67164179104475,198.09378059956828,1444.4179104477612,505.67164179104475,198.09378059956828,1444.4179104477612,-9.634494781494141e-09,-0.0014112666315585375,647.2123980273437,625.9091641796875,2.106032045516968,0.0012122551183030008,nan,nan,0.012300000003576278,nan,0.24169886112213135,0.25883007049560547,80.49715685844421,76.43160939216614,0.0,156.9287977218628
16,16,ppo,clip,gae,ALE/BeamRider-v5,atari,0,1,1.0,1600000,100000,72,72,4,1,454.55555555555554,152.39175474276897,1369.236111111111,454.55555555555554,152.39175474276897,1369.236111111111,1.1581182479858398e-09,-0.001566933000087738,619.2170220019531,606.3262405175781,2.0967675048065186,0.001068766541145742,nan,nan,0.021270000020265578,nan,0.26223182678222656,0.27191871404647827,81.28795886039734,76.31194067001343,0.0,157.59993243217468
17,17,ppo,clip,gae,ALE/BeamRider-v5,atari,0,1,1.0,1700000,100000,74,74,4,1,440.7567567567568,142.177164967269,1316.5,440.7567567567568,142.177164967269,1316.5,3.5244226455688478e-09,-0.0014142497450113296,559.7652812890625,549.7677909375,2.0971781466674804,0.001153292960859835,nan,nan,0.039309999994039536,nan,0.30704188346862793,0.3193569779396057,80.09380054473877,76.17574334144592,0.0,156.26957440376282
18,18,ppo,clip,gae,ALE/BeamRider-v5,atari,0,1,1.0,1800000,100000,74,74,4,1,426.9189189189189,148.54872317050732,1293.081081081081,426.9189189189189,148.54872317050732,1293.081081081081,-1.1227130889892578e-08,-0.0015544820046424865,580.3511544824219,569.3021025878907,2.0988899375915526,0.0009497846237197518,nan,nan,0.01758000000536442,nan,0.25529277324676514,0.27217012643814087,80.2094943523407,75.72629427909851,0.0,155.9358193874359
19,19,ppo,clip,gae,ALE/BeamRider-v5,atari,0,1,1.0,1900000,100000,68,68,4,1,481.2352941176471,159.716303419077,1406.9411764705883,481.2352941176471,159.716303419077,1406.9411764705883,-2.1243095397949218e-09,-0.0016964315795898438,636.7911513085937,601.3771643261719,2.09845424697876,0.0010085215735808014,nan,nan,0.02887999999523163,nan,0.28599268198013306,0.3152667284011841,81.05917596817017,75.82041907310486,0.0,156.8796317577362
20,20,ppo,clip,gae,ALE/BeamRider-v5,atari,0,1,1.0,2000000,100000,73,73,4,1,444.0,172.14329806441245,1326.123287671233,444.0,172.14329806441245,1326.123287671233,-4.530251026153565e-09,-0.001713535140454769,648.0480705371094,623.8558827832031,2.095154946060181,0.0011552755839005114,nan,nan,0.034020000006556514,nan,0.2270498275756836,0.2550947666168213,80.50149631500244,75.82043695449829,0.0,156.32196354866028
21,21,ppo,clip,gae,ALE/BeamRider-v5,atari,0,1,1.0,2100000,100000,70,70,4,1,497.48571428571427,172.41036949732487,1400.2,497.48571428571427,172.41036949732487,1400.2,5.903244018554688e-09,-0.0015462390565872193,672.9633330664062,656.5369198046875,2.0932255883789064,0.0009725231477990746,nan,nan,0.01209000000178814,nan,0.2414732575416565,0.2535817623138428,80.49752736091614,75.73930811882019,0.0,156.23686575889587
22,22,ppo,clip,gae,ALE/BeamRider-v5,atari,0,1,1.0,2200000,100000,71,71,4,1,492.3380281690141,166.0405468605355,1383.394366197183,492.3380281690141,166.0405468605355,1383.394366197183,-1.4734268188476562e-09,-0.0014955220198631287,611.1323340527343,596.0755052636719,2.085724690856934,0.0010752880945801735,nan,nan,0.03234999999940395,nan,0.2979857921600342,0.3146163821220398,80.46640419960022,75.94344902038574,0.0,156.40988945960999
23,23,ppo,clip,gae,ALE/BeamRider-v5,atari,0,1,1.0,2300000,100000,71,71,4,1,486.36619718309856,169.24631932142108,1368.8450704225352,486.36619718309856,169.24631932142108,1368.8450704225352,1.0633468627929689e-09,-0.0016157485508918761,601.4236040039062,594.9139655273437,2.0665740660858156,0.0015214142141118645,nan,nan,0.051700000073909756,nan,0.3340339660644531,0.34087133407592773,80.76122045516968,75.5315899848938,0.0,156.29284048080444
24,24,ppo,clip,gae,ALE/BeamRider-v5,atari,0,1,1.0,2400000,100000,70,70,4,1,504.45714285714286,166.977217069899,1394.3,504.45714285714286,166.977217069899,1394.3,-9.784698486328125e-09,-0.0016261511039733887,674.9275923535156,660.8616853417968,2.0598560874176024,0.0008805593616515398,nan,nan,0.021120000003576278,nan,0.30752331018447876,0.3211071491241455,80.11546587944031,75.7555205821991,0.0,155.87101769447327
25,25,ppo,clip,gae,ALE/BeamRider-v5,atari,0,1,1.0,2500000,100000,68,68,4,1,518.5294117647059,188.6770093064612,1415.3235294117646,518.5294117647059,188.6770093064612,1415.3235294117646,5.650520324707032e-10,-0.0017909175944328308,606.7930827148438,599.1334076171875,2.0552063793945314,0.0017231884119287134,nan,nan,0.08989000007629394,nan,0.34677112102508545,0.3552896976470947,81.12772965431213,76.01139569282532,0.016679763793945312,157.1558449268341
26,26,ppo,clip,gae,ALE/BeamRider-v5,atari,0,1,1.0,2600000,100000,68,68,4,1,517.1176470588235,164.49115204273457,1404.8235294117646,517.1176470588235,164.49115204273457,1404.8235294117646,2.5844573974609377e-09,-0.001561643419265747,616.9408663867188,602.4505152929687,2.0582310165405273,0.0007037794140540063,nan,nan,0.01421000002026558,nan,0.3227013349533081,0.339145302772522,81.81711435317993,76.10368394851685,0.0,157.92082929611206
27,27,ppo,clip,gae,ALE/BeamRider-v5,atari,0,1,1.0,2700000,100000,71,71,4,1,476.50704225352115,166.03400917862518,1353.6901408450703,476.50704225352115,166.03400917862518,1353.6901408450703,-4.9591064453125e-10,-0.0015048663330078124,641.042028671875,615.7854115820312,2.0633697357177736,0.001103437133654952,nan,nan,0.03377,nan,0.2687609791755676,0.28215867280960083,80.47220993041992,75.97827339172363,0.0,156.4505157470703
28,28,ppo,clip,gae,ALE/BeamRider-v5,atari,0,1,1.0,2800000,100000,69,69,4,1,502.8985507246377,197.76711123883737,1409.4202898550725,502.8985507246377,197.76711123883737,1409.4202898550725,4.0769577026367186e-10,-0.0015720410370826722,620.652385078125,606.0039014746094,2.0616871672821047,0.0008175270129740238,nan,nan,0.012850000003278255,nan,0.26105695962905884,0.2782527208328247,80.65594577789307,75.92864513397217,0.0,156.58463311195374
29,29,ppo,clip,gae,ALE/BeamRider-v5,atari,0,1,1.0,2900000,100000,72,72,4,1,511.44444444444446,150.17220567743118,1379.7777777777778,511.44444444444446,150.17220567743118,1379.7777777777778,1.6880035400390626e-09,-0.0016154767417907714,592.2187288671875,571.8853131738281,2.0555868743896486,0.0010978654911741614,nan,nan,0.035890000007748606,nan,0.3249014616012573,0.34836477041244507,81.30441403388977,75.91770362854004,0.0,157.22214937210083
30,30,ppo,clip,gae,ALE/BeamRider-v5,atari,0,1,1.0,3000000,100000,72,72,4,1,493.55555555555554,160.0216034798018,1359.5833333333333,493.55555555555554,160.0216034798018,1359.5833333333333,3.3855438232421877e-09,-0.0016237940955162048,625.8089666015625,605.3701403515626,2.0475692871856688,0.0009277592041157186,nan,nan,0.0354600000038743,nan,0.3269973397254944,0.34566473960876465,81.03371286392212,75.87623882293701,0.0,156.90998196601868
31,31,ppo,clip,gae,ALE/BeamRider-v5,atari,0,1,1.0,3100000,100000,75,75,4,1,483.41333333333336,143.07509388041265,1311.3733333333332,483.41333333333336,143.07509388041265,1311.3733333333332,-2.1076202392578127e-09,-0.0015969695377349854,567.431498828125,559.70458296875,2.049996628112793,0.0007059888213127852,nan,nan,0.01708000002145767,nan,0.36544346809387207,0.37522631883621216,80.99067044258118,75.86329746246338,0.0,156.85399985313416
32,32,ppo,clip,gae,ALE/BeamRider-v5,atari,0,1,1.0,3200000,100000,70,70,4,1,505.9428571428571,160.70379902294832,1404.8714285714286,505.9428571428571,160.70379902294832,1404.8714285714286,3.1328201293945314e-09,-0.0015910992765426637,621.0377273828125,604.635818984375,2.048914668884277,0.0007666860441863537,nan,nan,0.017700000012516974,nan,0.3474818468093872,0.364474892616272,80.9753053188324,75.61137390136719,0.0,156.5867121219635
33,33,ppo,clip,gae,ALE/BeamRider-v5,atari,0,1,1.0,3300000,100000,69,69,4,1,523.5942028985507,160.13638379727755,1420.0144927536232,523.5942028985507,160.13638379727755,1420.0144927536232,4.886388778686523e-09,-0.0016673579078912734,558.8747947265625,547.8229949804687,2.0499191813659667,0.0008419739153981209,nan,nan,0.019570000005364418,nan,0.3800503611564636,0.3919869065284729,81.0373466014862,75.8380856513977,0.0,156.8754734992981
34,34,ppo,clip,gae,ALE/BeamRider-v5,atari,0,1,1.0,3400000,100000,68,68,4,1,510.11764705882354,190.1695473712993,1439.3529411764705,510.11764705882354,190.1695473712993,1439.3529411764705,-1.0957717895507813e-08,-0.0016924352741241454,605.8890449609376,587.8059241992188,2.0510982232666017,0.0008685944353416562,nan,nan,0.026070000004768373,nan,0.29008013010025024,0.3110851049423218,80.1058452129364,75.8764910697937,0.0,155.98236870765686
35,35,ppo,clip,gae,ALE/BeamRider-v5,atari,0,1,1.0,3500000,100000,70,70,4,1,508.2857142857143,157.31652740865584,1378.3428571428572,508.2857142857143,157.31652740865584,1378.3428571428572,8.414983749389648e-09,-0.002005044745206833,635.6983523242187,606.0289721679687,2.044225120010376,0.0010585087861306965,nan,nan,0.05108000001788139,nan,0.35686272382736206,0.3768107295036316,81.14997506141663,75.87060832977295,0.0,157.02061438560486
36,36,ppo,clip,gae,ALE/BeamRider-v5,atari,0,1,1.0,3600000,100000,70,70,4,1,510.0571428571429,162.81908327205082,1374.0857142857142,510.0571428571429,162.81908327205082,1374.0857142857142,-2.338886260986328e-09,-0.0018982368755340576,594.9278682714844,585.3817901757812,2.026259698448181,0.0009920572346076369,nan,nan,0.042840000035762785,nan,0.33551710844039917,0.34817177057266235,80.56744861602783,75.93537878990173,0.0,156.50285935401917
37,37,ppo,clip,gae,ALE/BeamRider-v5,atari,0,1,1.0,3700000,100000,66,66,4,1,559.2727272727273,164.25539476907235,1460.6666666666667,559.2727272727273,164.25539476907235,1460.6666666666667,7.635354995727539e-10,-0.0017036036896705628,629.2142470800782,591.5488130371094,2.030094547958374,0.0010615102652087808,nan,nan,0.045510000020265576,nan,0.39227837324142456,0.41130495071411133,80.9825963973999,75.9461088180542,0.0,156.92873644828796
38,38,ppo,clip,gae,ALE/BeamRider-v5,atari,0,1,1.0,3800000,100000,64,64,4,1,562.875,190.46189743620639,1513.34375,562.875,190.46189743620639,1513.34375,5.319118499755859e-09,-0.0015981653833389282,629.703327890625,610.0938610742187,2.028748059082031,0.0006525277453288436,nan,nan,0.019820000002086162,nan,0.3446506857872009,0.3589271903038025,80.9183599948883,75.70282435417175,0.0,156.62122774124146
39,39,ppo,clip,gae,ALE/BeamRider-v5,atari,0,1,1.0,3900000,100000,67,67,4,1,536.3582089552239,145.4220519002593,1443.7761194029852,536.3582089552239,145.4220519002593,1443.7761194029852,9.707361459732055e-10,-0.0018100173772126436,583.988895078125,573.7491286328125,2.02242707862854,0.0009198760105296969,nan,nan,0.04336000007152557,nan,0.399167001247406,0.40984177589416504,81.28607177734375,76.19105005264282,0.0,157.4771547317505
40,40,ppo,clip,gae,ALE/BeamRider-v5,atari,0,1,1.0,4000000,100000,68,68,4,1,542.4705882352941,160.98816823424846,1415.0,542.4705882352941,160.98816823424846,1415.0,3.757476806640625e-09,-0.0018539817452430725,628.2255184570313,616.602965390625,2.0256726662826536,0.0006645522308535874,nan,nan,0.023160000022649764,nan,0.37777024507522583,0.3867250680923462,81.06151938438416,75.82132649421692,0.0,156.88288187980652
41,41,ppo,clip,gae,ALE/BeamRider-v5,atari,0,1,1.0,4100000,100000,69,69,4,1,537.9130434782609,159.25858465523737,1419.0144927536232,537.9130434782609,159.25858465523737,1419.0144927536232,-1.018047332763672e-09,-0.0015146603512763976,587.4106456054687,576.3981800878906,2.029701021118164,0.0010365468638390302,nan,nan,0.055139999992847445,nan,0.40128618478775024,0.4129105806350708,81.51627087593079,75.9501039981842,0.0,157.46640539169312
42,42,ppo,clip,gae,ALE/BeamRider-v5,atari,0,1,1.0,4200000,100000,73,73,4,1,503.28767123287673,158.33149544781426,1345.876712328767,503.28767123287673,158.33149544781426,1345.876712328767,3.222227096557617e-09,-0.002037637629508972,619.8857208691406,605.2040378466797,2.032343888549805,0.0008778100090846419,nan,nan,0.03881999999403953,nan,0.36290645599365234,0.3724680542945862,80.4869601726532,75.60852122306824,0.0,156.0955138206482
43,43,ppo,clip,gae,ALE/BeamRider-v5,atari,0,1,1.0,4300000,100000,73,73,4,1,505.4246575342466,133.09610471623932,1347.5068493150684,505.4246575342466,133.09610471623932,1347.5068493150684,-1.1081695556640625e-08,-0.0015828028202056884,625.144225703125,609.7389436914062,2.0219613134002685,0.0006580623187310994,nan,nan,0.025530000021457673,nan,0.3932698965072632,0.41135597229003906,80.76668667793274,75.94560718536377,0.0,156.71233296394348
44,44,ppo,clip,gae,ALE/BeamRider-v5,atari,0,1,1.0,4400000,100000,68,68,4,1,540.5882352941177,157.8417147664559,1445.2941176470588,540.5882352941177,157.8417147664559,1445.2941176470588,-3.998279571533203e-09,-0.0018269031935930252,614.0839719335937,584.5318318945313,2.0191724769592283,0.0008352641605399549,nan,nan,0.03404000000655651,nan,0.3581281900405884,0.3825266361236572,80.77493238449097,76.2435359954834,0.0,157.01850938796997
45,45,ppo,clip,gae,ALE/BeamRider-v5,atari,0,1,1.0,4500000,100000,64,64,4,1,559.5625,192.28249684708695,1504.40625,559.5625,192.28249684708695,1504.40625,3.0088424682617186e-09,-0.0018559844255447387,666.1955278222656,640.7330076855469,2.008373886642456,0.000769237193390727,nan,nan,0.03500000004291534,nan,0.4026126265525818,0.42431390285491943,80.75046586990356,76.21732449531555,0.0,156.96782112121582
46,46,ppo,clip,gae,ALE/BeamRider-v5,atari,0,1,1.0,4600000,100000,70,70,4,1,543.7714285714286,176.48360275338987,1397.6285714285714,543.7714285714286,176.48360275338987,1397.6285714285714,-3.0601024627685545e-09,-0.0018459714007377625,632.1191863867188,612.8652142578125,2.011959580078125,0.000713648116979748,nan,nan,0.023829999997019766,nan,0.38656336069107056,0.4055488705635071,81.32734775543213,75.80838370323181,0.0,157.13576221466064
47,47,ppo,clip,gae,ALE/BeamRider-v5,atari,0,1,1.0,4700000,100000,70,70,4,1,526.2857142857143,148.80794361065762,1381.0428571428572,526.2857142857143,148.80794361065762,1381.0428571428572,3.62396240234375e-09,-0.0016321551895141602,628.0478154980469,617.7129087207031,2.018193669052124,0.0006601362853124738,nan,nan,0.02394999999701977,nan,0.3933071494102478,0.40363436937332153,81.36942148208618,76.02388334274292,0.0,157.39333701133728
48,48,ppo,clip,gae,ALE/BeamRider-v5,atari,0,1,1.0,4800000,100000,65,65,4,1,546.0307692307692,164.66599940773062,1435.7692307692307,546.0307692307692,164.66599940773062,1435.7692307692307,-5.221366882324219e-10,-0.001723393428325653,649.00633390625,637.0687096679687,2.01698610118866,0.0009535179682075977,nan,nan,0.04470000000715256,nan,0.34981095790863037,0.36211228370666504,80.84604573249817,75.8758978843689,0.0,156.72197604179382
49,49,ppo,clip,gae,ALE/BeamRider-v5,atari,0,1,1.0,4900000,100000,69,69,4,1,551.1884057971015,171.09174379002246,1411.0869565217392,551.1884057971015,171.09174379002246,1411.0869565217392,-2.2768974304199217e-09,-0.0014277424001693725,624.0223811132812,607.7385566796875,2.020731418914795,0.000653080880921334,nan,nan,0.025780000023841856,nan,0.3961426615715027,0.4138392210006714,81.59720134735107,75.96803498268127,0.0,157.5652735233307
50,50,ppo,clip,gae,ALE/BeamRider-v5,atari,0,1,1.0,5000000,100000,67,67,4,1,556.3582089552239,170.49985350302606,1453.313432835821,556.3582089552239,170.49985350302606,1453.313432835821,-4.863739013671875e-09,-0.0018019756889343262,626.884113671875,613.3204494335937,2.01039077003479,0.0007807151416130364,nan,nan,0.03413000002026558,nan,0.40209251642227173,0.4117943048477173,81.12920761108398,75.88297748565674,0.002996206283569336,157.01523160934448
51,51,ppo,clip,gae,ALE/BeamRider-v5,atari,0,1,1.0,5100000,100000,66,66,4,1,560.060606060606,157.2082077034455,1458.3484848484848,560.060606060606,157.2082077034455,1458.3484848484848,-1.1730194091796875e-09,-0.00185976393699646,639.3735825,627.849018125,2.0017670756530763,0.000829691318962723,nan,nan,0.035749999997615814,nan,0.3851264715194702,0.39613014459609985,81.53235006332397,76.0064926147461,0.0,157.53887295722961
52,52,ppo,clip,gae,ALE/BeamRider-v5,atari,0,1,1.0,5200000,100000,65,65,4,1,581.1076923076923,174.17163268780624,1491.8,581.1076923076923,174.17163268780624,1491.8,1.1963844299316407e-08,-0.0016842740774154663,700.5942276953125,680.9892613085938,2.0101924842071535,0.0006168277572281658,nan,nan,0.017180000002086162,nan,0.3559648394584656,0.37540191411972046,80.64232563972473,75.79445242881775,0.0,156.43681073188782
53,53,ppo,clip,gae,ALE/BeamRider-v5,atari,0,1,1.0,5300000,100000,71,71,4,1,527.0985915492957,164.88759764509638,1362.8732394366198,527.0985915492957,164.88759764509638,1362.8732394366198,-9.24527645111084e-09,-0.001626140923500061,642.2614765234375,623.4214266015625,2.0100835266876222,0.0005631706330180168,nan,nan,0.017740000014901162,nan,0.40149950981140137,0.4234645962715149,81.2425479888916,75.16546654701233,0.0,156.40804600715637
54,54,ppo,clip,gae,ALE/BeamRider-v5,atari,0,1,1.0,5400000,100000,67,67,4,1,549.9104477611941,179.64257476156283,1469.2238805970148,549.9104477611941,179.64257476156283,1469.2238805970148,1.506805419921875e-09,-0.001691805944442749,658.0991301953125,619.794433671875,2.0105671969604493,0.000606398865841329,nan,nan,0.019780000003874303,nan,0.36930155754089355,0.4036228060722351,81.07583117485046,75.7479567527771,0.0,156.82381677627563
55,55,ppo,clip,gae,ALE/BeamRider-v5,atari,0,1,1.0,5500000,100000,68,68,4,1,546.4705882352941,160.7073034128885,1457.3382352941176,546.4705882352941,160.7073034128885,1457.3382352941176,3.071092069149017e-09,-0.0016553744505858048,586.8729694140625,572.2861763476562,1.991715697784424,0.001133706139959395,nan,nan,0.07611000001430511,nan,0.3717424273490906,0.3861479163169861,80.71717643737793,75.93797469139099,0.0,156.65518379211426
56,56,ppo,clip,gae,ALE/BeamRider-v5,atari,0,1,1.0,5600000,100000,65,65,4,1,583.2,172.7934471692008,1491.0615384615385,583.2,172.7934471692008,1491.0615384615385,1.1672377586364746e-08,-0.0018232336223125457,650.2319792773437,628.00152625,1.991143451728821,0.000548733551679179,nan,nan,0.019180000002384186,nan,0.38155341148376465,0.39645546674728394,80.47333717346191,75.87839698791504,0.0,156.35176515579224
57,57,ppo,clip,gae,ALE/BeamRider-v5,atari,0,1,1.0,5700000,100000,70,70,4,1,549.5428571428571,170.83364386897279,1395.7571428571428,549.5428571428571,170.83364386897279,1395.7571428571428,4.038810729980469e-09,-0.0018785943138599395,645.9487685742188,619.9641563085937,1.9894572026062012,0.00074003691945225,nan,nan,0.03686000003695488,nan,0.4095277190208435,0.4337198734283447,80.73519372940063,75.92669749259949,0.0,156.66192436218262
58,58,ppo,clip,gae,ALE/BeamRider-v5,atari,0,1,1.0,5800000,100000,67,67,4,1,556.5373134328358,173.2897089690366,1455.358208955224,556.5373134328358,173.2897089690366,1455.358208955224,5.253255367279053e-09,-0.0018910206277668476,565.0191709375,547.1615317382813,1.9755427992630006,0.0007434388229623437,nan,nan,0.034240000010728834,nan,0.43429654836654663,0.4534338712692261,79.88033413887024,75.90117955207825,0.0,155.78154873847961
59,59,ppo,clip,gae,ALE/BeamRider-v5,atari,0,1,1.0,5900000,100000,66,66,4,1,544.8484848484849,163.18424634528932,1447.4242424242425,544.8484848484849,163.18424634528932,1447.4242424242425,3.5881996154785154e-09,-0.0017677736413478852,629.6487378417969,581.8508939746093,1.9717327426147462,0.0006790488402917981,nan,nan,0.03463999999880791,nan,0.3249017000198364,0.3685306906700134,81.67461347579956,76.25913071632385,0.0,157.93377876281738
60,60,ppo,clip,gae,ALE/BeamRider-v5,atari,0,1,1.0,6000000,100000,67,67,4,1,536.8955223880597,161.52529808128972,1449.7761194029852,536.8955223880597,161.52529808128972,1449.7761194029852,6.351470947265625e-09,-0.0017473405408859252,597.57095875,568.2610688085938,1.9722159819030762,0.0007125191908329726,nan,nan,0.03452000000834465,nan,0.40883880853652954,0.4376150369644165,80.65906739234924,75.97096538543701,0.0,156.6300666332245
61,61,ppo,clip,gae,ALE/BeamRider-v5,atari,0,1,1.0,6100000,100000,65,65,4,1,584.5538461538462,176.55698846977083,1491.676923076923,584.5538461538462,176.55698846977083,1491.676923076923,3.0660629272460937e-09,-0.0019090451371669768,586.5136844433594,563.9823407910156,1.9721958911895752,0.000744028017707169,nan,nan,0.04192000002026558,nan,0.40217792987823486,0.41761791706085205,81.37036347389221,75.79315900802612,0.0,157.1635546684265
62,62,ppo,clip,gae,ALE/BeamRider-v5,atari,0,1,1.0,6200000,100000,67,67,4,1,573.5522388059702,181.763113311418,1457.9701492537313,573.5522388059702,181.763113311418,1457.9701492537313,-2.4318695068359377e-10,-0.0018550405660271644,603.7948653027344,590.3642663183593,1.9740155209732055,0.0008349991570971906,nan,nan,0.044400000035762784,nan,0.4090513586997986,0.42070573568344116,80.7680013179779,75.87977051734924,0.0,156.64781856536865
63,63,ppo,clip,gae,ALE/BeamRider-v5,atari,0,1,1.0,6300000,100000,64,64,4,1,590.6875,206.47040306966517,1509.890625,590.6875,206.47040306966517,1509.890625,-1.6736984252929688e-09,-0.00177298020362854,656.8743291992188,644.9330671484375,1.9693369047927856,0.0007219756148010492,nan,nan,0.04036000000238418,nan,0.3722308874130249,0.383367657661438,80.64945340156555,75.5287606716156,0.0,156.17824482917786
64,64,ppo,clip,gae,ALE/BeamRider-v5,atari,0,1,1.0,6400000,100000,68,68,4,1,546.2352941176471,168.8178724200815,1425.6176470588234,546.2352941176471,168.8178724200815,1425.6176470588234,-5.021095275878906e-09,-0.0018411046314239501,587.8223009765625,573.4691203710937,1.963008669166565,0.0008176043835841119,nan,nan,0.05043000003099442,nan,0.41495490074157715,0.4296077489852905,80.47655534744263,75.57128119468689,0.0,156.047869682312
65,65,ppo,clip,gae,ALE/BeamRider-v5,atari,0,1,1.0,6500000,100000,65,65,4,1,564.7384615384616,150.35857417654097,1476.246153846154,564.7384615384616,150.35857417654097,1476.246153846154,-7.0524215698242184e-09,-0.001963859360218048,648.0290211328125,625.7158615136718,1.9643105952072144,0.0006884258398972452,nan,nan,0.03197999998807907,nan,0.3860117793083191,0.40534377098083496,80.41012382507324,75.4672200679779,0.0,155.87737584114075
66,66,ppo,clip,gae,ALE/BeamRider-v5,atari,0,1,1.0,6600000,100000,65,65,4,1,565.2923076923076,178.35916427055253,1474.0153846153846,565.2923076923076,178.35916427055253,1474.0153846153846,1.4942884445190429e-09,-0.0017491448712348937,594.6790504882813,563.2574339746094,1.9575619461822509,0.0006802176606655121,nan,nan,0.03240000000119209,nan,0.4052865505218506,0.43493974208831787,80.96630620956421,75.83759140968323,0.0,156.80392837524414
67,67,ppo,clip,gae,ALE/BeamRider-v5,atari,0,1,1.0,6700000,100000,62,62,4,1,617.8709677419355,171.47363983168955,1552.9032258064517,617.8709677419355,171.47363983168955,1552.9032258064517,4.434585571289062e-09,-0.0018462582862377166,603.8205088671875,586.47132390625,1.947180887336731,0.000663076564129442,nan,nan,0.03217000002503395,nan,0.445162296295166,0.45830237865448,81.33930826187134,75.9827446937561,0.0,157.32208609580994
68,68,ppo,clip,gae,ALE/BeamRider-v5,atari,0,1,1.0,6800000,100000,67,67,4,1,557.7313432835821,174.7379771526202,1452.6268656716418,557.7313432835821,174.7379771526202,1452.6268656716418,-1.7261505126953125e-09,-0.0016688866662979125,635.7909722851563,612.4571833984375,1.9592248776245118,0.0007216575015522539,nan,nan,0.0470200000166893,nan,0.42705196142196655,0.4443037509918213,81.18115043640137,76.13877940177917,0.0,157.3199610710144
69,69,ppo,clip,gae,ALE/BeamRider-v5,atari,0,1,1.0,6900000,100000,64,64,4,1,589.9375,170.42152473719392,1489.1875,589.9375,170.42152473719392,1489.1875,5.061626434326172e-09,-0.0017633675289154052,675.502640625,661.2847489648437,1.9592228915023804,0.0005313464121520519,nan,nan,0.022920000017881394,nan,0.390347957611084,0.4026916027069092,81.35951280593872,76.28453946113586,0.0,157.64408946037292
70,70,ppo,clip,gae,ALE/BeamRider-v5,atari,0,1,1.0,7000000,100000,63,63,4,1,607.6825396825396,196.72532017993825,1524.3333333333333,607.6825396825396,196.72532017993825,1524.3333333333333,-1.9049644470214845e-09,-0.0015646552443504334,623.6404965039062,585.4626063574219,1.95495064743042,0.0005240733224712313,nan,nan,0.025810000005960464,nan,0.388089120388031,0.4263434410095215,81.33597135543823,75.8248062133789,0.0,157.16080784797668
71,71,ppo,clip,gae,ALE/BeamRider-v5,atari,0,1,1.0,7100000,100000,67,67,4,1,583.3432835820895,186.22867921550755,1481.2985074626865,583.3432835820895,186.22867921550755,1481.2985074626865,8.1634521484375e-09,-0.0017681822395324708,638.1284109765625,618.6886926367188,1.9554179391479491,0.0006757626966014505,nan,nan,0.03787000001370907,nan,0.38959062099456787,0.4083132743835449,81.9375319480896,76.45638847351074,0.0,158.3939528465271
72,72,ppo,clip,gae,ALE/BeamRider-v5,atari,0,1,1.0,7200000,100000,65,65,4,1,565.5384615384615,185.2820782501914,1454.0461538461539,565.5384615384615,185.2820782501914,1454.0461538461539,3.5101175308227538e-09,-0.0018775783795118332,649.0136458007812,629.0189558398438,1.9560341413497926,0.0007260210597515106,nan,nan,0.04747000004053116,nan,0.357077956199646,0.37717193365097046,80.86099553108215,75.88558530807495,0.0,156.74661302566528
73,73,ppo,clip,gae,ALE/BeamRider-v5,atari,0,1,1.0,7300000,100000,64,64,4,1,605.75,165.12552043824115,1520.15625,605.75,165.12552043824115,1520.15625,3.5619735717773438e-09,-0.001716888165473938,580.5095126757813,564.4743352734375,1.9581960694885254,0.0007065048241242767,nan,nan,0.04358999998688698,nan,0.4169886112213135,0.4283297061920166,81.39234471321106,75.9870867729187,0.0,157.37946438789368
74,74,ppo,clip,gae,ALE/BeamRider-v5,atari,0,1,1.0,7400000,100000,63,63,4,1,604.2539682539683,166.69313773155946,1536.079365079365,604.2539682539683,166.69313773155946,1536.079365079365,-2.150535583496094e-09,-0.0018445102977752686,617.5405764257813,601.0313780761719,1.959044853553772,0.0007129305986687541,nan,nan,0.04641000001549721,nan,0.4020461440086365,0.4178197383880615,80.34635972976685,75.79070734977722,0.0,156.1371033191681
75,75,ppo,clip,gae,ALE/BeamRider-v5,atari,0,1,1.0,7500000,100000,62,62,4,1,591.2258064516129,167.14349826256003,1537.758064516129,591.2258064516129,167.14349826256003,1537.758064516129,-6.340146064758301e-09,-0.0016995934009552001,586.395298046875,574.2817875390625,1.9492710410308838,0.0006364983480982482,nan,nan,0.03847000004529953,nan,0.43976902961730957,0.45177412033081055,81.20821261405945,75.97063493728638,0.002881765365600586,157.18176221847534
76,76,ppo,clip,gae,ALE/BeamRider-v5,atari,0,1,1.0,7600000,100000,66,66,4,1,586.1212121212121,174.63550917610493,1452.8030303030303,586.1212121212121,174.63550917610493,1452.8030303030303,-7.047653198242187e-09,-0.001446795220375061,632.4529436523437,618.236611953125,1.9616654101943969,0.0007742498158104718,nan,nan,0.05655000002026558,nan,0.4109340310096741,0.4219682216644287,81.01240086555481,75.81692385673523,0.0,156.8293581008911
77,77,ppo,clip,gae,ALE/BeamRider-v5,atari,0,1,1.0,7700000,100000,68,68,4,1,561.7058823529412,158.06672630695533,1431.0294117647059,561.7058823529412,158.06672630695533,1431.0294117647059,-3.5572052001953123e-09,-0.001659757308959961,654.2947061328125,638.325381875,1.9610816956329347,0.0005982044964656234,nan,nan,0.03787000002384186,nan,0.42422574758529663,0.4388691782951355,81.07599902153015,75.9243004322052,0.0,157.00032925605774
78,78,ppo,clip,gae,ALE/BeamRider-v5,atari,0,1,1.0,7800000,100000,68,68,4,1,572.1764705882352,203.9566664742978,1437.3676470588234,572.1764705882352,203.9566664742978,1437.3676470588234,-5.006790161132813e-11,-0.0018135836815834046,665.5614840820313,646.1422936132813,1.954404097480774,0.000619238450191915,nan,nan,0.0362500000333786,nan,0.430622398853302,0.44404202699661255,80.69399356842041,75.72753405570984,0.0,156.42155957221985
79,79,ppo,clip,gae,ALE/BeamRider-v5,atari,0,1,1.0,7900000,100000,62,62,4,1,628.4516129032259,202.40757966007632,1563.016129032258,628.4516129032259,202.40757966007632,1563.016129032258,-4.220008850097656e-09,-0.0015142899465560914,651.7470651171875,639.9195671679687,1.952023728981018,0.0007228796694986522,nan,nan,0.04634000002264976,nan,0.4084209203720093,0.4190163016319275,81.30171704292297,76.42200207710266,0.0,157.72375059127808
80,80,ppo,clip,gae,ALE/BeamRider-v5,atari,0,1,1.0,8000000,100000,64,64,4,1,591.875,162.99535077725378,1513.21875,591.875,162.99535077725378,1513.21875,-2.727508544921875e-09,-0.0016027167487144471,583.7948853125,570.2880177734374,1.9541190427017212,0.0007630197738297284,nan,nan,0.053020000039339064,nan,0.44657230377197266,0.4588547348976135,81.07560610771179,75.83727073669434,0.0,156.91290998458862
81,81,ppo,clip,gae,ALE/BeamRider-v5,atari,0,1,1.0,8100000,100000,64,64,4,1,599.625,162.29559259265176,1526.390625,599.625,162.29559259265176,1526.390625,-7.635354995727539e-10,-0.0017812692058086395,554.8046598046875,538.6745643164063,1.9506369887924195,0.0006219272646866739,nan,nan,0.039870000023841855,nan,0.4437068700790405,0.4609352946281433,81.48746514320374,76.10431909561157,0.0,157.5918164253235
82,82,ppo,clip,gae,ALE/BeamRider-v5,atari,0,1,1.0,8200000,100000,63,63,4,1,635.5555555555555,152.31064515609526,1553.1587301587301,635.5555555555555,152.31064515609526,1553.1587301587301,1.0192394256591798e-08,-0.0017583964991569518,628.9678709570312,607.90811375,1.9374257551193237,0.0005612437379267067,nan,nan,0.03054000000536442,nan,0.43949413299560547,0.4506206512451172,81.12680387496948,75.94358038902283,0.0,157.0704174041748
83,83,ppo,clip,gae,ALE/BeamRider-v5,atari,0,1,1.0,8300000,100000,64,64,4,1,612.75,189.92613695855556,1521.6875,612.75,189.92613695855556,1521.6875,3.0791759490966795e-09,-0.0014976571166515351,631.7646115039063,619.218108046875,1.9542298348236085,0.00092812619516626,nan,nan,0.08810000004291535,nan,0.4621724486351013,0.47728610038757324,81.08693885803223,75.88757944107056,0.0,156.97454929351807
84,84,ppo,clip,gae,ALE/BeamRider-v5,atari,0,1,1.0,8400000,100000,59,59,4,1,659.8644067796611,212.56141346875384,1665.7457627118645,659.8644067796611,212.56141346875384,1665.7457627118645,8.9263916015625e-09,-0.0015542858237028122,618.3793317675782,595.858013828125,1.9417370080184937,0.0007871464028768241,nan,nan,0.06384000001907349,nan,0.4180867075920105,0.43805521726608276,81.23895716667175,75.96072602272034,0.0,157.19971346855164
85,85,ppo,clip,gae,ALE/BeamRider-v5,atari,0,1,1.0,8500000,100000,62,62,4,1,629.6774193548387,216.9614782363486,1576.0,629.6774193548387,216.9614782363486,1576.0,-9.307265281677247e-09,-0.001592833069562912,645.2876288476563,623.5026937890625,1.9437035878753661,0.0006603582677058875,nan,nan,0.04763000002264976,nan,0.4078359007835388,0.42303580045700073,80.35196304321289,76.23550152778625,0.0,156.58751344680786
86,86,ppo,clip,gae,ALE/BeamRider-v5,atari,0,1,1.0,8600000,100000,64,64,4,1,595.6875,201.05012395855417,1502.96875,595.6875,201.05012395855417,1502.96875,-1.5211105346679688e-09,-0.0017859086537361144,658.48268765625,644.6306181152344,1.9452704063415527,0.0004585391349624842,nan,nan,0.021740000002086163,nan,0.4262673854827881,0.4400748014450073,80.92478013038635,76.01377463340759,0.0,156.93858671188354
87,87,ppo,clip,gae,ALE/BeamRider-v5,atari,0,1,1.0,8700000,100000,61,61,4,1,633.7704918032787,186.7260984720074,1600.0983606557377,633.7704918032787,186.7260984720074,1600.0983606557377,-5.759000778198242e-09,-0.0014875080132484436,557.2750940625,538.8830087109375,1.9391206420898437,0.0008014056226983667,nan,nan,0.07733000001311302,nan,0.4873812794685364,0.4982566833496094,80.65824961662292,75.72499871253967,0.0,156.38327741622925
88,88,ppo,clip,gae,ALE/BeamRider-v5,atari,0,1,1.0,8800000,100000,62,62,4,1,611.0322580645161,173.46069255783306,1545.758064516129,611.0322580645161,173.46069255783306,1545.758064516129,-4.949569702148438e-09,-0.00162617844581604,573.6908534375,553.6907939648438,1.9328706599426269,0.0005374044453259557,nan,nan,0.03577999999582768,nan,0.462577760219574,0.4808441400527954,81.33491635322571,75.95932507514954,0.0,157.29427909851074
89,89,ppo,clip,gae,ALE/BeamRider-v5,atari,0,1,1.0,8900000,100000,66,66,4,1,572.5454545454545,167.63435876011397,1461.8636363636363,572.5454545454545,167.63435876011397,1461.8636363636363,7.781982421875e-09,-0.001635804190635681,602.1342279296875,581.4486328125,1.9434529733657837,0.0005901084326021374,nan,nan,0.04466999999523163,nan,0.4418615698814392,0.4601648449897766,80.51305079460144,76.01351404190063,0.0,156.526597738266
90,90,ppo,clip,gae,ALE/BeamRider-v5,atari,0,1,1.0,9000000,100000,64,64,4,1,611.0,222.7655718462797,1515.21875,611.0,222.7655718462797,1515.21875,2.40325927734375e-09,-0.0015983608913421631,618.4419908984376,586.4521240234375,1.9483284483337402,0.00045335621133446694,nan,nan,0.0239800000038743,nan,0.44427490234375,0.4717024564743042,80.07546305656433,75.7501928806305,0.0,155.82569074630737
91,91,ppo,clip,gae,ALE/BeamRider-v5,atari,0,1,1.0,9100000,100000,65,65,4,1,584.4923076923077,183.78784785113373,1467.8,584.4923076923077,183.78784785113373,1467.8,-6.414651870727539e-09,-0.0018486371898651123,582.5679194140625,563.6257685742188,1.939541385269165,0.000483276537489146,nan,nan,0.0317400000333786,nan,0.4746316075325012,0.4937642812728882,81.06562113761902,75.89050269126892,0.0,156.95615434646606
92,92,ppo,clip,gae,ALE/BeamRider-v5,atari,0,1,1.0,9200000,100000,62,62,4,1,655.9354838709677,199.7049332234888,1580.741935483871,655.9354838709677,199.7049332234888,1580.741935483871,5.8269500732421875e-09,-0.001332671308517456,654.8204909570312,633.1025978710937,1.9539567809677123,0.0005477166526764632,nan,nan,0.043390000021457674,nan,0.4171205759048462,0.43364667892456055,80.83608627319336,75.63216137886047,0.0,156.46827864646912
93,93,ppo,clip,gae,ALE/BeamRider-v5,atari,0,1,1.0,9300000,100000,68,68,4,1,597.1176470588235,186.81081413241745,1426.1029411764705,597.1176470588235,186.81081413241745,1426.1029411764705,6.14166259765625e-09,-0.0017241104412078858,648.9635260546875,628.0835934375,1.9463468423080443,0.0006099812124669552,nan,nan,0.05548999999046326,nan,0.46267038583755493,0.4807437062263489,80.90106201171875,75.70710444450378,0.0,156.60819840431213
94,94,ppo,clip,gae,ALE/BeamRider-v5,atari,0,1,1.0,9400000,100000,63,63,4,1,613.6507936507936,186.67025155827707,1532.047619047619,613.6507936507936,186.67025155827707,1532.047619047619,3.0761957168579103e-09,-0.0016096569645404817,708.42071359375,681.204506875,1.9417326528167724,0.00042516461736522617,nan,nan,0.025030000033378602,nan,0.3904950022697449,0.4129870533943176,80.92784214019775,75.87233710289001,0.0,156.80021047592163
95,95,ppo,clip,gae,ALE/BeamRider-v5,atari,0,1,1.0,9500000,100000,66,66,4,1,616.969696969697,170.31174354934328,1461.1060606060605,616.969696969697,170.31174354934328,1461.1060606060605,2.8598308563232423e-09,-0.0015069681525230409,659.9716301171875,638.4437402734375,1.9444983020782471,0.0004528819488640875,nan,nan,0.029830000042915344,nan,0.4549206495285034,0.46906429529190063,80.53391647338867,75.95132112503052,0.0,156.4852705001831
96,96,ppo,clip,gae,ALE/BeamRider-v5,atari,0,1,1.0,9600000,100000,64,64,4,1,629.625,172.922986832289,1499.84375,629.625,172.922986832289,1499.84375,6.127357482910156e-10,-0.0012693398308753967,720.492090234375,708.5787851464844,1.9420213722229005,0.0007473566821031273,nan,nan,0.07614999998569488,nan,0.4126949906349182,0.42425602674484253,80.32600474357605,76.48495745658875,0.0,156.81100702285767
97,97,ppo,clip,gae,ALE/BeamRider-v5,atari,0,1,1.0,9700000,100000,63,63,4,1,652.8888888888889,225.10210107479946,1556.4126984126983,652.8888888888889,225.10210107479946,1556.4126984126983,6.367266178131104e-09,-0.0016269694411754608,671.0925718164062,657.6362424511718,1.9406140245437622,0.0004848673390503973,nan,nan,0.03350999999642372,nan,0.4255135655403137,0.4359090328216553,80.92794990539551,75.99428606033325,0.0,156.92226815223694
98,98,ppo,clip,gae,ALE/BeamRider-v5,atari,0,1,1.0,9800000,100000,62,62,4,1,652.7741935483871,207.60239753687648,1543.532258064516,652.7741935483871,207.60239753687648,1543.532258064516,-2.55584716796875e-09,-0.0017582575178146363,625.133316484375,614.7993011230469,1.942535403251648,0.0005776166837289929,nan,nan,0.04337000001192093,nan,0.44507914781570435,0.4549201726913452,80.54169797897339,76.0317211151123,0.0,156.57344961166382
99,99,ppo,clip,gae,ALE/BeamRider-v5,atari,0,1,1.0,9900000,100000,63,63,4,1,635.8730158730159,214.15196296114323,1510.015873015873,635.8730158730159,214.15196296114323,1510.015873015873,-6.580352783203125e-10,-0.0017251611375808716,670.2327225,655.1585880859375,1.9402149546813965,0.00047685794746503234,nan,nan,0.03601,nan,0.42348212003707886,0.43646734952926636,80.44025683403015,75.83492302894592,0.0,156.27521109580994
100,100,ppo,clip,gae,ALE/BeamRider-v5,atari,0,1,1.0,10000000,100000,64,64,4,1,628.3125,199.57868709797145,1518.859375,628.3125,199.57868709797145,1518.859375,-9.306669235229492e-09,-0.0016271963053941726,635.104745390625,624.8070125976562,1.9443196743392945,0.00041100120323710144,nan,nan,0.03221999999165535,nan,0.46587085723876953,0.47648823261260986,80.9102725982666,75.67483282089233,0.002853870391845703,156.58798956871033
101,101,ppo,clip,gae,ALE/BeamRider-v5,atari,0,1,1.0,10100000,100000,62,62,4,1,629.0322580645161,198.105785340115,1543.8387096774193,629.0322580645161,198.105785340115,1543.8387096774193,-8.58306884765625e-11,-0.0016984867334365844,683.3730839257812,634.4363263085937,1.9429964491653442,0.0003490433882363141,nan,nan,0.01924000000476837,nan,0.375590443611145,0.41159921884536743,80.81751656532288,75.71389079093933,0.0,156.5314552783966
102,102,ppo,clip,gae,ALE/BeamRider-v5,atari,0,1,1.0,10200000,100000,61,61,4,1,654.0983606557377,188.03363013803227,1569.8032786885246,654.0983606557377,188.03363013803227,1569.8032786885246,-3.6907196044921877e-09,-0.0009619941234588623,630.170940703125,606.1979819140626,1.9361371753311156,0.0009435648993588984,nan,nan,0.1306299999809265,nan,0.4461781978607178,0.46128928661346436,80.1772952079773,75.6472795009613,0.0,155.82460594177246
103,103,ppo,clip,gae,ALE/BeamRider-v5,atari,0,1,1.0,10300000,100000,68,68,4,1,609.1176470588235,172.4670070248531,1436.1176470588234,609.1176470588235,172.4670070248531,1436.1176470588234,4.003047943115234e-09,-0.0014824870920181275,611.1220912695312,590.1063015039063,1.9477086437606812,0.0005716101186908782,nan,nan,0.059050000003576276,nan,0.45429348945617676,0.47313153743743896,81.34440565109253,75.70963597297668,0.0,157.05407309532166
104,104,ppo,clip,gae,ALE/BeamRider-v5,atari,0,1,1.0,10400000,100000,65,65,4,1,618.4,233.08689696862314,1486.3076923076924,618.4,233.08689696862314,1486.3076923076924,-5.707740783691406e-09,-0.0016897056198120117,697.3899612109375,675.739288984375,1.9446095222091675,0.0005340206200443209,nan,nan,0.04098999998092651,nan,0.4150215983390808,0.4333510398864746,80.07222652435303,75.71631193161011,0.0,155.78857159614563
105,105,ppo,clip,gae,ALE/BeamRider-v5,atari,0,1,1.0,10500000,100000,59,59,4,1,661.8305084745763,165.53366727477635,1602.6949152542372,661.8305084745763,165.53366727477635,1602.6949152542372,2.7137994766235352e-09,-0.0018181255668401719,597.4587609375,578.8069539648437,1.9344470799636841,0.0004942814796883613,nan,nan,0.036740000014305114,nan,0.4824292063713074,0.49735742807388306,80.6675660610199,75.75183629989624,0.0,156.41943287849426
106,106,ppo,clip,gae,ALE/BeamRider-v5,atari,0,1,1.0,10600000,100000,64,64,4,1,672.8125,205.22692280436794,1516.890625,672.8125,205.22692280436794,1516.890625,-8.392333984375e-10,-0.0016166703796386718,689.6875319140624,665.7522921875,1.9359388588714599,0.0007209751294739545,nan,nan,0.08707999997615815,nan,0.47342973947525024,0.48604393005371094,81.22324085235596,75.82573628425598,0.0,157.04901027679443
107,107,ppo,clip,gae,ALE/BeamRider-v5,atari,0,1,1.0,10700000,100000,60,60,4,1,681.4666666666667,201.1526341418929,1599.8,681.4666666666667,201.1526341418929,1599.8,-3.5190582275390626e-09,-0.0010066834831237792,694.566520546875,678.4772022851563,1.918888296585083,0.0007779725660942495,nan,nan,0.09925000004529953,nan,0.4790562391281128,0.49108338356018066,80.94139337539673,76.30202651023865,0.0,157.24346256256104
108,108,ppo,clip,gae,ALE/BeamRider-v5,atari,0,1,1.0,10800000,100000,67,67,4,1,613.6119402985074,181.8683265872269,1445.7761194029852,613.6119402985074,181.8683265872269,1445.7761194029852,-5.636215209960938e-09,-0.0014928947949409484,744.4476551660156,711.6499003222656,1.921979257850647,0.0004757431124523282,nan,nan,0.04679000002264976,nan,0.42091506719589233,0.43499070405960083,81.50772738456726,75.9773166179657,0.0,157.4850776195526
109,109,ppo,clip,gae,ALE/BeamRider-v5,atari,0,1,1.0,10900000,100000,58,58,4,1,715.5862068965517,216.46398398226535,1661.6206896551723,715.5862068965517,216.46398398226535,1661.6206896551723,-2.3162364959716796e-09,-0.0015022830200195313,646.40281859375,613.2116223632812,1.9203774639129638,0.0004450665904674679,nan,nan,0.04135999999940396,nan,0.46798068284988403,0.4868197441101074,80.73302888870239,76.4541985988617,0.0,157.18725848197937
110,110,ppo,clip,gae,ALE/BeamRider-v5,atari,0,1,1.0,11000000,100000,64,64,4,1,652.625,198.90728839084807,1485.59375,652.625,198.90728839084807,1485.59375,-9.778738021850587e-09,-0.0014429906833171844,742.9089111621093,710.5268857910156,1.928178682861328,0.0004785891150962561,nan,nan,0.04627000002622604,nan,0.453502357006073,0.4770641326904297,80.50879144668579,75.80907917022705,0.0,156.31790232658386
111,111,ppo,clip,gae,ALE/BeamRider-v5,atari,0,1,1.0,11100000,100000,66,66,4,1,653.5151515151515,236.7996367232217,1492.439393939394,653.5151515151515,236.7996367232217,1492.439393939394,-8.31127166748047e-09,-0.0015871529269218445,724.9799320703125,686.288400234375,1.927718619117737,0.0004305806602258235,nan,nan,0.03498999999761582,nan,0.42362725734710693,0.4535120725631714,80.10272789001465,76.07159090042114,0.0,156.1743505001068
112,112,ppo,clip,gae,ALE/BeamRider-v5,atari,0,1,1.0,11200000,100000,62,62,4,1,673.0322580645161,193.01336805967574,1542.967741935484,673.0322580645161,193.01336805967574,1542.967741935484,-8.478164672851563e-09,-0.0016589931106567382,615.3680516210937,598.2278325,1.9196689379882812,0.0004731273823790252,nan,nan,0.04552999998927117,nan,0.4843209385871887,0.4987320899963379,80.42527461051941,76.64749026298523,0.0,157.0727982521057
113,113,ppo,clip,gae,ALE/BeamRider-v5,atari,0,1,1.0,11300000,100000,55,55,4,1,770.0363636363636,191.18748186829728,1713.0181818181818,770.0363636363636,191.18748186829728,1713.0181818181818,1.6355514526367187e-09,-0.0013589615154266357,661.7582687109375,639.410291640625,1.9187215754699707,0.000501092972997576,nan,nan,0.0548400000333786,nan,0.4527841806411743,0.46870744228363037,80.8423125743866,75.93086409568787,0.0,156.77320909500122
114,114,ppo,clip,gae,ALE/BeamRider-v5,atari,0,1,1.0,11400000,100000,57,57,4,1,718.4561403508771,234.95248270440294,1668.1754385964912,718.4561403508771,234.95248270440294,1668.1754385964912,-9.605884552001953e-09,-0.0013524900078773498,661.9956049902344,637.335775234375,1.9214863534927369,0.0004759035242162645,nan,nan,0.052290000014305116,nan,0.4624873995780945,0.47990304231643677,81.12474989891052,75.9862060546875,0.0,157.11098670959473
115,115,ppo,clip,gae,ALE/BeamRider-v5,atari,0,1,1.0,11500000,100000,60,60,4,1,736.9333333333333,243.80250659544544,1636.9833333333333,736.9333333333333,243.80250659544544,1636.9833333333333,-1.0744333267211914e-08,-0.0016643937504291534,693.9409452929688,669.60584640625,1.9313034721374511,0.0004148162795417011,nan,nan,0.03883999999046326,nan,0.48195821046829224,0.4993434548377991,81.77456426620483,75.8214693069458,0.0,157.59606623649597
116,116,ppo,clip,gae,ALE/BeamRider-v5,atari,0,1,1.0,11600000,100000,64,64,4,1,676.375,231.27658630955275,1503.953125,676.375,231.27658630955275,1503.953125,1.811981201171875e-10,-0.001722837224006653,678.3177865527343,666.8048151171874,1.929378768119812,0.0004081867527309805,nan,nan,0.03933000001072884,nan,0.45749300718307495,0.4669339656829834,80.4762282371521,75.46800899505615,0.0,155.94427061080933
117,117,ppo,clip,gae,ALE/BeamRider-v5,atari,0,1,1.0,11700000,100000,63,63,4,1,686.3492063492064,188.51012845764055,1551.8253968253969,686.3492063492064,188.51012845764055,1551.8253968253969,-1.0862350463867188e-08,-0.0016996716165542602,629.368739296875,612.7844537304687,1.9239502700042725,0.00038611658472567797,nan,nan,0.031870000032186506,nan,0.4904089570045471,0.5028632879257202,80.12653183937073,75.66142082214355,0.0,155.7879831790924
118,118,ppo,clip,gae,ALE/BeamRider-v5,atari,0,1,1.0,11800000,100000,60,60,4,1,747.0,232.01451104043758,1616.7166666666667,747.0,232.01451104043758,1616.7166666666667,-6.268024444580078e-09,-0.0013282229018211364,674.6490463867187,657.7737644238281,1.920897960395813,0.00046703145298175515,nan,nan,0.06024000000834465,nan,0.4855819344520569,0.49729663133621216,81.20025444030762,75.40639281272888,0.0,156.60667753219604
119,119,ppo,clip,gae,ALE/BeamRider-v5,atari,0,1,1.0,11900000,100000,58,58,4,1,743.8620689655172,228.57153473753266,1631.5,743.8620689655172,228.57153473753266,1631.5,4.0888786315917965e-09,-0.0013144327306747437,683.3613163085937,662.3533124414063,1.9100476118469238,0.0005353323707915843,nan,nan,0.05975000002264976,nan,0.46626782417297363,0.4838179349899292,80.72301816940308,75.66302943229675,0.0,156.38607907295227
120,120,ppo,clip,gae,ALE/BeamRider-v5,atari,0,1,1.0,12000000,100000,60,60,4,1,749.8666666666667,200.89727612776525,1639.7,749.8666666666667,200.89727612776525,1639.7,2.739429473876953e-09,-0.0012700259411334992,684.1350055078125,655.16741765625,1.9152047469329834,0.0004156917676050216,nan,nan,0.045619999986886976,nan,0.47516459226608276,0.49629563093185425,80.13949346542358,75.49302792549133,0.0,155.6325535774231
121,121,ppo,clip,gae,ALE/BeamRider-v5,atari,0,1,1.0,12100000,100000,62,62,4,1,703.0322580645161,246.81369281183993,1547.258064516129,703.0322580645161,246.81369281183993,1547.258064516129,1.0520219802856445e-09,-0.0016571398860216141,673.5787662011719,655.8582067675782,1.919237871017456,0.0004263355540577322,nan,nan,0.04335999999284744,nan,0.4893870949745178,0.5008797347545624,81.20852589607239,75.39493155479431,0.0,156.60348677635193
122,122,ppo,clip,gae,ALE/BeamRider-v5,atari,0,1,1.0,12200000,100000,61,61,4,1,739.2131147540983,241.7410289419338,1589.377049180328,739.2131147540983,241.7410289419338,1589.377049180328,1.0995864868164063e-08,-0.0015532465934753419,725.5134017773438,708.1792268359375,1.9170483523178101,0.00032091275200247767,nan,nan,0.025319999999403955,nan,0.4840809106826782,0.49454808235168457,81.23235559463501,75.80141830444336,0.0,157.0338044166565
123,123,ppo,clip,gae,ALE/BeamRider-v5,atari,0,1,1.0,12300000,100000,62,62,4,1,691.9354838709677,224.10422913253655,1553.1290322580646,691.9354838709677,224.10422913253655,1553.1290322580646,-5.245208740234375e-11,-0.0014468940591812133,638.29274359375,618.3089405078125,1.9148935396194458,0.00040910815689712766,nan,nan,0.04360000000596046,nan,0.4856944680213928,0.5007928013801575,80.10319256782532,75.96370458602905,0.0,156.0669286251068
124,124,ppo,clip,gae,ALE/BeamRider-v5,atari,0,1,1.0,12400000,100000,61,61,4,1,765.5737704918033,257.37976400364164,1579.1639344262296,765.5737704918033,257.37976400364164,1579.1639344262296,5.564689636230469e-09,-0.0013722084498405457,773.6936172265625,743.986444375,1.9195751414871216,0.00033513876341283324,nan,nan,0.027579999994039536,nan,0.46851474046707153,0.48421990871429443,80.47186923027039,75.40690636634827,0.0,155.87880635261536
125,125,ppo,clip,gae,ALE/BeamRider-v5,atari,0,1,1.0,12500000,100000,60,60,4,1,760.9333333333333,234.43932169232093,1618.8,760.9333333333333,234.43932169232093,1618.8,5.45501708984375e-09,-0.0014962517929077148,651.6335397265625,629.4801737695312,1.9266694535827638,0.0004384463140740991,nan,nan,0.052410000071525575,nan,0.5105054974555969,0.5266059339046478,80.85053491592407,75.56156253814697,0.0028197765350341797,156.4149570465088
126,126,ppo,clip,gae,ALE/BeamRider-v5,atari,0,1,1.0,12600000,100000,63,63,4,1,720.5714285714286,207.72736361965383,1524.1587301587301,720.5714285714286,207.72736361965383,1524.1587301587301,4.287958145141602e-09,-0.0013106179273128509,653.9087116113282,632.1802132421875,1.9260965395355225,0.0005245538410358131,nan,nan,0.07163999999523163,nan,0.5084416568279266,0.5256575047969818,80.03017020225525,75.75114607810974,0.0,155.78134727478027
127,127,ppo,clip,gae,ALE/BeamRider-v5,atari,0,1,1.0,12700000,100000,61,61,4,1,733.3770491803278,203.76120417223413,1603.672131147541,733.3770491803278,203.76120417223413,1603.672131147541,-1.8668174743652344e-09,-0.0013806656074523925,632.0665388476563,617.0829869335937,1.9219109185409546,0.0003740266532637179,nan,nan,0.04286999999880791,nan,0.5421136915683746,0.5535835921764374,81.09024024009705,75.58614087104797,0.0,156.67641592025757
128,128,ppo,clip,gae,ALE/BeamRider-v5,atari,0,1,1.0,12800000,100000,58,58,4,1,846.3448275862069,318.5631833460844,1698.4655172413793,846.3448275862069,318.5631833460844,1698.4655172413793,3.8222968578338625e-09,-0.0009524475254118443,749.0579484863281,689.2689429101563,1.920682585296631,0.0005275917995162308,nan,nan,0.08054000003814697,nan,0.48108816146850586,0.5155851542949677,81.13712787628174,75.67138504981995,0.0,156.8085458278656
129,129,ppo,clip,gae,ALE/BeamRider-v5,atari,0,1,1.0,12900000,100000,58,58,4,1,758.2068965517242,234.30504421702284,1652.3275862068965,758.2068965517242,234.30504421702284,1652.3275862068965,2.6845932006835936e-09,-0.0009412428998947143,720.5535709375,677.479588671875,1.9189907677078246,0.0006391987649165094,nan,nan,0.10499000015258789,nan,0.48484331369400024,0.5097707509994507,81.04401135444641,76.07216095924377,0.0,157.1162052154541
130,130,ppo,clip,gae,ALE/BeamRider-v5,atari,0,1,1.0,13000000,100000,63,63,4,1,739.1746031746031,229.15625359424615,1551.5714285714287,739.1746031746031,229.15625359424615,1551.5714285714287,-3.786087036132812e-09,-0.0013687889671325684,667.1201343359375,654.654961875,1.9224223595428467,0.0003180824687052518,nan,nan,0.03285,nan,0.5245866775512695,0.5337889790534973,81.39919638633728,76.38206028938293,0.0,157.78128719329834
131,131,ppo,clip,gae,ALE/BeamRider-v5,atari,0,1,1.0,13100000,100000,64,64,4,1,749.125,212.82207210484538,1541.125,749.125,212.82207210484538,1541.125,2.5916099548339842e-09,-0.000967252447605133,682.9317415429688,661.5997198828125,1.9266490914916992,0.0006090089266933501,nan,nan,0.1058299999833107,nan,0.4799794554710388,0.49593818187713623,80.86839294433594,76.21615242958069,0.0,157.08458375930786
132,132,ppo,clip,gae,ALE/BeamRider-v5,atari,0,1,1.0,13200000,100000,59,59,4,1,748.8135593220339,246.9203175236402,1616.1694915254238,748.8135593220339,246.9203175236402,1616.1694915254238,3.899335861206055e-09,-0.001570771313905716,681.5578776269531,673.8927674951171,1.9197586772918702,0.0005650854498147964,nan,nan,0.09179999997138977,nan,0.4985770583152771,0.5119331479072571,80.61781525611877,76.09799671173096,0.0,156.7158443927765
133,133,ppo,clip,gae,ALE/BeamRider-v5,atari,0,1,1.0,13300000,100000,59,59,4,1,773.6271186440678,249.84238409785036,1655.5762711864406,773.6271186440678,249.84238409785036,1655.5762711864406,-9.135864675045013e-09,-0.001317798919607885,678.6120209570313,643.5501826367188,1.9184250434875487,0.0004108221279364079,nan,nan,0.06049000002384186,nan,0.4735913872718811,0.49026012420654297,81.24065041542053,75.78098964691162,0.0,157.02167439460754
134,134,ppo,clip,gae,ALE/BeamRider-v5,atari,0,1,1.0,13400000,100000,64,64,4,1,743.9375,232.12980440639242,1524.328125,743.9375,232.12980440639242,1524.328125,-1.5354156494140626e-09,-0.0011727190846204758,759.9748844140624,746.4411103320313,1.916645352935791,0.0005632168115116655,nan,nan,0.10074000005722046,nan,0.4562720060348511,0.46837735176086426,81.22870779037476,75.4780523777008,0.0,156.70679187774658
135,135,ppo,clip,gae,ALE/BeamRider-v5,atari,0,1,1.0,13500000,100000,58,58,4,1,793.7931034482758,239.16541373043756,1659.948275862069,793.7931034482758,239.16541373043756,1659.948275862069,-4.391670227050781e-09,-0.001395631365776062,693.530913046875,676.150886953125,1.9119725103759766,0.0002431116878334433,nan,nan,0.02203000001490116,nan,0.4970201849937439,0.5082224011421204,80.0157241821289,75.81779980659485,0.0,155.8335690498352
136,136,ppo,clip,gae,ALE/BeamRider-v5,atari,0,1,1.0,13600000,100000,57,57,4,1,818.6666666666666,258.20251356579763,1671.3508771929824,818.6666666666666,258.20251356579763,1671.3508771929824,3.6716461181640623e-10,-0.001414610095024109,708.4725436523438,688.3952746679688,1.9038001093673707,0.00026606317529920487,nan,nan,0.024660000010728836,nan,0.496135413646698,0.5108479857444763,81.29411196708679,75.73599910736084,0.0,157.03014659881592
137,137,ppo,clip,gae,ALE/BeamRider-v5,atari,0,1,1.0,13700000,100000,59,59,4,1,791.2542372881356,289.20039344162575,1630.1864406779662,791.2542372881356,289.20039344162575,1630.1864406779662,8.475780487060547e-10,-0.0011977557468414307,753.4768197265626,744.2264296875,1.9038515871810913,0.0005054826847836375,nan,nan,0.08523999999761582,nan,0.4646291732788086,0.4745636582374573,80.12262105941772,75.7225239276886,0.0,155.84518432617188
138,138,ppo,clip,gae,ALE/BeamRider-v5,atari,0,1,1.0,13800000,100000,58,58,4,1,805.0344827586207,247.6967671692785,1635.344827586207,805.0344827586207,247.6967671692785,1635.344827586207,7.312297821044922e-09,-0.0015432366275787354,697.6674224023437,677.2454765722656,1.9004859925460815,0.00033391327645629647,nan,nan,0.04414000003218651,nan,0.5069481730461121,0.5220186114311218,80.9023506641388,75.478750705719,0.0,156.3811318874359
139,139,ppo,clip,gae,ALE/BeamRider-v5,atari,0,1,1.0,13900000,100000,56,56,4,1,864.7857142857143,302.09593522858376,1727.4107142857142,864.7857142857143,302.09593522858376,1727.4107142857142,1.9061565399169923e-09,-0.0013879608821868897,732.0728244140626,693.8994875976563,1.9027555257797242,0.00038169795979745686,nan,nan,0.05578000001311302,nan,0.4970201253890991,0.5233482122421265,80.19083499908447,75.55859780311584,0.0,155.74946236610413
140,140,ppo,clip,gae,ALE/BeamRider-v5,atari,0,1,1.0,14000000,100000,62,62,4,1,786.4516129032259,254.52838598394501,1539.0645161290322,786.4516129032259,254.52838598394501,1539.0645161290322,7.944107055664063e-09,-0.0014816071915626527,738.05109296875,717.8941325,1.90341949924469,0.00032628890823572875,nan,nan,0.04374000000596046,nan,0.5034812092781067,0.5183075964450836,81.27852869033813,76.42660403251648,0.0,157.7051649093628
141,141,ppo,clip,gae,ALE/BeamRider-v5,atari,0,1,1.0,14100000,100000,56,56,4,1,845.5,222.88185531480894,1706.4107142857142,845.5,222.88185531480894,1706.4107142857142,-1.1813640594482421e-08,-0.0015922573685646056,711.1970238476563,683.5813202539063,1.8985648643875122,0.00030645115955732765,nan,nan,0.0430000000333786,nan,0.5162481367588043,0.533811092376709,81.4219274520874,75.98174858093262,0.0,157.40370845794678
142,142,ppo,clip,gae,ALE/BeamRider-v5,atari,0,1,1.0,14200000,100000,57,57,4,1,851.0175438596491,303.3032465064227,1672.719298245614,851.0175438596491,303.3032465064227,1672.719298245614,-2.2459030151367186e-09,-0.0015148965954780579,740.1990312011719,688.4953165429688,1.89511422996521,0.0003400312943849713,nan,nan,0.04899000001370907,nan,0.48214107751846313,0.5184051692485809,80.1226441860199,75.71608662605286,0.0,155.83876132965088
143,143,ppo,clip,gae,ALE/BeamRider-v5,atari,0,1,1.0,14300000,100000,59,59,4,1,836.542372881356,260.71760955745293,1654.4237288135594,836.542372881356,260.71760955745293,1654.4237288135594,-5.240440368652344e-09,-0.0007558484053611756,686.1018878710937,675.561335078125,1.8971326333236693,0.0006061934488080442,nan,nan,0.11856000006437302,nan,0.5337463021278381,0.5427400469779968,80.63762402534485,76.24058866500854,0.0,156.87824296951294
144,144,ppo,clip,gae,ALE/BeamRider-v5,atari,0,1,1.0,14400000,100000,56,56,4,1,904.9285714285714,232.2437033701927,1721.2857142857142,904.9285714285714,232.2437033701927,1721.2857142857142,-1.837015151977539e-09,-0.0010133827817440033,730.5145534179687,697.7394210546875,1.8959199931335449,0.00037977361280471086,nan,nan,0.07356999999642372,nan,0.5368605554103851,0.5492143929004669,81.45121765136719,75.84147477149963,0.0,157.29272556304932
145,145,ppo,clip,gae,ALE/BeamRider-v5,atari,0,1,1.0,14500000,100000,55,55,4,1,904.7272727272727,239.5463481094253,1762.4727272727273,904.7272727272727,239.5463481094253,1762.4727272727273,2.2292137145996095e-09,-0.0014762146353721618,673.17475203125,641.52831125,1.8921084085464477,0.0003102544686291367,nan,nan,0.044880000023841855,nan,0.5092139840126038,0.5274641811847687,80.22937393188477,75.77828812599182,0.0,156.00769233703613
146,146,ppo,clip,gae,ALE/BeamRider-v5,atari,0,1,1.0,14600000,100000,59,59,4,1,808.2033898305085,256.9826730069504,1640.4406779661017,808.2033898305085,256.9826730069504,1640.4406779661017,4.630088806152344e-09,-0.0008489410829544068,751.0592679296875,729.314806953125,1.8986286381912232,0.0006096205398067832,nan,nan,0.12250999997615815,nan,0.4903959631919861,0.49847841262817383,79.98883605003357,75.68325614929199,0.0,155.67212319374084
147,147,ppo,clip,gae,ALE/BeamRider-v5,atari,0,1,1.0,14700000,100000,60,60,4,1,780.6,267.1047984094133,1592.3166666666666,780.6,267.1047984094133,1592.3166666666666,-7.56978988647461e-09,-0.0012998587799072266,731.3793476757812,716.8442283203125,1.8937515307617188,0.0003917071444354951,nan,nan,0.07249000002145767,nan,0.4627954959869385,0.4737457036972046,79.99226593971252,75.71645212173462,0.0,155.7087483406067
148,148,ppo,clip,gae,ALE/BeamRider-v5,atari,0,1,1.0,14800000,100000,58,58,4,1,833.5172413793103,297.88757665170345,1657.7241379310344,833.5172413793103,297.88757665170345,1657.7241379310344,-1.7333030700683595e-09,-0.0012986308336257934,664.0054966015625,642.8523802539063,1.8893624123382569,0.0002977008081134409,nan,nan,0.0466600000333786,nan,0.5381984412670135,0.5523889362812042,80.26144886016846,75.7937560081482,0.0,156.0552418231964
149,149,ppo,clip,gae,ALE/BeamRider-v5,atari,0,1,1.0,14900000,100000,57,57,4,1,863.438596491228,245.8142943000685,1673.9649122807018,863.438596491228,245.8142943000685,1673.9649122807018,9.012222290039062e-10,-0.0014090188837051392,714.7822566601562,692.6507093554687,1.8885908892822265,0.0003248261799756438,nan,nan,0.0516600000166893,nan,0.5221191942691803,0.5368161201477051,80.03354620933533,75.25553822517395,0.0,155.28911924362183
150,150,ppo,clip,gae,ALE/BeamRider-v5,atari,0,1,1.0,15000000,100000,59,59,4,1,838.2372881355932,242.42981433969996,1639.1694915254238,838.2372881355932,242.42981433969996,1639.1694915254238,-9.148120880126953e-09,-0.0010528072094917297,654.6645751367188,637.686641953125,1.8907543405532836,0.00035325565062463286,nan,nan,0.07126000000953674,nan,0.5404735803604126,0.552433043718338,80.87359833717346,75.5912504196167,0.002826213836669922,156.46770548820496
151,151,ppo,clip,gae,ALE/BeamRider-v5,atari,0,1,1.0,15100000,100000,57,57,4,1,889.5438596491229,297.6933586689992,1696.4561403508771,889.5438596491229,297.6933586689992,1696.4561403508771,-4.191398620605468e-09,-0.0014542076271772384,707.8520374023437,688.9878353320313,1.8827114082336425,0.0002718074132781476,nan,nan,0.04298000000119209,nan,0.506434977054596,0.5182774662971497,79.93797969818115,75.80859518051147,0.0,155.7466037273407
152,152,ppo,clip,gae,ALE/BeamRider-v5,atari,0,1,1.0,15200000,100000,57,57,4,1,896.561403508772,253.85885134272493,1667.6666666666667,896.561403508772,253.85885134272493,1667.6666666666667,-3.2138824462890627e-09,-0.0012085337829589845,719.7387276171875,678.3221984375,1.882320781288147,0.0003712011624220759,nan,nan,0.07164999998569488,nan,0.5236212909221649,0.5497807264328003,80.60071349143982,75.65755939483643,0.0,156.25831365585327
153,153,ppo,clip,gae,ALE/BeamRider-v5,atari,0,1,1.0,15300000,100000,54,54,4,1,906.1481481481482,272.34587264804014,1766.9074074074074,906.1481481481482,272.34587264804014,1766.9074074074074,9.937286376953125e-09,-0.0012361639308929443,738.6690293554688,704.31897671875,1.8746425565338134,0.000239516125600785,nan,nan,0.036159999999403954,nan,0.501781165599823,0.5234761834144592,80.79793810844421,75.48733353614807,0.0,156.28530049324036
154,154,ppo,clip,gae,ALE/BeamRider-v5,atari,0,1,1.0,15400000,100000,54,54,4,1,915.0370370370371,317.5778098276461,1801.111111111111,915.0370370370371,317.5778098276461,1801.111111111111,-6.632804870605469e-09,-0.001387839183807373,697.659010390625,676.958527421875,1.8739926273345948,0.00027363517764024436,nan,nan,0.04569000000596046,nan,0.4957736134529114,0.5106586515903473,80.1941442489624,75.65545701980591,0.0,155.84963369369507
155,155,ppo,clip,gae,ALE/BeamRider-v5,atari,0,1,1.0,15500000,100000,57,57,4,1,918.3157894736842,288.734878567813,1730.6140350877192,918.3157894736842,288.734878567813,1730.6140350877192,5.580484867095947e-09,-0.001295118319094181,710.5990890039062,678.9366966992187,1.8725292139816285,0.00029831937180832026,nan,nan,0.05218000002145767,nan,0.5082245171070099,0.5298582017421722,81.4656937122345,75.77351760864258,0.0,157.23924112319946
156,156,ppo,clip,gae,ALE/BeamRider-v5,atari,0,1,1.0,15600000,100000,54,54,4,1,953.4814814814815,276.57299222345415,1770.851851851852,953.4814814814815,276.57299222345415,1770.851851851852,-4.2819976806640626e-09,-0.0012041637194156647,701.3987360742187,677.8706536914062,1.8749024572372437,0.00023583879491314292,nan,nan,0.03770000002026558,nan,0.5041510462760925,0.5205186009407043,80.9529767036438,75.74620819091797,0.0,156.6992151737213
157,157,ppo,clip,gae,ALE/BeamRider-v5,atari,0,1,1.0,15700000,100000,52,52,4,1,1031.1538461538462,377.3472887558104,1850.1923076923076,1031.1538461538462,377.3472887558104,1850.1923076923076,-4.076957702636719e-09,-0.001296299080848694,809.1858821679688,766.1963616210937,1.8723756356811523,0.00022604376737959684,nan,nan,0.03828999998807907,nan,0.5078699290752411,0.5250558853149414,81.03676509857178,75.5915629863739,0.0,156.62836146354675
158,158,ppo,clip,gae,ALE/BeamRider-v5,atari,0,1,1.0,15800000,100000,55,55,4,1,956.8,300.22091260209766,1755.0363636363636,956.8,300.22091260209766,1755.0363636363636,-5.626678466796875e-09,-0.0015510099697113038,817.3918186328125,790.5349179296875,1.875676822052002,0.00020464425371028482,nan,nan,0.02702999997854233,nan,0.5078113079071045,0.5208558142185211,81.07954382896423,75.61661291122437,0.0,156.6961908340454
159,159,ppo,clip,gae,ALE/BeamRider-v5,atari,0,1,1.0,15900000,100000,55,55,4,1,989.1636363636363,330.73421153198825,1762.6181818181817,989.1636363636363,330.73421153198825,1762.6181818181817,9.431838989257812e-09,-0.0011532765769958497,780.411218125,739.2563591210937,1.871182275466919,0.00028620273610576987,nan,nan,0.05775000002264977,nan,0.49825191497802734,0.5236835479736328,81.43254327774048,76.20799994468689,0.0,157.64057636260986
160,160,ppo,clip,gae,ALE/BeamRider-v5,atari,0,1,1.0,16000000,100000,52,52,4,1,1054.5384615384614,373.40184898899787,1859.1923076923076,1054.5384615384614,373.40184898899787,1859.1923076923076,1.02880597114563e-08,-0.001400192091166973,832.1860297265625,800.6846726757813,1.868868913345337,0.000255638206070289,nan,nan,0.044190000007152556,nan,0.46281981468200684,0.47990405559539795,81.5654091835022,76.04948997497559,0.0,157.61493301391602
161,161,ppo,clip,gae,ALE/BeamRider-v5,atari,0,1,1.0,16100000,100000,55,55,4,1,998.1818181818181,293.605863881812,1768.9636363636364,998.1818181818181,293.605863881812,1768.9636363636364,4.673004150390625e-09,-0.0012778094375133515,814.9089506640624,793.265663671875,1.8687424514770508,0.00020385821941308678,nan,nan,0.03145999999940395,nan,0.4828892946243286,0.49674105644226074,81.11657857894897,75.93922209739685,0.0,157.05583143234253
162,162,ppo,clip,gae,ALE/BeamRider-v5,atari,0,1,1.0,16200000,100000,53,53,4,1,1056.9811320754718,330.21973762284335,1824.377358490566,1056.9811320754718,330.21973762284335,1824.377358490566,8.320808410644531e-10,-0.0010775331521034241,776.6879923828125,754.9123905664062,1.8702551390838622,0.00028691258064471184,nan,nan,0.05502,nan,0.517708420753479,0.5300105512142181,80.8582501411438,75.96544480323792,0.0,156.8237247467041
163,163,ppo,clip,gae,ALE/BeamRider-v5,atari,0,1,1.0,16300000,100000,54,54,4,1,1014.8888888888889,302.37030685756133,1823.1851851851852,1014.8888888888889,302.37030685756133,1823.1851851851852,2.2029876708984375e-09,-0.0010727433109283446,794.7070274609375,772.8981797851562,1.876820998916626,0.0002692749887797982,nan,nan,0.05482000004529953,nan,0.4989851117134094,0.5125781297683716,80.61958861351013,75.50884246826172,0.0,156.1284613609314
164,164,ppo,clip,gae,ALE/BeamRider-v5,atari,0,1,1.0,16400000,100000,48,48,4,1,1112.75,432.9700961575368,2000.7083333333333,1112.75,432.9700961575368,2000.7083333333333,2.651214599609375e-09,-0.0009554975128173828,847.03085015625,799.5167560351563,1.8716233923721313,0.0003518394549563527,nan,nan,0.0860899999666214,nan,0.4513015151023865,0.48224836587905884,80.75706243515015,75.6180009841919,0.0,156.3751003742218
165,165,ppo,clip,gae,ALE/BeamRider-v5,atari,0,1,1.0,16500000,100000,57,57,4,1,892.7017543859649,287.42547256223463,1659.561403508772,892.7017543859649,287.42547256223463,1659.561403508772,-8.296966552734375e-10,-0.0006854056119918823,763.9788301171875,720.2332852929687,1.8828649782562257,0.0003919251895695925,nan,nan,0.10462000006198884,nan,0.4982042908668518,0.5243043899536133,80.2597873210907,75.55599594116211,0.0,155.81581449508667
166,166,ppo,clip,gae,ALE/BeamRider-v5,atari,0,1,1.0,16600000,100000,51,51,4,1,1042.5098039215686,315.69154544375664,1902.6470588235295,1042.5098039215686,315.69154544375664,1902.6470588235295,7.221698760986328e-09,-0.0011308193731307983,736.8830766015625,705.6279485546875,1.8807595713806153,0.00027969551526010037,nan,nan,0.06545000004053116,nan,0.5219766497612,0.5414612889289856,81.32898998260498,75.45330667495728,0.0,156.78233170509338
167,167,ppo,clip,gae,ALE/BeamRider-v5,atari,0,1,1.0,16700000,100000,55,55,4,1,973.1636363636363,310.87973492457957,1763.5272727272727,973.1636363636363,310.87973492457957,1763.5272727272727,-1.3113021850585938e-10,-0.0012635017204284669,775.3708648828125,734.0298312304687,1.8833511935424805,0.00022979265704285354,nan,nan,0.05058000000476837,nan,0.4869459867477417,0.5134134888648987,80.06666421890259,75.79942870140076,0.0,155.86612176895142
168,168,ppo,clip,gae,ALE/BeamRider-v5,atari,0,1,1.0,16800000,100000,50,50,4,1,1064.16,322.96621247430824,1894.52,1064.16,322.96621247430824,1894.52,-7.281303405761719e-09,-0.0013853667783737182,764.4844175,741.0195752636719,1.8770673780441285,0.0002007754094246775,nan,nan,0.034729999985694884,nan,0.5063298344612122,0.5212459564208984,80.15301418304443,75.60911011695862,0.0,155.7621648311615
169,169,ppo,clip,gae,ALE/BeamRider-v5,atari,0,1,1.0,16900000,100000,54,54,4,1,997.2592592592592,361.11582143176753,1783.9074074074074,997.2592592592592,361.11582143176753,1783.9074074074074,-4.317760467529297e-09,-0.0013067809557914733,745.4101367773437,705.8830191992188,1.8750827096176148,0.00018838971675839275,nan,nan,0.03376000002384186,nan,0.5127809047698975,0.5384593307971954,81.18089175224304,75.85598564147949,0.0,157.03690719604492
170,170,ppo,clip,gae,ALE/BeamRider-v5,atari,0,1,1.0,17000000,100000,52,52,4,1,1031.1538461538462,422.3672019161027,1860.3846153846155,1031.1538461538462,422.3672019161027,1860.3846153846155,-4.6539306640625e-09,-0.0011880763626098633,775.2741577929687,752.3245342382812,1.8771897621917724,0.00019739177167415618,nan,nan,0.04209000004291535,nan,0.5090011060237885,0.5233455300331116,81.59871745109558,76.26606893539429,0.0,157.86481738090515
171,171,ppo,clip,gae,ALE/BeamRider-v5,atari,0,1,1.0,17100000,100000,52,52,4,1,1012.9230769230769,393.1213282158892,1865.1538461538462,1012.9230769230769,393.1213282158892,1865.1538461538462,4.960298538208008e-09,-0.0009086800146102906,746.7365364941406,724.8123465136719,1.8760512871551513,0.0002867324315477163,nan,nan,0.07730000004291535,nan,0.4918009638786316,0.5061606466770172,80.6871395111084,76.21046137809753,0.0,156.89763236045837
172,172,ppo,clip,gae,ALE/BeamRider-v5,atari,0,1,1.0,17200000,100000,50,50,4,1,1085.92,429.5808114895263,1943.82,1085.92,429.5808114895263,1943.82,-3.087520599365234e-10,-0.0012843759953975677,731.8583831835938,706.2608119140625,1.873613171157837,0.00022556887148413807,nan,nan,0.054800000014305114,nan,0.5305902659893036,0.5441282093524933,80.80856943130493,75.51321744918823,0.0,156.3218231201172
173,173,ppo,clip,gae,ALE/BeamRider-v5,atari,0,1,1.0,17300000,100000,55,55,4,1,1003.2727272727273,371.75795911491826,1780.3818181818183,1003.2727272727273,371.75795911491826,1780.3818181818183,-3.7670135498046876e-10,-0.0011416831302642823,828.2011781445312,809.09752609375,1.8737877280807496,0.0002132794196344912,nan,nan,0.050069999984502796,nan,0.47022032737731934,0.4820122718811035,81.51791644096375,75.84336018562317,0.0,157.3613088130951
174,174,ppo,clip,gae,ALE/BeamRider-v5,atari,0,1,1.0,17400000,100000,46,46,4,1,1150.4347826086957,408.5848138324746,2036.108695652174,1150.4347826086957,408.5848138324746,2036.108695652174,6.566047668457031e-09,-0.001042380404472351,735.6743229882812,705.9298534570313,1.86655295879364,0.000226371659883298,nan,nan,0.05394000000834465,nan,0.5256201326847076,0.5441837310791016,81.00802421569824,75.59724640846252,0.0,156.60530185699463
175,175,ppo,clip,gae,ALE/BeamRider-v5,atari,0,1,1.0,17500000,100000,53,53,4,1,1001.3584905660377,325.8456107584569,1822.4716981132076,1001.3584905660377,325.8456107584569,1822.4716981132076,-7.200241088867188e-09,-0.000933938398361206,766.6140607421875,735.5710513476563,1.872537243309021,0.00031321184718981383,nan,nan,0.09217000000715256,nan,0.47140878438949585,0.4931989312171936,81.25827646255493,75.67698526382446,0.0028281211853027344,156.9381194114685
176,176,ppo,clip,gae,ALE/BeamRider-v5,atari,0,1,1.0,17600000,100000,50,50,4,1,1110.64,369.55723562122284,1952.56,1110.64,369.55723562122284,1952.56,-5.340576171875e-09,-0.0008059398293495179,742.4376104296875,730.4173652734376,1.8608192784881592,0.00026951561400201173,nan,nan,0.08131999999165535,nan,0.5196690559387207,0.5285760760307312,80.83580827713013,75.74924802780151,0.0,156.58508706092834
177,177,ppo,clip,gae,ALE/BeamRider-v5,atari,0,1,1.0,17700000,100000,48,48,4,1,1139.0833333333333,490.2361604936498,1981.5,1139.0833333333333,490.2361604936498,1981.5,2.3674964904785155e-09,-0.0011165959119796753,818.3488185742187,790.7584880859375,1.8637983875656128,0.00019766780213452875,nan,nan,0.047560000039339065,nan,0.49852824211120605,0.5154304206371307,80.79198002815247,75.75907516479492,0.0,156.55108523368835
178,178,ppo,clip,gae,ALE/BeamRider-v5,atari,0,1,1.0,17800000,100000,48,48,4,1,1208.1666666666667,500.2019314459134,2032.6458333333333,1208.1666666666667,500.2019314459134,2032.6458333333333,-3.3485889434814454e-09,-0.0011982860457897186,938.0189362011719,915.4418928222656,1.8579753746795655,0.00020715322392061354,nan,nan,0.05337000000953674,nan,0.4716174006462097,0.4844145178794861,81.01064872741699,75.73655033111572,0.0,156.74723386764526
179,179,ppo,clip,gae,ALE/BeamRider-v5,atari,0,1,1.0,17900000,100000,52,52,4,1,1034.0,354.1668446455058,1836.0192307692307,1034.0,354.1668446455058,1836.0192307692307,1.9919872283935546e-09,-0.0010715311068296434,731.1587985546875,703.5216496484375,1.8633343658828736,0.00021368462298065424,nan,nan,0.05969999997854233,nan,0.5045927166938782,0.5208936333656311,80.8696517944336,75.73172354698181,0.0,156.60140657424927
180,180,ppo,clip,gae,ALE/BeamRider-v5,atari,0,1,1.0,18000000,100000,49,49,4,1,1140.1632653061224,449.0424891008748,1983.6326530612246,1140.1632653061224,449.0424891008748,1983.6326530612246,-1.1341571807861328e-08,-0.001093707447052002,753.491428828125,732.271264296875,1.8593339513015747,0.00021022765633650124,nan,nan,0.058559999969005586,nan,0.5325836837291718,0.5456912517547607,81.71013164520264,75.69184279441833,0.0,157.4020037651062
181,181,ppo,clip,gae,ALE/BeamRider-v5,atari,0,1,1.0,18100000,100000,46,46,4,1,1229.6521739130435,462.4852156222804,2093.195652173913,1229.6521739130435,462.4852156222804,2093.195652173913,6.247758865356445e-09,-0.0009290093606710434,742.2444939746093,717.9129725976562,1.8526273383712768,0.0002458414840232581,nan,nan,0.0794000000667572,nan,0.5344798862934113,0.5489984750747681,80.19030714035034,76.12747740745544,0.0,156.3178162574768
182,182,ppo,clip,gae,ALE/BeamRider-v5,atari,0,1,1.0,18200000,100000,47,47,4,1,1172.8510638297873,501.9986852031355,2021.127659574468,1172.8510638297873,501.9986852031355,2021.127659574468,1.1444091796875e-09,-0.001046599019765854,1058.1671152148438,1020.2044643554688,1.8586891215133667,0.00023422458367422223,nan,nan,0.0737100000500679,nan,0.43926161527633667,0.4600229263305664,81.12779307365417,75.92895126342773,0.0,157.0567753314972
183,183,ppo,clip,gae,ALE/BeamRider-v5,atari,0,1,1.0,18300000,100000,52,52,4,1,1061.4615384615386,321.66301415387534,1848.0192307692307,1061.4615384615386,321.66301415387534,1848.0192307692307,4.74095344543457e-09,-0.0003826905953884125,730.8749673925781,697.1013907421875,1.86495185256958,0.00031448493436910213,nan,nan,0.10596000002145767,nan,0.5495482087135315,0.5702336728572845,80.21138978004456,75.57862997055054,0.0,155.79005002975464
184,184,ppo,clip,gae,ALE/BeamRider-v5,atari,0,1,1.0,18400000,100000,47,47,4,1,1234.468085106383,351.8157672530078,2028.5531914893618,1234.468085106383,351.8157672530078,2028.5531914893618,-5.186796188354492e-09,-0.0009228059947490692,776.12154671875,752.878947734375,1.8493931832504273,0.000191407641149126,nan,nan,0.05822999999642372,nan,0.5320258140563965,0.5483323037624359,79.87775349617004,75.84017372131348,0.0,155.71795988082886
185,185,ppo,clip,gae,ALE/BeamRider-v5,atari,0,1,1.0,18500000,100000,47,47,4,1,1214.6382978723404,497.68641009032206,2056.6382978723404,1214.6382978723404,497.68641009032206,2056.6382978723404,-7.91996717453003e-10,-0.0003713259868323803,772.8183901953125,761.1188023828125,1.8518866407775878,0.000351734426189214,nan,nan,0.14538999996662139,nan,0.512109786272049,0.5199508965015411,80.35030627250671,75.62769412994385,0.0,155.97803044319153
186,186,ppo,clip,gae,ALE/BeamRider-v5,atari,0,1,1.0,18600000,100000,48,48,4,1,1150.0833333333333,367.0967080423843,2014.0,1150.0833333333333,367.0967080423843,2014.0,9.775161743164063e-10,-0.0006629295587539673,772.3117846484375,736.3305893945312,1.8500602154541015,0.0002616804503649473,nan,nan,0.0900900000858307,nan,0.5079581439495087,0.5307965278625488,79.87014675140381,75.69611525535583,0.0,155.5662922859192
187,187,ppo,clip,gae,ALE/BeamRider-v5,atari,0,1,1.0,18700000,100000,44,44,4,1,1260.3636363636363,433.25308008709953,2112.4545454545455,1260.3636363636363,433.25308008709953,2112.4545454545455,-5.365610122680664e-09,-0.001022611049413681,795.0430777148438,757.5980596679688,1.8378990578079224,0.00020667813774198293,nan,nan,0.06729999999642372,nan,0.5296839773654938,0.5492887794971466,80.14355707168579,75.62305998802185,0.0,155.7666471004486
188,188,ppo,clip,gae,ALE/BeamRider-v5,atari,0,1,1.0,18800000,100000,43,43,4,1,1322.139534883721,495.2517603314617,2202.6046511627906,1322.139534883721,495.2517603314617,2202.6046511627906,3.147125244140625e-09,-0.0010385675358772278,814.9652649023437,793.24364875,1.8395714125442504,0.00014431165806017815,nan,nan,0.04251000004053116,nan,0.500128448009491,0.5131324529647827,80.23223185539246,75.75849175453186,0.0,155.99076080322266
189,189,ppo,clip,gae,ALE/BeamRider-v5,atari,0,1,1.0,18900000,100000,42,42,4,1,1340.1904761904761,545.4203812567416,2223.5476190476193,1340.1904761904761,545.4203812567416,2223.5476190476193,8.106231689453126e-11,-0.0009799869775772095,968.325701953125,941.4107418359375,1.8361149532699585,0.000135425873240456,nan,nan,0.03352000002503395,nan,0.4789857268333435,0.4931464195251465,80.22369980812073,75.89991426467896,0.0,156.12364435195923
190,190,ppo,clip,gae,ALE/BeamRider-v5,atari,0,1,1.0,19000000,100000,46,46,4,1,1279.304347826087,591.4693887321502,2138.108695652174,1279.304347826087,591.4693887321502,2138.108695652174,4.201531410217285e-09,-0.001167263260036707,830.0225593554687,807.4042489257813,1.8339102177429198,0.00014199992740992457,nan,nan,0.03679000003099442,nan,0.5077791512012482,0.5206110179424286,80.25173306465149,75.39183044433594,0.0,155.64359426498413
191,191,ppo,clip,gae,ALE/BeamRider-v5,atari,0,1,1.0,19100000,100000,45,45,4,1,1313.2444444444445,536.0854473995543,2131.5333333333333,1313.2444444444445,536.0854473995543,2131.5333333333333,-1.1348724365234376e-09,-0.0009075665771961213,963.3966305859375,918.5273985742188,1.834179390220642,0.00019116079822182656,nan,nan,0.06533000002622605,nan,0.49523961544036865,0.5150941610336304,79.97595596313477,75.63556957244873,0.0,155.61157393455505
192,192,ppo,clip,gae,ALE/BeamRider-v5,atari,0,1,1.0,19200000,100000,47,47,4,1,1237.7021276595744,461.8687257032101,2075.0851063829787,1237.7021276595744,461.8687257032101,2075.0851063829787,1.179903745651245e-08,-0.0004151970300078392,827.244946875,797.9224780859375,1.8331556471633912,0.00029735564474016427,nan,nan,0.12505000005722047,nan,0.5084060430526733,0.5205178558826447,81.31538391113281,75.83045530319214,0.0,157.14587092399597
193,193,ppo,clip,gae,ALE/BeamRider-v5,atari,0,1,1.0,19300000,100000,46,46,4,1,1218.2608695652175,437.19075703178635,2046.5652173913043,1218.2608695652175,437.19075703178635,2046.5652173913043,6.7806243896484375e-09,-0.0007723708295822143,858.3790413671875,840.137931171875,1.8390588330459594,0.0001931500764377415,nan,nan,0.07445000001430511,nan,0.48826950788497925,0.49905258417129517,80.10097455978394,75.7193751335144,0.0,155.82039308547974
194,194,ppo,clip,gae,ALE/BeamRider-v5,atari,0,1,1.0,19400000,100000,45,45,4,1,1319.911111111111,454.3913057766753,2142.9555555555557,1319.911111111111,454.3913057766753,2142.9555555555557,2.134144306182861e-09,-0.0006112527799606323,789.51369875,770.8156227148437,1.8277605763244629,0.0002143528096843511,nan,nan,0.08943000008583069,nan,0.501960426568985,0.5151811838150024,80.42606401443481,75.74500584602356,0.0,156.17109990119934
195,195,ppo,clip,gae,ALE/BeamRider-v5,atari,0,1,1.0,19500000,100000,45,45,4,1,1293.0666666666666,489.16102324967255,2129.177777777778,1293.0666666666666,489.16102324967255,2129.177777777778,1.10626220703125e-09,-0.0008727691125869751,803.4715240820312,763.537719921875,1.824429146385193,0.00013801565704401583,nan,nan,0.049370000071525574,nan,0.5287877321243286,0.5489573180675507,80.24946689605713,75.96471762657166,0.0,156.2142288684845
196,196,ppo,clip,gae,ALE/BeamRider-v5,atari,0,1,1.0,19600000,100000,44,44,4,1,1336.8181818181818,458.977978909628,2140.8636363636365,1336.8181818181818,458.977978909628,2140.8636363636365,6.937980651855468e-10,-0.0008011166262626648,792.0978685742188,770.9587376953125,1.826526079788208,0.00018194593871943653,nan,nan,0.07133999999880791,nan,0.5421472787857056,0.5530164241790771,80.7277398109436,76.43858504295349,0.0,157.16635632514954
197,197,ppo,clip,gae,ALE/BeamRider-v5,atari,0,1,1.0,19700000,100000,45,45,4,1,1236.4444444444443,383.5054428445025,2076.5777777777776,1236.4444444444443,383.5054428445025,2076.5777777777776,4.849433898925781e-09,-0.0008872341442108155,777.4309873828125,747.3533006054688,1.826054902305603,0.00016317167761269958,nan,nan,0.058999999964237215,nan,0.5345172584056854,0.5515750646591187,80.74791622161865,75.85008716583252,0.0,156.59803748130798
198,198,ppo,clip,gae,ALE/BeamRider-v5,atari,0,1,1.0,19800000,100000,47,47,4,1,1274.212765957447,464.38194735424383,2067.446808510638,1274.212765957447,464.38194735424383,2067.446808510638,1.4944076538085937e-08,-0.0010123109817504882,805.1576638476563,787.7381184179687,1.822073066444397,0.00012356350091053173,nan,nan,0.043249999985694884,nan,0.49875956773757935,0.5096149444580078,80.96006417274475,75.97248315811157,0.0,156.9325773715973
199,199,ppo,clip,gae,ALE/BeamRider-v5,atari,0,1,1.0,19900000,100000,46,46,4,1,1300.2608695652175,448.49150225979076,2115.478260869565,1300.2608695652175,448.49150225979076,2115.478260869565,1.0042190551757812e-08,-0.0008880688858032227,846.4993378125,826.336630078125,1.8209829454421997,0.00013938096415251494,nan,nan,0.05620000004529953,nan,0.49257737398147583,0.5047892034053802,80.21609807014465,75.49341821670532,0.0,155.70954704284668
200,200,ppo,clip,gae,ALE/BeamRider-v5,atari,0,1,1.0,20000000,100000,44,44,4,1,1302.5454545454545,502.7597227731904,2146.659090909091,1302.5454545454545,502.7597227731904,2146.659090909091,-1.3303756713867187e-09,-0.0008937132167816162,933.5220725390625,907.8379275195313,1.8167395983886718,0.00017833571331575513,nan,nan,0.08096000004768372,nan,0.4866677522659302,0.5007912218570709,80.92829084396362,75.91354393959045,0.0028073787689208984,156.8446741104126
201,201,ppo,clip,gae,ALE/BeamRider-v5,atari,0,1,1.0,20100000,100000,44,44,4,1,1355.2727272727273,511.7401845946101,2151.2272727272725,1355.2727272727273,511.7401845946101,2151.2272727272725,-6.6399574279785156e-09,-0.0007591528844833374,874.9525156054688,852.7307839257812,1.8164639246749879,0.00016496576610952615,nan,nan,0.07181000002384186,nan,0.5073145925998688,0.5193535685539246,80.47039341926575,75.75907325744629,0.0,156.2294955253601
202,202,ppo,clip,gae,ALE/BeamRider-v5,atari,0,1,1.0,20200000,100000,46,46,4,1,1305.7391304347825,454.812069874571,2108.108695652174,1305.7391304347825,454.812069874571,2108.108695652174,5.345344543457031e-09,-0.0008954352617263794,817.83681796875,795.1392775,1.8241382447052001,0.0001029919198481366,nan,nan,0.03403999999165535,nan,0.4971744418144226,0.5115761756896973,80.71410894393921,75.67389464378357,0.0,156.38803887367249
203,203,ppo,clip,gae,ALE/BeamRider-v5,atari,0,1,1.0,20300000,100000,44,44,4,1,1340.0,585.9885198999597,2129.9545454545455,1340.0,585.9885198999597,2129.9545454545455,1.8215179443359375e-09,-0.0008053115558624268,958.6576842773437,934.2836350976562,1.8191165966415406,0.0001501396065345034,nan,nan,0.06581000007152557,nan,0.47297197580337524,0.48573827743530273,80.26355051994324,75.64704704284668,0.0,155.91062760353088
204,204,ppo,clip,gae,ALE/BeamRider-v5,atari,0,1,1.0,20400000,100000,39,39,4,1,1535.5897435897436,589.0994743369212,2381.128205128205,1535.5897435897436,589.0994743369212,2381.128205128205,-5.799904465675354e-09,-0.0008314960095286369,974.006791171875,946.9461485742188,1.8056222852325439,0.00012966441130964084,nan,nan,0.0555400000178814,nan,0.46968990564346313,0.4831036925315857,81.18815755844116,75.6779146194458,0.0,156.86611199378967
205,205,ppo,clip,gae,ALE/BeamRider-v5,atari,0,1,1.0,20500000,100000,43,43,4,1,1436.0,516.7375295240366,2241.1627906976746,1436.0,516.7375295240366,2241.1627906976746,2.346038818359375e-09,-0.0006484287357330323,998.82378828125,969.1505580859375,1.809003243598938,0.0001926338643534109,nan,nan,0.10111000004529953,nan,0.4824886918067932,0.497613787651062,79.66347217559814,75.60671138763428,0.0,155.27022075653076
206,206,ppo,clip,gae,ALE/BeamRider-v5,atari,0,1,1.0,20600000,100000,43,43,4,1,1376.9302325581396,414.875795106273,2245.0232558139537,1376.9302325581396,414.875795106273,2245.0232558139537,-3.6597251892089846e-09,-0.0008737614846229553,778.3612993847656,744.9542370605469,1.8052991114807129,9.484310975763947e-05,nan,nan,0.03401999998569488,nan,0.5194238126277924,0.5372511744499207,80.50332379341125,75.91780114173889,0.0,156.42115592956543
207,207,ppo,clip,gae,ALE/BeamRider-v5,atari,0,1,1.0,20700000,100000,43,43,4,1,1408.5581395348838,485.7244554475248,2151.720930232558,1408.5581395348838,485.7244554475248,2151.720930232558,-5.750656127929687e-09,-0.000757978322505951,870.551185078125,847.034673828125,1.802744070777893,0.00010851157700410113,nan,nan,0.046849999996423725,nan,0.526921957731247,0.5360719561576843,80.12626028060913,76.30704402923584,0.0,156.43334555625916
208,208,ppo,clip,gae,ALE/BeamRider-v5,atari,0,1,1.0,20800000,100000,45,45,4,1,1348.1777777777777,535.7856656408165,2134.266666666667,1348.1777777777777,535.7856656408165,2134.266666666667,3.5458803176879884e-09,-0.0007321036088466644,865.0962807617187,851.5741404882813,1.8107199542999268,0.00011949615005869419,nan,nan,0.05555000000715256,nan,0.5351617932319641,0.5417961478233337,80.30045175552368,76.01584386825562,0.0,156.3163275718689
209,209,ppo,clip,gae,ALE/BeamRider-v5,atari,0,1,1.0,20900000,100000,41,41,4,1,1366.439024390244,518.9233717941119,2252.6341463414633,1366.439024390244,518.9233717941119,2252.6341463414633,6.079673767089843e-09,-0.0008906165027618408,917.5867618554687,872.1924487207032,1.8090742073822021,0.00010278162243310363,nan,nan,0.04331000000715256,nan,0.45382481813430786,0.48044300079345703,80.5406985282898,75.74669194221497,0.0,156.28742814064026
210,210,ppo,clip,gae,ALE/BeamRider-v5,atari,0,1,1.0,21000000,100000,41,41,4,1,1453.3658536585365,441.17237138453237,2348.7073170731705,1453.3658536585365,441.17237138453237,2348.7073170731705,-9.840726852416992e-09,-0.000706601322889328,914.402261484375,861.092981484375,1.7948258200454712,0.0001482142934948206,nan,nan,0.08297000003099442,nan,0.5075346231460571,0.5288918316364288,80.70637369155884,75.53513765335083,0.0,156.2415416240692
211,211,ppo,clip,gae,ALE/BeamRider-v5,atari,0,1,1.0,21100000,100000,42,42,4,1,1448.857142857143,616.9643260285287,2291.095238095238,1448.857142857143,616.9643260285287,2291.095238095238,1.2803077697753906e-09,-0.0005014205026626587,866.0782129882813,835.8196616015625,1.8059323047637938,0.00015752616080455482,nan,nan,0.10084000008106232,nan,0.4996221661567688,0.5173355340957642,80.49852180480957,75.80778622627258,0.0,156.30633854866028
212,212,ppo,clip,gae,ALE/BeamRider-v5,atari,0,1,1.0,21200000,100000,45,45,4,1,1346.6666666666667,556.8578514007563,2131.311111111111,1346.6666666666667,556.8578514007563,2131.311111111111,2.3114681243896486e-09,-0.0005344552588462829,951.5827617578125,918.6887457714844,1.8107204285812377,0.00014517883851658552,nan,nan,0.08940999998807907,nan,0.49957919120788574,0.5169992446899414,80.23832607269287,75.66879987716675,0.0,155.90716123580933
213,213,ppo,clip,gae,ALE/BeamRider-v5,atari,0,1,1.0,21300000,100000,41,41,4,1,1364.2926829268292,541.2883566717574,2265.3414634146343,1364.2926829268292,541.2883566717574,2265.3414634146343,-2.2721290588378907e-09,-0.0007437541651725769,805.2491609179688,777.9638402734375,1.7990818218612672,0.00010211794021306559,nan,nan,0.053380000081062313,nan,0.5256310105323792,0.5383910536766052,80.94412851333618,75.91271948814392,0.0,156.8568844795227
214,214,ppo,clip,gae,ALE/BeamRider-v5,atari,0,1,1.0,21400000,100000,42,42,4,1,1486.5714285714287,792.2600926600863,2273.8571428571427,1486.5714285714287,792.2600926600863,2273.8571428571427,-8.983612060546875e-09,-0.0008690800189971924,1062.7215075976562,1027.2241222460937,1.7985652350616455,9.970099752768874e-05,nan,nan,0.04874000001192093,nan,0.4826602339744568,0.4930969476699829,81.22457480430603,75.82105922698975,0.0,157.04566383361816
215,215,ppo,clip,gae,ALE/BeamRider-v5,atari,0,1,1.0,21500000,100000,42,42,4,1,1385.7142857142858,544.8020298243025,2230.0714285714284,1385.7142857142858,544.8020298243025,2230.0714285714284,-2.47955322265625e-10,-0.0007194204020500183,949.54635515625,926.1522386328126,1.7996032367706298,0.00012174311031587422,nan,nan,0.07965999995708466,nan,0.4864966869354248,0.4983472228050232,80.77784824371338,75.86986470222473,0.0,156.64774751663208
216,216,ppo,clip,gae,ALE/BeamRider-v5,atari,0,1,1.0,21600000,100000,44,44,4,1,1340.3636363636363,470.20059021796465,2194.1136363636365,1340.3636363636363,470.20059021796465,2194.1136363636365,-5.908012390136719e-09,-0.0006448129367828369,798.9474446875,756.9575569726562,1.8049475758361817,0.0001219789761560969,nan,nan,0.08230000001192093,nan,0.5205381810665131,0.5444140136241913,80.63585376739502,75.70908880233765,0.0,156.34497618675232
217,217,ppo,clip,gae,ALE/BeamRider-v5,atari,0,1,1.0,21700000,100000,43,43,4,1,1420.5581395348838,737.5668768203906,2230.4651162790697,1420.5581395348838,737.5668768203906,2230.4651162790697,-4.143714904785156e-09,-0.0003968449211120605,1139.6834318359374,1062.837870625,1.809508957710266,0.00016629315556492656,nan,nan,0.12962000001430513,nan,0.455852210521698,0.4883480668067932,81.13386845588684,76.27384328842163,0.0,157.4077432155609
218,218,ppo,clip,gae,ALE/BeamRider-v5,atari,0,1,1.0,21800000,100000,45,45,4,1,1388.4444444444443,596.0147483468119,2144.0222222222224,1388.4444444444443,596.0147483468119,2144.0222222222224,-5.426406860351562e-09,-0.0008216447448730469,946.6730706835938,922.3525768359375,1.8005734144592285,8.744208570569754e-05,nan,nan,0.04172000002741814,nan,0.4676867127418518,0.480678915977478,80.6845498085022,75.95055150985718,0.0,156.63513135910034
219,219,ppo,clip,gae,ALE/BeamRider-v5,atari,0,1,1.0,21900000,100000,43,43,4,1,1415.0697674418604,393.60926176407173,2254.3255813953488,1415.0697674418604,393.60926176407173,2254.3255813953488,2.5138258934020994e-09,-0.0007200337120890618,813.9386091796875,773.5049400585938,1.7975079162216188,0.0001003588255122304,nan,nan,0.06263999998807906,nan,0.5268265306949615,0.5495486557483673,80.08571100234985,75.33374762535095,0.0,155.41948866844177
220,220,ppo,clip,gae,ALE/BeamRider-v5,atari,0,1,1.0,22000000,100000,39,39,4,1,1637.5384615384614,635.2894695012437,2480.6153846153848,1637.5384615384614,635.2894695012437,2480.6153846153848,4.6491622924804685e-10,-0.000708034770488739,1035.5421824414063,996.8723173046875,1.7885961429977417,0.00010090162517270073,nan,nan,0.06870000002861024,nan,0.49993330240249634,0.5126447081565857,80.19167160987854,76.45047450065613,0.0,156.64217519760132
221,221,ppo,clip,gae,ALE/BeamRider-v5,atari,0,1,1.0,22100000,100000,40,40,4,1,1551.85,605.8013515171453,2417.55,1551.85,605.8013515171453,2417.55,-1.220703125e-08,-0.0007071912598609925,965.1448249707031,937.0041503125,1.7901379976272582,8.306612678803503e-05,nan,nan,0.05160000005722046,nan,0.4807000756263733,0.4953809380531311,80.462721824646,76.2317430973053,0.0,156.6944980621338
222,222,ppo,clip,gae,ALE/BeamRider-v5,atari,0,1,1.0,22200000,100000,42,42,4,1,1422.6666666666667,394.97767668485403,2310.309523809524,1422.6666666666667,394.97767668485403,2310.309523809524,3.376007080078125e-09,-0.0004800179719924927,780.377116484375,762.8576505078125,1.79713784740448,0.00012781215757131577,nan,nan,0.10269999997138977,nan,0.5395284295082092,0.5459185242652893,80.72745513916016,75.6563572883606,0.0,156.38384556770325
223,223,ppo,clip,gae,ALE/BeamRider-v5,atari,0,1,1.0,22300000,100000,41,41,4,1,1450.8292682926829,669.9057051388004,2270.317073170732,1450.8292682926829,669.9057051388004,2270.317073170732,7.51446932554245e-09,-0.0006534182177111507,1143.4509440625,1108.7922984179688,1.7940783624649048,7.939123245887458e-05,nan,nan,0.05304999999761582,nan,0.44864892959594727,0.4651165008544922,81.08729076385498,75.85109615325928,0.0,156.93841767311096
224,224,ppo,clip,gae,ALE/BeamRider-v5,atari,0,1,1.0,22400000,100000,41,41,4,1,1454.341463414634,585.5902009107875,2274.6585365853657,1454.341463414634,585.5902009107875,2274.6585365853657,9.5367431640625e-12,-0.0006623358249664307,1015.268738203125,977.43998109375,1.7975341591262817,9.027618215652183e-05,nan,nan,0.06923999999046326,nan,0.4694228172302246,0.4867832660675049,80.68317818641663,75.54872107505798,0.0,156.23193073272705
225,225,ppo,clip,gae,ALE/BeamRider-v5,atari,0,1,1.0,22500000,100000,38,38,4,1,1534.2105263157894,629.9331275241481,2478.8947368421054,1534.2105263157894,629.9331275241481,2478.8947368421054,-1.6392767429351806e-09,-0.00031542122095823286,938.1576738183594,907.9695645214844,1.7939002256011962,0.00013966868462972343,nan,nan,0.1186400000667572,nan,0.5014067888259888,0.5158481597900391,80.76015138626099,75.5228066444397,0.0028808116912841797,156.285870552063
226,226,ppo,clip,gae,ALE/BeamRider-v5,atari,0,1,1.0,22600000,100000,43,43,4,1,1343.1627906976744,541.5372146903087,2177.6976744186045,1343.1627906976744,541.5372146903087,2177.6976744186045,-4.941225051879883e-10,-0.000494729685485363,1079.06507890625,1045.2128074804687,1.804113808670044,9.661806896328926e-05,nan,nan,0.0757899999666214,nan,0.44063782691955566,0.4580180048942566,80.91732907295227,75.69713115692139,0.0,156.61449027061462
227,227,ppo,clip,gae,ALE/BeamRider-v5,atari,0,1,1.0,22700000,100000,43,43,4,1,1460.7441860465117,529.6073180228982,2272.2093023255816,1460.7441860465117,529.6073180228982,2272.2093023255816,4.63724136352539e-09,-0.0006299916958808899,912.392463828125,865.2161555664062,1.8004329208755494,7.10710993851535e-05,nan,nan,0.05001000002622604,nan,0.5108582675457001,0.5328374803066254,80.65420508384705,76.27967095375061,0.0,156.93390822410583
228,228,ppo,clip,gae,ALE/BeamRider-v5,atari,0,1,1.0,22800000,100000,43,43,4,1,1442.7906976744187,565.5535488860916,2223.4883720930234,1442.7906976744187,565.5535488860916,2223.4883720930234,-1.0821819305419922e-08,-0.000548313057422638,847.2077935351563,798.9137005664063,1.8057293909835817,7.588443217100575e-05,nan,nan,0.06011000001907349,nan,0.5287226438522339,0.5546084940433502,81.21341514587402,75.96846771240234,0.0,157.18191528320312
229,229,ppo,clip,gae,ALE/BeamRider-v5,atari,0,1,1.0,22900000,100000,42,42,4,1,1506.7142857142858,727.8513481707743,2263.3571428571427,1506.7142857142858,727.8513481707743,2263.3571428571427,1.71661376953125e-10,-0.0006107268905639648,1547.689282890625,1470.0198827539064,1.7942021336364746,8.422295425320045e-05,nan,nan,0.07139999998807907,nan,0.4146374464035034,0.4428063631057739,80.11410164833069,75.72830724716187,0.0,155.84244012832642
230,230,ppo,clip,gae,ALE/BeamRider-v5,atari,0,1,1.0,23000000,100000,42,42,4,1,1448.2380952380952,679.9594108867931,2222.8809523809523,1448.2380952380952,679.9594108867931,2222.8809523809523,-2.658367156982422e-10,-0.0005738219848275184,893.9227850585937,856.7623711425781,1.798421160736084,7.433069326914847e-05,nan,nan,0.06545999996185303,nan,0.5197472274303436,0.5375631749629974,80.62986993789673,75.87931180000305,0.0,156.50921845436096
231,231,ppo,clip,gae,ALE/BeamRider-v5,atari,0,1,1.0,23100000,100000,39,39,4,1,1606.1538461538462,784.6422519281308,2413.25641025641,1606.1538461538462,784.6422519281308,2413.25641025641,-1.1157989501953125e-09,-0.0006304107666015625,1334.15657625,1294.7886878125,1.796252009086609,7.249237048905343e-05,nan,nan,0.06018000004529953,nan,0.45180779695510864,0.4663516879081726,81.6491847038269,76.08264374732971,0.0,157.73186421394348
232,232,ppo,clip,gae,ALE/BeamRider-v5,atari,0,1,1.0,23200000,100000,41,41,4,1,1534.1951219512196,717.264968542418,2327.3414634146343,1534.1951219512196,717.264968542418,2327.3414634146343,2.0599365234375e-09,-0.00033284263610839845,1157.6299898828124,1122.4045434765626,1.7983016136932373,0.00010726201997837051,nan,nan,0.11834000005245209,nan,0.478344202041626,0.49303483963012695,80.88658428192139,75.48799395561218,0.0,156.37460923194885
233,233,ppo,clip,gae,ALE/BeamRider-v5,atari,0,1,1.0,23300000,100000,42,42,4,1,1424.1904761904761,569.4642109284347,2277.3809523809523,1424.1904761904761,569.4642109284347,2277.3809523809523,1.1534690856933594e-08,-0.0006437388825416565,833.226116171875,798.8321113671875,1.801785553703308,5.6710172543535006e-05,nan,nan,0.0448100000333786,nan,0.49466806650161743,0.5151776075363159,80.36504077911377,75.99546194076538,0.0,156.36055207252502
234,234,ppo,clip,gae,ALE/BeamRider-v5,atari,0,1,1.0,23400000,100000,40,40,4,1,1556.0,757.4663028808608,2353.65,1556.0,757.4663028808608,2353.65,4.0233135223388675e-09,-0.000528650848865509,1255.7871130859376,1205.8102092773438,1.799684899559021,7.617696096654981e-05,nan,nan,0.07985000000715256,nan,0.45515263080596924,0.4718325734138489,80.3037793636322,76.0861394405365,0.0,156.38994932174683
235,235,ppo,clip,gae,ALE/BeamRider-v5,atari,0,1,1.0,23500000,100000,38,38,4,1,1677.6315789473683,890.965869186582,2505.4473684210525,1677.6315789473683,890.965869186582,2505.4473684210525,-1.8417835235595702e-10,-0.00029802386045455935,1409.713193828125,1380.4139342773437,1.7931845056915283,8.645998229039833e-05,nan,nan,0.09542000002980232,nan,0.4235858917236328,0.4356083273887634,80.74218773841858,76.27261567115784,0.0,157.01483631134033
236,236,ppo,clip,gae,ALE/BeamRider-v5,atari,0,1,1.0,23600000,100000,39,39,4,1,1637.128205128205,667.5063114841217,2460.0,1637.128205128205,667.5063114841217,2460.0,8.275508880615234e-09,-0.0005096282768249511,1213.4390009765625,1189.2770252734374,1.7950803958892823,7.180158276809379e-05,nan,nan,0.08019000000953674,nan,0.4313494563102722,0.4427564740180969,80.87234592437744,75.86693692207336,0.0,156.73932075500488
237,237,ppo,clip,gae,ALE/BeamRider-v5,atari,0,1,1.0,23700000,100000,39,39,4,1,1611.2307692307693,661.2518997709498,2447.5641025641025,1611.2307692307693,661.2518997709498,2447.5641025641025,3.7932395935058595e-09,-0.0004603966957330704,1190.2704868164062,1169.26238890625,1.7955368600845336,6.091762117343023e-05,nan,nan,0.0644700000667572,nan,0.4577290415763855,0.4674631357192993,81.59997463226318,76.03194737434387,0.0,157.6319522857666
238,238,ppo,clip,gae,ALE/BeamRider-v5,atari,0,1,1.0,23800000,100000,39,39,4,1,1624.3076923076924,593.0132594118485,2466.4615384615386,1624.3076923076924,593.0132594118485,2466.4615384615386,-2.892017364501953e-09,-0.0005865103805065154,987.0938689648438,938.2449791015625,1.8008907860565186,4.648623931105249e-05,nan,nan,0.04647000001192093,nan,0.5180010497570038,0.5416925549507141,81.35327577590942,76.59453558921814,0.0,157.94784331321716
239,239,ppo,clip,gae,ALE/BeamRider-v5,atari,0,1,1.0,23900000,100000,41,41,4,1,1451.0243902439024,528.0404866131735,2291.390243902439,1451.0243902439024,528.0404866131735,2291.390243902439,-7.721185684204101e-09,-0.0003506333649158478,897.9603236328124,854.3427187109374,1.8044327000808715,7.001264268881641e-05,nan,nan,0.09049000004053116,nan,0.5024060904979706,0.5257757008075714,81.96237015724182,75.82873964309692,0.0,157.79114389419556
240,240,ppo,clip,gae,ALE/BeamRider-v5,atari,0,1,1.0,24000000,100000,40,40,4,1,1553.2,636.4779336316382,2362.65,1553.2,636.4779336316382,2362.65,2.369880676269531e-09,-0.0004132766103744507,831.8408069140625,817.2455137890626,1.7966571151351929,6.178963109618052e-05,nan,nan,0.07776999995708465,nan,0.5340664088726044,0.5425386428833008,81.13405108451843,76.17270874977112,0.0,157.3068118095398
241,241,ppo,clip,gae,ALE/BeamRider-v5,atari,0,1,1.0,24100000,100000,36,36,4,1,1631.4444444444443,604.9214110777093,2561.8611111111113,1631.4444444444443,604.9214110777093,2561.8611111111113,-6.394386291503906e-09,-0.0005497682476043701,996.5971528320313,958.9433735742188,1.7960745239257812,4.0998370409943165e-05,nan,nan,0.04189000002264977,nan,0.45902585983276367,0.475558340549469,80.73677492141724,75.90754628181458,0.0,156.64435267448425
242,242,ppo,clip,gae,ALE/BeamRider-v5,atari,0,1,1.0,24200000,100000,41,41,4,1,1433.9512195121952,460.634660336574,2319.0975609756097,1433.9512195121952,460.634660336574,2319.0975609756097,5.121231079101562e-09,-0.0004367016553878784,865.817123203125,837.7565749804687,1.7962859947967529,5.7424725624732675e-05,nan,nan,0.07596000001311302,nan,0.48049449920654297,0.49677449464797974,80.64906573295593,75.84749960899353,0.0,156.49659824371338
243,243,ppo,clip,gae,ALE/BeamRider-v5,atari,0,1,1.0,24300000,100000,41,41,4,1,1369.9512195121952,517.093658130711,2271.4634146341464,1369.9512195121952,517.093658130711,2271.4634146341464,-4.377365112304688e-09,-0.00017692792415618898,755.6492827148437,730.9598082226563,1.8024028229141236,7.205204555299133e-05,nan,nan,0.10272999997377395,nan,0.5378983914852142,0.5524336695671082,81.39767003059387,75.6662757396698,0.0,157.06397652626038
244,244,ppo,clip,gae,ALE/BeamRider-v5,atari,0,1,1.0,24400000,100000,43,43,4,1,1369.860465116279,542.2408964955906,2213.720930232558,1369.860465116279,542.2408964955906,2213.720930232558,4.6992301940917965e-09,-0.0004242240786552429,785.339672109375,752.7376303125,1.8148960118484496,5.067292690044269e-05,nan,nan,0.07085999998092651,nan,0.5664503276348114,0.5805687010288239,81.03364825248718,75.91351962089539,0.0,156.94719648361206
245,245,ppo,clip,gae,ALE/BeamRider-v5,atari,0,1,1.0,24500000,100000,42,42,4,1,1486.7619047619048,671.6980546674159,2291.5714285714284,1486.7619047619048,671.6980546674159,2291.5714285714284,-3.54766845703125e-09,-0.000535538312792778,961.7713189257812,938.0860522070312,1.804564116783142,3.4949631522176784e-05,nan,nan,0.039990000007748605,nan,0.5119710266590118,0.5235184133052826,81.24251770973206,75.81476974487305,0.0,157.0573229789734
246,246,ppo,clip,gae,ALE/BeamRider-v5,atari,0,1,1.0,24600000,100000,41,41,4,1,1486.439024390244,454.8594019587456,2294.3414634146343,1486.439024390244,454.8594019587456,2294.3414634146343,8.630752563476562e-10,-0.0005289717435836792,787.2627083984376,769.016300625,1.8037489977645873,3.3070263430709016e-05,nan,nan,0.03948000002741814,nan,0.5625885725021362,0.5710529088973999,81.14745807647705,75.99826550483704,0.0,157.14575862884521
247,247,ppo,clip,gae,ALE/BeamRider-v5,atari,0,1,1.0,24700000,100000,42,42,4,1,1455.5238095238096,574.8839733080406,2263.595238095238,1455.5238095238096,574.8839733080406,2263.595238095238,8.556842803955078e-09,-0.0003325234413146973,880.6736867578124,860.7133026953124,1.8117492947006226,5.60475987335667e-05,nan,nan,0.09875000001668931,nan,0.5108689069747925,0.5215272605419159,80.62336707115173,75.8491096496582,0.0,156.47250771522522
248,248,ppo,clip,gae,ALE/BeamRider-v5,atari,0,1,1.0,24800000,100000,37,37,4,1,1659.5135135135135,741.9048391525192,2591.945945945946,1659.5135135135135,741.9048391525192,2591.945945945946,-7.01904296875e-09,-0.00037308398485183715,1274.6263521484375,1253.67496765625,1.7981253982543945,5.19782389968168e-05,nan,nan,0.09201999998807907,nan,0.4374258518218994,0.44682514667510986,81.49390316009521,76.36913967132568,0.0,157.86307525634766
249,249,ppo,clip,gae,ALE/BeamRider-v5,atari,0,1,1.0,24900000,100000,38,38,4,1,1593.2631578947369,619.8030962461737,2473.7894736842104,1593.2631578947369,619.8030962461737,2473.7894736842104,-4.143714904785156e-09,-0.0004155926060676575,895.281066640625,876.052554765625,1.7913539014816284,4.792614396195859e-05,nan,nan,0.08379000007867814,nan,0.5318123400211334,0.5418197810649872,81.11282968521118,75.72487163543701,0.0,156.83773374557495
250,250,ppo,clip,gae,ALE/BeamRider-v5,atari,0,1,1.0,25000000,100000,36,36,4,1,1789.5555555555557,698.6439422371682,2694.0555555555557,1789.5555555555557,698.6439422371682,2694.0555555555557,1.5336275100708007e-09,-0.0003575904858112335,1376.9720142382812,1342.1156094726562,1.7919945211791992,4.2155770538374783e-05,nan,nan,0.0688599999666214,nan,0.4437395930290222,0.457278311252594,80.45888566970825,75.81960082054138,0.0028390884399414062,156.28135800361633
251,251,ppo,clip,gae,ALE/BeamRider-v5,atari,0,1,1.0,25100000,100000,36,36,4,1,1731.888888888889,836.9370007413202,2535.4444444444443,1731.888888888889,836.9370007413202,2535.4444444444443,8.66413116455078e-09,-0.0004566772770881653,1197.2251575585938,1165.4402934765626,1.793825128211975,2.931536166172009e-05,nan,nan,0.04091000000715256,nan,0.4794813394546509,0.49344468116760254,80.38233518600464,75.85179281234741,0.0,156.23416423797607
252,252,ppo,clip,gae,ALE/BeamRider-v5,atari,0,1,1.0,25200000,100000,37,37,4,1,1656.3243243243244,698.9860631195406,2471.945945945946,1656.3243243243244,698.9860631195406,2471.945945945946,-2.372264862060547e-09,-0.00045710334420204164,1156.2998451367187,1128.9033048632812,1.8003654931640625,2.6775738463620654e-05,nan,nan,0.042290000040531156,nan,0.4575577974319458,0.46988409757614136,81.02703022956848,75.81401753425598,0.0,156.8410782814026
253,253,ppo,clip,gae,ALE/BeamRider-v5,atari,0,1,1.0,25300000,100000,40,40,4,1,1585.2,670.2162039222866,2366.9,1585.2,670.2162039222866,2366.9,-1.10626220703125e-09,-0.0003727000093460083,907.959552421875,890.2648969140625,1.7927376997756959,3.0060700696776622e-05,nan,nan,0.05251000000357628,nan,0.5142820775508881,0.5238315761089325,80.73091530799866,75.7674834728241,0.0,156.4984290599823
254,254,ppo,clip,gae,ALE/BeamRider-v5,atari,0,1,1.0,25400000,100000,39,39,4,1,1594.1025641025642,723.1927712252105,2419.0,1594.1025641025642,723.1927712252105,2419.0,5.829334259033203e-10,-0.0004145513504743576,1053.1514706640626,1008.0157266210938,1.7949454526519775,3.082869586360175e-05,nan,nan,0.06151999999642372,nan,0.4529622793197632,0.470458984375,80.20204830169678,75.59401965141296,0.0,155.7960979938507
255,255,ppo,clip,gae,ALE/BeamRider-v5,atari,0,1,1.0,25500000,100000,40,40,4,1,1541.5,719.5913771023107,2342.7,1541.5,719.5913771023107,2342.7,-7.755160331726074e-09,-0.00038321065485477445,922.0575524609375,893.286465234375,1.796528546180725,2.6806127942400053e-05,nan,nan,0.05368000004768372,nan,0.5139138400554657,0.5280022323131561,80.85388565063477,75.73398232460022,0.0,156.58790564537048
256,256,ppo,clip,gae,ALE/BeamRider-v5,atari,0,1,1.0,25600000,100000,37,37,4,1,1669.5135135135135,787.8489916228673,2509.108108108108,1669.5135135135135,787.8489916228673,2509.108108108108,2.5033950805664064e-09,-0.00036650771141052247,1265.2306257421876,1237.5265064453124,1.7994396440505982,3.3623699677409604e-05,nan,nan,0.07105999997138977,nan,0.4824654459953308,0.4916377663612366,81.15499258041382,75.81414318084717,0.0,156.96917915344238
257,257,ppo,clip,gae,ALE/BeamRider-v5,atari,0,1,1.0,25700000,100000,39,39,4,1,1539.179487179487,589.7971346929762,2351.5384615384614,1539.179487179487,589.7971346929762,2351.5384615384614,-3.0517578125e-09,-0.0003546916341781616,955.2663093164063,936.6628068164063,1.7967280922317506,3.077909653831739e-05,nan,nan,0.07534000001430512,nan,0.5158407092094421,0.5233969688415527,81.05051851272583,75.9834475517273,0.0,157.03399467468262
258,258,ppo,clip,gae,ALE/BeamRider-v5,atari,0,1,1.0,25800000,100000,41,41,4,1,1434.0487804878048,543.5070377276529,2268.2195121951218,1434.0487804878048,543.5070377276529,2268.2195121951218,-2.3734569549560548e-09,-0.0004431456971168518,936.355601484375,923.8035271289062,1.7950885846328735,2.2710099758114666e-05,nan,nan,0.046950000021457675,nan,0.522631049156189,0.5286005139350891,80.8679871559143,76.30224752426147,0.0,157.17026543617249
259,259,ppo,clip,gae,ALE/BeamRider-v5,atari,0,1,1.0,25900000,100000,39,39,4,1,1592.820512820513,523.0076173291861,2432.0,1592.820512820513,523.0076173291861,2432.0,9.60826873779297e-09,-0.00025345219969749453,777.1513456640625,762.7422331640626,1.793742739715576,3.702077559777536e-05,nan,nan,0.10895999996185303,nan,0.5472351610660553,0.5543939173221588,81.21643280982971,75.47699189186096,0.0,156.69345498085022
260,260,ppo,clip,gae,ALE/BeamRider-v5,atari,0,1,1.0,26000000,100000,40,40,4,1,1612.1,771.1095836520254,2351.175,1612.1,771.1095836520254,2351.175,1.4799833297729493e-09,-0.00040002419650554655,1012.8196053515625,988.5467052148438,1.7895137902832032,2.2935363030410373e-05,nan,nan,0.05580999996900558,nan,0.5137904286384583,0.5239593684673309,80.17006731033325,75.2868549823761,0.0,155.45695328712463
261,261,ppo,clip,gae,ALE/BeamRider-v5,atari,0,1,1.0,26100000,100000,41,41,4,1,1586.0487804878048,719.2999968200626,2314.9756097560976,1586.0487804878048,719.2999968200626,2314.9756097560976,7.462501525878906e-10,-0.00022356233835220336,1081.0402040136719,1052.1372000097656,1.7931403465652467,3.553138343384489e-05,nan,nan,0.12400000003099441,nan,0.5096411406993866,0.521666944026947,80.0952205657959,75.42771911621094,0.0,155.52297735214233
262,262,ppo,clip,gae,ALE/BeamRider-v5,atari,0,1,1.0,26200000,100000,39,39,4,1,1622.5641025641025,749.7328000907303,2439.4358974358975,1622.5641025641025,749.7328000907303,2439.4358974358975,2.0503997802734374e-10,-0.00029806280732154846,1343.9726927148438,1291.6277303320312,1.7938459900665282,2.1515689513180405e-05,nan,nan,0.06318000003576278,nan,0.44788455963134766,0.46810948848724365,80.7746524810791,75.5536994934082,0.0,156.32838320732117
263,263,ppo,clip,gae,ALE/BeamRider-v5,atari,0,1,1.0,26300000,100000,39,39,4,1,1662.4615384615386,699.0270838138715,2452.4871794871797,1662.4615384615386,699.0270838138715,2452.4871794871797,2.771615982055664e-09,-0.000337275927066803,1739.3962380664063,1687.7603131835938,1.792192932624817,1.946756366000045e-05,nan,nan,0.051590000038146976,nan,0.39565712213516235,0.41240960359573364,80.33275938034058,75.89743065834045,0.0,156.23022198677063
264,264,ppo,clip,gae,ALE/BeamRider-v5,atari,0,1,1.0,26400000,100000,40,40,4,1,1519.6,792.7762862245565,2292.775,1519.6,792.7762862245565,2292.775,-2.1767616271972654e-09,-0.00031808309823274614,1231.5801488867187,1205.6226826757813,1.7959925380706787,1.568383956211619e-05,nan,nan,0.04530000002145767,nan,0.4653768539428711,0.47610294818878174,81.1231861114502,76.05289244651794,0.0,157.17611169815063
265,265,ppo,clip,gae,ALE/BeamRider-v5,atari,0,1,1.0,26500000,100000,38,38,4,1,1715.842105263158,790.5319170731549,2552.7894736842104,1715.842105263158,790.5319170731549,2552.7894736842104,-4.749298095703125e-09,2.9376025199890136e-05,1308.5058758984376,1275.2496249609376,1.7897633514785767,4.5634487762581556e-05,nan,nan,0.19707000004291533,nan,0.4456526041030884,0.45900362730026245,81.03547477722168,75.93243455886841,0.0,156.96794033050537
266,266,ppo,clip,gae,ALE/BeamRider-v5,atari,0,1,1.0,26600000,100000,42,42,4,1,1509.5238095238096,804.4334071730013,2281.095238095238,1509.5238095238096,804.4334071730013,2281.095238095238,1.544952392578125e-09,-0.00018722454071044923,1300.468791171875,1271.469913203125,1.79357471698761,2.3950247552711517e-05,nan,nan,0.09448000000715255,nan,0.44941580295562744,0.4616931676864624,80.22083640098572,75.76486563682556,0.0,155.98573303222656
267,267,ppo,clip,gae,ALE/BeamRider-v5,atari,0,1,1.0,26700000,100000,41,41,4,1,1631.9024390243903,829.0936516249434,2375.9756097560976,1631.9024390243903,829.0936516249434,2375.9756097560976,1.4040470123291015e-08,-0.00027512423753738404,1123.72661875,1099.7287775,1.7846821144866942,2.015081838413607e-05,nan,nan,0.08581000003814697,nan,0.4907045364379883,0.501346081495285,80.4204568862915,75.76312160491943,0.0,156.18360996246338
268,268,ppo,clip,gae,ALE/BeamRider-v5,atari,0,1,1.0,26800000,100000,39,39,4,1,1505.8461538461538,512.0102932890363,2375.4871794871797,1505.8461538461538,512.0102932890363,2375.4871794871797,1.1545419692993163e-09,-0.00017968246757984162,890.6705397851563,871.79644859375,1.7855870795822144,2.07985820423346e-05,nan,nan,0.08608000000953674,nan,0.5423571467399597,0.5518462359905243,80.12398362159729,75.6267409324646,0.0,155.7507553100586
269,269,ppo,clip,gae,ALE/BeamRider-v5,atari,0,1,1.0,26900000,100000,39,39,4,1,1556.5128205128206,545.8484279045704,2436.358974358974,1556.5128205128206,545.8484279045704,2436.358974358974,-6.961822509765625e-10,-0.00018848821759223937,889.0070808007813,868.8250888574219,1.788025478515625,1.9433757018996404e-05,nan,nan,0.0866600000333786,nan,0.5141263008117676,0.5249141752719879,81.04526662826538,75.46463251113892,0.0,156.50992965698242
270,270,ppo,clip,gae,ALE/BeamRider-v5,atari,0,1,1.0,27000000,100000,38,38,4,1,1707.578947368421,593.2006242490127,2515.4736842105262,1707.578947368421,593.2006242490127,2515.4736842105262,-9.439587593078614e-09,-0.0001747272926568985,1016.96772234375,996.7593322460938,1.7948997138214111,1.9472627462237143e-05,nan,nan,0.11046000001192093,nan,0.47994470596313477,0.4895656704902649,80.96236109733582,75.59547162055969,0.0,156.5578737258911
271,271,ppo,clip,gae,ALE/BeamRider-v5,atari,0,1,1.0,27100000,100000,39,39,4,1,1594.4615384615386,728.3930274013226,2379.7179487179487,1594.4615384615386,728.3930274013226,2379.7179487179487,1.7118453979492187e-09,-0.000267508008480072,1173.0672778613282,1154.8456501660157,1.7858963970947266,1.1646876671875361e-05,nan,nan,0.052330000010728836,nan,0.4858855605125427,0.49432748556137085,80.58216786384583,76.08040165901184,0.0,156.6626009941101
272,272,ppo,clip,gae,ALE/BeamRider-v5,atari,0,1,1.0,27200000,100000,41,41,4,1,1537.658536585366,464.4682041550629,2351.6341463414633,1537.658536585366,464.4682041550629,2351.6341463414633,-5.167722702026367e-09,-0.00016520577430725097,869.287345390625,846.5894212890626,1.788645278968811,1.6706332438625394e-05,nan,nan,0.10409000000715256,nan,0.5118800699710846,0.5238194465637207,81.23588132858276,76.05916571617126,0.0,157.29507851600647
273,273,ppo,clip,gae,ALE/BeamRider-v5,atari,0,1,1.0,27300000,100000,40,40,4,1,1629.6,689.9830722561243,2454.65,1629.6,689.9830722561243,2454.65,-3.3283233642578125e-09,-0.00022663434982299804,1067.87336,1038.25446796875,1.7932253453826905,1.2732268577383365e-05,nan,nan,0.07157000005722046,nan,0.45974570512771606,0.47483861446380615,80.15377020835876,75.56488180160522,0.0,155.7186839580536
274,274,ppo,clip,gae,ALE/BeamRider-v5,atari,0,1,1.0,27400000,100000,37,37,4,1,1704.2162162162163,810.8117765760014,2479.324324324324,1704.2162162162163,810.8117765760014,2479.324324324324,-5.834102630615234e-09,-0.00014374887585639953,1384.576095234375,1351.758330625,1.7905623860549926,1.507770033669658e-05,nan,nan,0.11251999997854233,nan,0.4439988136291504,0.4569859504699707,80.33671069145203,75.3244161605835,0.0,155.66115808486938
275,275,ppo,clip,gae,ALE/BeamRider-v5,atari,0,1,1.0,27500000,100000,36,36,4,1,1701.2222222222222,680.4768389850324,2517.0555555555557,1701.2222222222222,680.4768389850324,2517.0555555555557,-1.2001991271972657e-08,-0.0001781110668182373,1146.79513359375,1120.9357588085938,1.7852082313919067,1.1373143736855127e-05,nan,nan,0.0791500000500679,nan,0.48802947998046875,0.499201238155365,80.57906031608582,76.24641466140747,0.0029172897338867188,156.82842326164246
276,276,ppo,clip,gae,ALE/BeamRider-v5,atari,0,1,1.0,27600000,100000,39,39,4,1,1628.1025641025642,595.5055510030755,2416.2820512820513,1628.1025641025642,595.5055510030755,2416.2820512820513,-4.15802001953125e-09,-0.00018595609664916993,930.6130884375,908.072924765625,1.7931527178955078,8.879735980299302e-06,nan,nan,0.06574000002264976,nan,0.5220149457454681,0.5335727035999298,81.19584274291992,75.4882869720459,0.0,156.6841700077057
277,277,ppo,clip,gae,ALE/BeamRider-v5,atari,0,1,1.0,27700000,100000,39,39,4,1,1605.2307692307693,649.5746324756061,2386.74358974359,1605.2307692307693,649.5746324756061,2386.74358974359,-7.891654968261718e-09,-0.00022131505608558654,1158.7306181738281,1150.1465991015625,1.7865179892349243,6.645027865451993e-06,nan,nan,0.04745999999880791,nan,0.4681016206741333,0.4713546633720398,80.71692824363708,75.71146130561829,0.0,156.42841958999634
278,278,ppo,clip,gae,ALE/BeamRider-v5,atari,0,1,1.0,27800000,100000,39,39,4,1,1556.923076923077,667.568084864004,2396.5897435897436,1556.923076923077,667.568084864004,2396.5897435897436,1.773834228515625e-09,-0.0001867528438568115,1199.8906695703124,1176.396415859375,1.7848230479431153,8.008398842357565e-06,nan,nan,0.0739900000667572,nan,0.4622792601585388,0.4716032147407532,80.9970030784607,75.7576494216919,0.0,156.75468611717224
279,279,ppo,clip,gae,ALE/BeamRider-v5,atari,0,1,1.0,27900000,100000,43,43,4,1,1449.953488372093,564.4760465591024,2212.4883720930234,1449.953488372093,564.4760465591024,2212.4883720930234,-2.529621124267578e-09,-0.0002021711754798889,905.63639453125,883.5001049023438,1.7935942710494994,6.772432963480241e-06,nan,nan,0.06091000004529953,nan,0.5311808884143829,0.5428449511528015,80.49743270874023,75.71004915237427,0.0,156.20752024650574
280,280,ppo,clip,gae,ALE/BeamRider-v5,atari,0,1,1.0,28000000,100000,40,40,4,1,1556.8,624.590233673246,2348.95,1556.8,624.590233673246,2348.95,-3.2788515090942385e-09,-0.00015908994436264037,933.5392548828125,923.1660998828125,1.7850423026657105,7.750035982899135e-06,nan,nan,0.0925600000166893,nan,0.536696583032608,0.5410539507865906,80.53284788131714,75.91574811935425,0.0,156.44862818717957
281,281,ppo,clip,gae,ALE/BeamRider-v5,atari,0,1,1.0,28100000,100000,39,39,4,1,1644.1538461538462,680.6311376671878,2464.4102564102564,1644.1538461538462,680.6311376671878,2464.4102564102564,-7.271766662597656e-09,-0.00014470934867858888,1116.3319676953124,1099.5299053710937,1.7812366414260865,6.562634058791446e-06,nan,nan,0.08786000004768371,nan,0.4850776791572571,0.4924396276473999,80.77019691467285,75.61886739730835,0.0,156.3891041278839
282,282,ppo,clip,gae,ALE/BeamRider-v5,atari,0,1,1.0,28200000,100000,34,34,4,1,1786.235294117647,810.8407785540204,2649.764705882353,1786.235294117647,810.8407785540204,2649.764705882353,2.2029876708984375e-09,-0.00016660964965820312,1247.46862453125,1225.379085625,1.782209321975708,5.2886918955482546e-06,nan,nan,0.06829000002264976,nan,0.4558955430984497,0.4643367528915405,81.46120238304138,76.00820779800415,0.0,157.46944189071655
283,283,ppo,clip,gae,ALE/BeamRider-v5,atari,0,1,1.0,28300000,100000,36,36,4,1,1838.4444444444443,779.1387140955513,2646.9444444444443,1838.4444444444443,779.1387140955513,2646.9444444444443,-2.0962953567504883e-09,-0.00010465668916702271,1243.455566455078,1230.6681725976562,1.7893463149261475,6.482999866711907e-06,nan,nan,0.1151299999833107,nan,0.48902958631515503,0.49391311407089233,80.5382809638977,76.00023579597473,0.0,156.5385525226593
284,284,ppo,clip,gae,ALE/BeamRider-v5,atari,0,1,1.0,28400000,100000,37,37,4,1,1658.7027027027027,588.2283462142849,2536.9189189189187,1658.7027027027027,588.2283462142849,2536.9189189189187,9.634494781494141e-09,-0.00013247462749481202,966.4833394140625,947.89115234375,1.7866407174682617,4.0626796535798346e-06,nan,nan,0.07064999998807907,nan,0.5030526518821716,0.5094939470291138,80.41444373130798,75.75349378585815,0.0,156.16796827316284
285,285,ppo,clip,gae,ALE/BeamRider-v5,atari,0,1,1.0,28500000,100000,39,39,4,1,1602.7692307692307,628.2309905717744,2412.769230769231,1602.7692307692307,628.2309905717744,2412.769230769231,-1.63346529006958e-09,-0.00012707929730415343,1239.9884470898437,1222.7425687109376,1.7882110749053954,4.19699795806082e-06,nan,nan,0.09193000002861022,nan,0.44404059648513794,0.45158809423446655,81.01145768165588,75.85960006713867,0.0,156.87108969688416
286,286,ppo,clip,gae,ALE/BeamRider-v5,atari,0,1,1.0,28600000,100000,40,40,4,1,1585.7,661.9129172330753,2387.6,1585.7,661.9129172330753,2387.6,-6.643533706665039e-09,-0.00011249577343463898,1182.8232475390625,1171.0921154101563,1.79129685546875,3.032788924901979e-06,nan,nan,0.06413000007629395,nan,0.45624661445617676,0.46167993545532227,80.28784561157227,75.65762639045715,0.0,155.9455120563507
287,287,ppo,clip,gae,ALE/BeamRider-v5,atari,0,1,1.0,28700000,100000,38,38,4,1,1745.5263157894738,918.6307240682821,2512.7368421052633,1745.5263157894738,918.6307240682821,2512.7368421052633,-4.00543212890625e-09,-0.00011454041004180908,1573.9294651953126,1547.36954328125,1.7837994243621826,2.9848900453362147e-06,nan,nan,0.0804800000524521,nan,0.431864857673645,0.44150310754776,80.86539053916931,75.99227285385132,0.0,156.85769534111023
288,288,ppo,clip,gae,ALE/BeamRider-v5,atari,0,1,1.0,28800000,100000,41,41,4,1,1586.7317073170732,656.424870755112,2342.1951219512193,1586.7317073170732,656.424870755112,2342.1951219512193,-1.9006431102752685e-09,-0.0001066467747092247,1198.7506788476562,1189.472677841797,1.7857823595428466,2.1579222344735174e-06,nan,nan,0.06297000001192093,nan,0.47683054208755493,0.48087549209594727,81.9557592868805,75.69897508621216,0.0,157.65476870536804
289,289,ppo,clip,gae,ALE/BeamRider-v5,atari,0,1,1.0,28900000,100000,38,38,4,1,1802.6315789473683,887.2208655492317,2515.5789473684213,1802.6315789473683,887.2208655492317,2515.5789473684213,-3.6609172821044923e-09,-8.60788345336914e-05,1832.2660540429688,1807.859463515625,1.7934927123641968,1.8548641899906216e-06,nan,nan,0.057110000028610226,nan,0.4040095806121826,0.41001296043395996,81.45440292358398,75.88821125030518,0.0,157.34264659881592
290,290,ppo,clip,gae,ALE/BeamRider-v5,atari,0,1,1.0,29000000,100000,36,36,4,1,1779.8333333333333,859.8144987276164,2617.8888888888887,1779.8333333333333,859.8144987276164,2617.8888888888887,-4.493743181228638e-09,-9.42925214767456e-05,1221.2022634375,1201.2060765527344,1.7842407551956176,1.1973332578781993e-06,nan,nan,0.04118000001549721,nan,0.48133498430252075,0.48708242177963257,81.10661363601685,75.99246883392334,0.0,157.0991141796112
291,291,ppo,clip,gae,ALE/BeamRider-v5,atari,0,1,1.0,29100000,100000,39,39,4,1,1624.6153846153845,590.7912389063008,2447.923076923077,1624.6153846153845,590.7912389063008,2447.923076923077,-2.092123031616211e-09,-9.213700890541077e-05,991.6173582128906,974.823818671875,1.7865104627990722,8.264280652656453e-07,nan,nan,0.03010000002145767,nan,0.4922144412994385,0.49943751096725464,80.36262774467468,76.04493999481201,0.0,156.4075984954834
292,292,ppo,clip,gae,ALE/BeamRider-v5,atari,0,1,1.0,29200000,100000,39,39,4,1,1672.3076923076924,683.6501637175879,2409.974358974359,1672.3076923076924,683.6501637175879,2409.974358974359,2.0003318786621093e-09,-7.236601829528809e-05,1095.0529635546875,1054.8433662109376,1.7927102731704712,7.951943225452851e-07,nan,nan,0.04307000003218651,nan,0.5411635339260101,0.5492300093173981,80.52903413772583,75.77144837379456,0.0,156.3005132675171
293,293,ppo,clip,gae,ALE/BeamRider-v5,atari,0,1,1.0,29300000,100000,40,40,4,1,1539.0,575.5746693522918,2371.775,1539.0,575.5746693522918,2371.775,7.99119472503662e-09,-5.172605812549591e-05,1082.6503716210937,1046.9728536523437,1.7906063624191284,1.0022016878065187e-06,nan,nan,0.0884899999666214,nan,0.4900416135787964,0.4995056986808777,81.34700036048889,75.64132237434387,0.0,156.9883530139923
294,294,ppo,clip,gae,ALE/BeamRider-v5,atari,0,1,1.0,29400000,100000,42,42,4,1,1475.047619047619,557.3596322278715,2271.904761904762,1475.047619047619,557.3596322278715,2271.904761904762,3.836154937744141e-09,-4.718076229095459e-05,952.2734873046875,943.156608125,1.794013525505066,5.973342329525622e-07,nan,nan,0.07879999997854233,nan,0.49899184703826904,0.5037972331047058,81.01210570335388,75.91338300704956,0.0,156.92552781105042
295,295,ppo,clip,gae,ALE/BeamRider-v5,atari,0,1,1.0,29500000,100000,41,41,4,1,1540.2926829268292,537.4036155851777,2331.7073170731705,1540.2926829268292,537.4036155851777,2331.7073170731705,4.38690185546875e-10,-2.2667207717895508e-05,958.25418515625,951.039236953125,1.7896162104797364,6.226078792496991e-07,nan,nan,0.11991999992847442,nan,0.48738908767700195,0.4911279082298279,80.98215317726135,75.8527021408081,0.0,156.83488821983337
296,296,ppo,clip,gae,ALE/BeamRider-v5,atari,0,1,1.0,29600000,100000,40,40,4,1,1599.4,539.5802442640019,2392.95,1599.4,539.5802442640019,2392.95,-1.4028549194335938e-08,-3.7332334518432615e-05,935.9474509375,916.484024375,1.7939871691894531,2.4459107005895933e-07,nan,nan,0.056850000071525575,nan,0.542522668838501,0.5484678447246552,80.28597474098206,76.52546691894531,0.0,156.8114731311798
297,297,ppo,clip,gae,ALE/BeamRider-v5,atari,0,1,1.0,29700000,100000,41,41,4,1,1534.439024390244,757.2365048852013,2335.4146341463415,1534.439024390244,757.2365048852013,2335.4146341463415,-1.1157989501953125e-09,-2.7497715950012208e-05,1211.4213456054688,1200.791317421875,1.7893290044403076,1.2139022176597791e-07,nan,nan,0.05750000005722046,nan,0.4722685217857361,0.47385382652282715,81.22221946716309,76.09719109535217,0.0,157.31944131851196
298,298,ppo,clip,gae,ALE/BeamRider-v5,atari,0,1,1.0,29800000,100000,38,38,4,1,1725.7894736842106,577.3337608941158,2530.8947368421054,1725.7894736842106,577.3337608941158,2530.8947368421054,5.002021789550781e-09,-1.7910127639770508e-05,1014.6023477148437,1000.134140390625,1.7852779749298096,5.82629991538397e-08,nan,nan,0.05860999998927116,nan,0.5155564248561859,0.5181041061878204,81.32334852218628,75.9701554775238,0.0,157.2935357093811
299,299,ppo,clip,gae,ALE/BeamRider-v5,atari,0,1,1.0,29900000,100000,37,37,4,1,1774.1081081081081,958.7744368437601,2546.2972972972975,1774.1081081081081,958.7744368437601,2546.2972972972975,-2.369880676269531e-09,-8.426041603088379e-06,1577.31295640625,1574.5734106054688,1.7804506354141236,1.6531270273958398e-08,nan,nan,0.051700000014305116,nan,0.43364864587783813,0.4342882037162781,81.07060313224792,75.62569499015808,0.0,156.6963312625885
300,300,ppo,clip,gae,ALE/BeamRider-v5,atari,0,1,1.0,30000000,100000,41,41,4,1,1601.7073170731708,735.0701391422831,2329.6585365853657,1601.7073170731708,735.0701391422831,2329.6585365853657,1.03302001953125e-07,1.03302001953125e-07,1169.29373453125,1169.29373453125,1.7912951766204834,0.0,nan,nan,0.74042,nan,0.4795699715614319,0.4795699715614319,80.78286600112915,76.12184286117554,0.0028791427612304688,156.90761852264404
