iteration,epoch,method,method_variant,estimator,env_id,suite,seed,trainable,did_update,env_steps,batch_env_steps,episodes_in_batch,episodes_in_epoch,num_workers,parallel_rollouts,train_return_mean,train_return_std,train_len_mean,ep_return_mean,ep_return_std,ep_len_mean,policy_loss_before,policy_loss_after,value_loss_before,value_loss_after,entropy,approx_kl,line_search_success,cg_norm,clip_fraction,kl_coef,value_explained_variance_before,value_explained_variance_after,collect_time_sec,update_time_sec,checkpoint_time_sec,wall_time_sec
1,1,ppo,clip,gae,ALE/Enduro-v5,atari,0,1,1.0,100000,100000,28,28,4,1,0.0,0.0,3324.214285714286,0.0,0.0,3324.214285714286,-1.3148307800292968e-07,-0.00047320544242858886,0.025959663842916487,5.220927686430514e-05,2.191129387664795,0.001499276990815997,nan,nan,0.02791000001490116,nan,-0.19110989570617676,-0.022475361824035645,86.65417551994324,78.84059143066406,0.0,165.49498510360718
2,2,ppo,clip,gae,ALE/Enduro-v5,atari,0,1,1.0,200000,100000,28,28,4,1,0.0,0.0,3324.5,0.0,0.0,3324.5,-2.3251771926879885e-09,-0.0008365643787384033,4.061983042629436e-06,1.526526028465014e-06,2.19039943939209,0.0010517793422192335,nan,nan,0.00025,nan,-123.44300079345703,-47.462745666503906,86.77963185310364,76.78001594543457,0.0,163.55968928337097
3,3,ppo,clip,gae,ALE/Enduro-v5,atari,0,1,1.0,300000,100000,28,28,4,1,0.0,0.0,3325.1428571428573,0.0,0.0,3325.1428571428573,-3.3646821975708008e-09,-0.00042422594010829923,1.6485434079731932e-06,1.1515558323299047e-06,2.1878324704742433,0.0009065880952589214,nan,nan,0.00119,nan,nan,nan,86.26313853263855,76.58639526367188,0.0,162.84956908226013
4,4,ppo,clip,gae,ALE/Enduro-v5,atari,0,1,1.0,400000,100000,28,28,4,1,0.0,0.0,3324.8571428571427,0.0,0.0,3324.8571428571427,5.323067307472229e-09,-0.0008322691343724727,1.1437778220351902e-06,8.914360618473438e-07,2.1879510204315187,0.0017215016622468828,nan,nan,0.04074000006437302,nan,nan,nan,85.27978992462158,76.85900616645813,0.0,162.13885045051575
5,5,ppo,clip,gae,ALE/Enduro-v5,atari,0,1,1.0,500000,100000,28,28,4,1,0.0,0.0,3324.8571428571427,0.0,0.0,3324.8571428571427,8.647441864013671e-09,-0.0006551770396530628,9.379601480759448e-07,8.823423953981547e-07,2.186967628097534,0.0009464855842851103,nan,nan,0.01302,nan,nan,nan,85.26396012306213,76.74635076522827,0.0,162.0103464126587
6,6,ppo,clip,gae,ALE/Enduro-v5,atari,0,1,1.0,600000,100000,28,28,4,1,0.0,0.0,3325.1428571428573,0.0,0.0,3325.1428571428573,-9.616315364837647e-09,-0.000521191539466381,8.714244758084532e-07,7.065949911702773e-07,2.1883046509552,0.001078786593005061,nan,nan,0.0006000000002980233,nan,nan,nan,85.38481211662292,76.8887448310852,0.0,162.2735893726349
7,7,ppo,clip,gae,ALE/Enduro-v5,atari,0,1,1.0,700000,100000,28,28,4,1,0.0,0.0,3324.8214285714284,0.0,0.0,3324.8214285714284,8.706226944923401e-09,-0.00021055219605565072,7.544026546202076e-07,6.46698657565139e-07,2.1896761485290526,0.00046869595943018795,nan,nan,2e-05,nan,nan,nan,85.13725471496582,76.60652232170105,0.0,161.74380898475647
8,8,ppo,clip,gae,ALE/Enduro-v5,atari,0,1,1.0,800000,100000,28,28,4,1,0.0,0.0,3324.6428571428573,0.0,0.0,3324.6428571428573,4.762411117553711e-10,-0.00043613282054662706,6.341105565115868e-07,6.158329302161292e-07,2.189962527999878,0.0008055240708589554,nan,nan,0.00021000000029802323,nan,nan,nan,86.94407081604004,77.05388140678406,0.0,163.99798703193665
9,9,ppo,clip,gae,ALE/Enduro-v5,atari,0,1,1.0,900000,100000,28,28,4,1,0.0,0.0,3324.25,0.0,0.0,3324.25,1.237034797668457e-08,-0.0006303322875499725,6.129064526612638e-07,5.217556875868468e-07,2.1915458100891114,0.001582066251039505,nan,nan,0.00257,nan,nan,nan,84.97051501274109,76.87754797935486,0.0,161.84810185432434
10,10,ppo,clip,gae,ALE/Enduro-v5,atari,0,1,1.0,1000000,100000,28,28,4,1,0.0,0.0,3323.9285714285716,0.0,0.0,3323.9285714285716,-2.1767616271972654e-09,-0.0003927213269472122,5.46791135238891e-07,6.946936553868e-07,2.189906620864868,0.0006086526059545577,nan,nan,0.00014000000014901162,nan,nan,nan,85.91830134391785,76.72578501701355,0.0,162.6441295146942
11,11,ppo,clip,gae,ALE/Enduro-v5,atari,0,1,1.0,1100000,100000,28,28,4,1,0.0,0.0,3325.0714285714284,0.0,0.0,3325.0714285714284,4.17955219745636e-09,-0.0006164897336810827,7.034158128772106e-07,4.695252270994388e-07,2.1890793941497804,0.0014420760228484868,nan,nan,0.00308,nan,nan,nan,85.12935209274292,76.94679713249207,0.0,162.07618308067322
12,12,ppo,clip,gae,ALE/Enduro-v5,atari,0,1,1.0,1200000,100000,28,28,4,1,0.0,0.0,3325.3214285714284,0.0,0.0,3325.3214285714284,2.090930938720703e-09,-0.0006779754018783569,4.77769741873999e-07,5.885945679801808e-07,2.1850320252990723,0.0014851552014425397,nan,nan,0.004550000000298023,nan,nan,nan,84.77222537994385,76.94268321990967,0.0,161.71494221687317
13,13,ppo,clip,gae,ALE/Enduro-v5,atari,0,1,1.0,1300000,100000,28,28,4,1,0.0,0.0,3324.535714285714,0.0,0.0,3324.535714285714,-7.440745830535889e-09,-0.00048488155126571656,5.695962600111671e-07,4.6445737298199676e-07,2.1834038156890867,0.0012076916197314859,nan,nan,0.00017,nan,nan,nan,85.5174629688263,76.88300561904907,0.0,162.40050268173218
14,14,ppo,clip,gae,ALE/Enduro-v5,atari,0,1,1.0,1400000,100000,28,28,4,1,0.0,0.0,3324.5,0.0,0.0,3324.5,-1.023709774017334e-08,-0.000699047634601593,4.857833810456213e-07,5.428482198112761e-07,2.1847608234405516,0.0009749551278539002,nan,nan,0.00023,nan,nan,nan,84.92680191993713,76.79335522651672,0.0,161.7202010154724
15,15,ppo,clip,gae,ALE/Enduro-v5,atari,0,1,1.0,1500000,100000,28,28,4,1,0.0,0.0,3324.6785714285716,0.0,0.0,3324.6785714285716,-6.258785724639893e-09,-0.0005359176272153854,5.406897687134915e-07,3.544380323819496e-07,2.186982724761963,0.0009958684568852187,nan,nan,0.00027,nan,nan,nan,85.4027681350708,76.75368571281433,0.0,162.15649437904358
16,16,ppo,clip,gae,ALE/Enduro-v5,atari,0,1,1.0,1600000,100000,28,28,4,1,0.0,0.0,3324.3928571428573,0.0,0.0,3324.3928571428573,-2.040863037109375e-09,-0.0006829634267091751,3.7185709718869475e-07,5.199811924467212e-07,2.187422160644531,0.0013814762829244137,nan,nan,0.014610000004768371,nan,nan,nan,84.73868894577026,76.86873507499695,0.0,161.60747361183167
17,17,ppo,clip,gae,ALE/Enduro-v5,atari,0,1,1.0,1700000,100000,28,28,4,1,0.0,0.0,3324.1785714285716,0.0,0.0,3324.1785714285716,1.145780086517334e-08,-0.000381615561246872,5.500635679891275e-07,8.295811519928975e-07,2.1892875847625732,0.0007658891432546079,nan,nan,0.00063,nan,nan,nan,85.08100771903992,76.59941172599792,0.0,161.68045449256897
18,18,ppo,clip,gae,ALE/Enduro-v5,atari,0,1,1.0,1800000,100000,28,28,4,1,0.0,0.0,3324.8928571428573,0.0,0.0,3324.8928571428573,2.0194053649902344e-09,-0.0006305215692520141,8.607052177467267e-07,3.8291228239359043e-07,2.1898300440216065,0.0013188865111768246,nan,nan,0.008750000000149012,nan,nan,nan,86.57452964782715,76.91886496543884,0.0,163.493426322937
19,19,ppo,clip,gae,ALE/Enduro-v5,atari,0,1,1.0,1900000,100000,28,28,4,1,0.0,0.0,3324.3928571428573,0.0,0.0,3324.3928571428573,-6.849393248558044e-09,-0.0005406983864307403,3.853430760591436e-07,4.172425611886865e-07,2.189153980178833,0.0007389046769961714,nan,nan,0.00261,nan,nan,nan,85.28398633003235,76.69133830070496,0.0,161.97536396980286
20,20,ppo,clip,gae,ALE/Enduro-v5,atari,0,1,1.0,2000000,100000,28,28,4,1,0.0,0.0,3324.214285714286,0.0,0.0,3324.214285714286,3.784298896789551e-09,-0.0006499111299216747,4.1388484321942086e-07,4.562266623179312e-07,2.186934628753662,0.0008765169216506183,nan,nan,0.012489999989271163,nan,nan,nan,86.49241423606873,76.83593368530273,0.0,163.32839107513428
21,21,ppo,clip,gae,ALE/Enduro-v5,atari,0,1,1.0,2100000,100000,28,28,4,1,0.0,0.0,3324.4285714285716,0.0,0.0,3324.4285714285716,-1.2390613555908204e-08,-0.0004169522976875305,4.550956795537786e-07,2.668236614908892e-07,2.1859521360015868,0.0007286858474742621,nan,nan,0.0032900000001490114,nan,nan,nan,85.7489116191864,77.0643105506897,0.0,162.81325840950012
22,22,ppo,clip,gae,ALE/Enduro-v5,atari,0,1,1.0,2200000,100000,28,28,4,1,0.0,0.0,3324.285714285714,0.0,0.0,3324.285714285714,-8.554458618164063e-09,-0.0009401826071739197,2.6284007806680163e-07,2.2477947025436152e-07,2.183593024368286,0.0013251882325857878,nan,nan,0.0026600000001490115,nan,nan,nan,86.16927218437195,76.9247727394104,0.0,163.0940797328949
23,23,ppo,clip,gae,ALE/Enduro-v5,atari,0,1,1.0,2300000,100000,28,28,4,1,0.0,0.0,3324.3214285714284,0.0,0.0,3324.3214285714284,-1.1307001113891602e-08,-0.0005795549964904785,2.2727804229816685e-07,2.2559274569175614e-07,2.1862802709198,0.0010689295048639177,nan,nan,0.008080000010132789,nan,nan,nan,86.33588767051697,76.81215810775757,0.0,163.14808559417725
24,24,ppo,clip,gae,ALE/Enduro-v5,atari,0,1,1.0,2400000,100000,28,28,4,1,0.0,0.0,3324.285714285714,0.0,0.0,3324.285714285714,3.574490547180176e-09,-0.0003906962263584137,2.2972319631207938e-07,2.3016269668460155e-07,2.183915970916748,0.000598357315119356,nan,nan,0.0004700000002980232,nan,nan,nan,86.50803709030151,76.671945810318,0.0,163.18001651763916
25,25,ppo,clip,gae,ALE/Enduro-v5,atari,0,1,1.0,2500000,100000,28,28,4,1,0.0,0.0,3324.964285714286,0.0,0.0,3324.964285714286,2.5779008865356443e-09,-0.0005472172087430954,2.3067937061114207e-07,2.2651269679954565e-07,2.1828837671661376,0.0009666993290372192,nan,nan,0.0007800000001490116,nan,nan,nan,86.64943838119507,76.57349991798401,0.01264500617980957,163.23562002182007
26,26,ppo,clip,gae,ALE/Enduro-v5,atari,0,1,1.0,2600000,100000,28,28,4,1,0.0,0.0,3323.8214285714284,0.0,0.0,3323.8214285714284,-4.063099622726441e-09,-0.0005098949096351862,2.3947601274812767e-07,5.953709406458074e-07,2.177989742965698,0.001087254219762981,nan,nan,0.00036,nan,nan,nan,86.1109037399292,76.53762102127075,0.0,162.64855861663818
27,27,ppo,clip,gae,ALE/Enduro-v5,atari,0,1,1.0,2700000,100000,28,28,4,1,0.0,0.0,3324.5,0.0,0.0,3324.5,9.408295154571534e-09,-0.0006819253648817539,5.889745780768862e-07,1.7497670256034326e-07,2.1725179837799073,0.0011517208935134112,nan,nan,0.0002700000002980232,nan,nan,nan,86.29405784606934,76.65598392486572,0.0,162.9500870704651
28,28,ppo,clip,gae,ALE/Enduro-v5,atari,0,1,1.0,2800000,100000,28,28,4,1,0.0,0.0,3324.464285714286,0.0,0.0,3324.464285714286,-2.2304803133010866e-09,-0.0005819595530629158,1.7927115645306914e-07,1.885130785922229e-07,2.1763046380615236,0.001047816769890487,nan,nan,0.025020000011324883,nan,nan,nan,85.25862669944763,76.80953907966614,0.0,162.06821274757385
29,29,ppo,clip,gae,ALE/Enduro-v5,atari,0,1,1.0,2900000,100000,28,28,4,1,0.0,0.0,3323.9285714285716,0.0,0.0,3323.9285714285716,-4.3323636054992676e-09,-0.00030967168509960175,2.0290399905661616e-07,4.1266841662036315e-07,2.1749862030029297,0.0002534814654570073,nan,nan,0.0003300000001490116,nan,nan,nan,85.98401117324829,76.43916749954224,0.0,162.42321348190308
30,30,ppo,clip,gae,ALE/Enduro-v5,atari,0,1,1.0,3000000,100000,28,28,4,1,0.0,0.0,3324.035714285714,0.0,0.0,3324.035714285714,2.1848455071449278e-08,-0.0006336375519074499,4.1659909639747637e-07,1.56459522345358e-07,2.1730401753997803,0.000848657329659909,nan,nan,0.0003,nan,nan,nan,85.24664568901062,76.85057044029236,0.0,162.09724974632263
31,31,ppo,clip,gae,ALE/Enduro-v5,atari,0,1,1.0,3100000,100000,28,28,4,1,0.0,0.0,3324.6071428571427,0.0,0.0,3324.6071428571427,8.71121883392334e-10,-0.0004193228429555893,1.5704981566159405e-07,1.6367669220926474e-07,2.1794512314605714,0.0011322271998226642,nan,nan,0.0053700000002980235,nan,nan,nan,86.15445256233215,76.56231117248535,0.0,162.71679759025574
32,32,ppo,clip,gae,ALE/Enduro-v5,atari,0,1,1.0,3200000,100000,28,28,4,1,0.0,0.0,3324.8928571428573,0.0,0.0,3324.8928571428573,7.551908493041993e-09,-0.0004045775634050369,1.6850054910719336e-07,1.6545757428502837e-07,2.1761929653167726,0.0007209518884122372,nan,nan,0.0004300000002980232,nan,nan,nan,85.0912983417511,76.58429455757141,0.0,161.67563390731812
33,33,ppo,clip,gae,ALE/Enduro-v5,atari,0,1,1.0,3300000,100000,28,28,4,1,0.0,0.0,3324.1785714285716,0.0,0.0,3324.1785714285716,3.570318222045898e-10,-0.0005164705577492713,1.7190466137435578e-07,2.0973343344394378e-07,2.1757227809143065,0.0004955916074477136,nan,nan,0.00032000000014901163,nan,nan,nan,85.94871759414673,76.87576985359192,0.0,162.82452368736267
34,34,ppo,clip,gae,ALE/Enduro-v5,atari,0,1,1.0,3400000,100000,28,28,4,1,0.0,0.0,3324.25,0.0,0.0,3324.25,-3.165602684020996e-09,-0.00037789864011108875,2.0964682928479306e-07,1.481521980758771e-07,2.176500174560547,0.0007147327759861946,nan,nan,0.005460000000447035,nan,nan,nan,85.27830767631531,76.79491019248962,0.0,162.07326459884644
35,35,ppo,clip,gae,ALE/Enduro-v5,atari,0,1,1.0,3500000,100000,28,28,4,1,0.0,0.0,3324.3571428571427,0.0,0.0,3324.3571428571427,-6.980374455451965e-09,-0.0009325039855390787,1.4965535577630362e-07,1.4687898285046686e-07,2.1759134393310546,0.001458658533655107,nan,nan,0.0046800000011920926,nan,nan,nan,86.048086643219,76.62724161148071,0.0,162.67536878585815
36,36,ppo,clip,gae,ALE/Enduro-v5,atari,0,1,1.0,3600000,100000,28,28,4,1,0.0,0.0,3324.464285714286,0.0,0.0,3324.464285714286,-9.833872318267822e-09,-0.0005734631168842315,1.6230197269123892e-07,2.889495576255285e-07,2.1789648552703857,0.0007688705436512828,nan,nan,0.012790000000298023,nan,nan,nan,86.22642755508423,76.68387174606323,0.0,162.91034483909607
37,37,ppo,clip,gae,ALE/Enduro-v5,atari,0,1,1.0,3700000,100000,28,28,4,1,0.0,0.0,3324.035714285714,0.0,0.0,3324.035714285714,-1.665383577346802e-08,-0.00040621715664863585,2.847496308368136e-07,1.6766769360401667e-07,2.182223348236084,0.0008872637794725596,nan,nan,0.0019900000005960462,nan,nan,nan,86.0380539894104,76.80744624137878,0.0,162.84553694725037
38,38,ppo,clip,gae,ALE/Enduro-v5,atari,0,1,1.0,3800000,100000,28,28,4,1,0.0,0.0,3324.9285714285716,0.0,0.0,3324.9285714285716,1.3240277767181396e-08,-0.0003511729055643082,1.6840210651480449e-07,4.250266792951152e-07,2.1814107415771486,0.0006759546758048237,nan,nan,0.00012000000014901161,nan,nan,nan,86.21178936958313,77.01124691963196,0.0,163.22309398651123
39,39,ppo,clip,gae,ALE/Enduro-v5,atari,0,1,1.0,3900000,100000,28,28,4,1,0.0,0.0,3324.5714285714284,0.0,0.0,3324.5714285714284,-1.5506148338317871e-09,-0.00045972195714712145,4.253267674266681e-07,1.2272651660850897e-07,2.181035860595703,0.0005075512784998864,nan,nan,0.013630000001192093,nan,nan,nan,85.22547745704651,76.85117220878601,0.0,162.07668137550354
40,40,ppo,clip,gae,ALE/Enduro-v5,atari,0,1,1.0,4000000,100000,28,28,4,1,0.0,0.0,3324.214285714286,0.0,0.0,3324.214285714286,2.816319465637207e-10,-0.0004896899461746216,1.2550102488148695e-07,1.3025259943560742e-07,2.1796116300964354,0.0004132090266421437,nan,nan,0.00086,nan,nan,nan,85.9925525188446,76.7243025302887,0.0,162.71689176559448
41,41,ppo,clip,gae,ALE/Enduro-v5,atari,0,1,1.0,4100000,100000,28,28,4,1,0.0,0.0,3324.1785714285716,0.0,0.0,3324.1785714285716,-1.2993812561035156e-09,-0.0005603104352951049,1.2697964199560375e-07,1.0110191269291136e-07,2.1836029494476317,0.0007973471930250525,nan,nan,0.0023400000001490115,nan,nan,nan,86.12123227119446,76.79464626312256,0.0,162.91591429710388
42,42,ppo,clip,gae,ALE/Enduro-v5,atari,0,1,1.0,4200000,100000,28,28,4,1,0.0,0.0,3324.5714285714284,0.0,0.0,3324.5714285714284,-5.710124969482422e-09,-0.0005174481183290482,1.0494890857785321e-07,8.972579860710539e-08,2.182999341201782,0.0005991901303641498,nan,nan,0.01052,nan,nan,nan,86.06918787956238,76.98643922805786,0.0,163.05566120147705
43,43,ppo,clip,gae,ALE/Enduro-v5,atari,0,1,1.0,4300000,100000,28,28,4,1,0.0,0.0,3324.8928571428573,0.0,0.0,3324.8928571428573,1.9925832748413087e-09,-0.00045583090841770174,8.721384237446728e-08,7.814994329010005e-08,2.1791987229156495,0.000826367631033063,nan,nan,0.00773,nan,nan,nan,85.97490310668945,77.14451575279236,0.0,163.11945271492004
44,44,ppo,clip,gae,ALE/Enduro-v5,atari,0,1,1.0,4400000,100000,28,28,4,1,0.0,0.0,3324.964285714286,0.0,0.0,3324.964285714286,-7.887482643127442e-09,-0.0005281592407822609,8.654272034732458e-08,7.620043491328943e-08,2.1835141777038576,0.0012446404510363935,nan,nan,0.0018500000002980232,nan,nan,nan,85.15868854522705,76.94951128959656,0.0,162.10824871063232
45,45,ppo,clip,gae,ALE/Enduro-v5,atari,0,1,1.0,4500000,100000,28,28,4,1,0.0,0.0,3324.75,0.0,0.0,3324.75,-4.166960716247559e-09,-0.0005175776247680188,7.001332511208602e-08,6.441685440449873e-08,2.1849296017456057,0.0007682837937958538,nan,nan,0.00063,nan,nan,nan,85.78418707847595,76.7758059501648,0.0,162.56003308296204
46,46,ppo,clip,gae,ALE/Enduro-v5,atari,0,1,1.0,4600000,100000,28,28,4,1,0.0,0.0,3325.1428571428573,0.0,0.0,3325.1428571428573,-4.6727433800697325e-09,-0.0006003563733398915,7.080199583867853e-08,6.342509482976766e-08,2.1858962617492677,0.0006792248255759477,nan,nan,0.00024000000014901161,nan,nan,nan,85.85840940475464,76.78267574310303,0.0,162.64112186431885
47,47,ppo,clip,gae,ALE/Enduro-v5,atari,0,1,1.0,4700000,100000,28,28,4,1,0.0,0.0,3324.8928571428573,0.0,0.0,3324.8928571428573,-4.67836856842041e-09,-0.00045948001027107236,6.510015940193625e-08,5.979883387908558e-08,2.185812480239868,0.00039412063483148813,nan,nan,0.0005400000002980232,nan,nan,nan,86.17978572845459,76.72797012329102,0.0,162.90779042243958
48,48,ppo,clip,gae,ALE/Enduro-v5,atari,0,1,1.0,4800000,100000,28,28,4,1,0.0,0.0,3324.25,0.0,0.0,3324.25,-1.8131732940673828e-09,-0.0005515165495872498,6.025041578027412e-08,5.5231248530844825e-08,2.1820468569946287,0.0006300998985767364,nan,nan,0.0166500000166893,nan,nan,nan,85.60569071769714,77.06173253059387,0.0,162.66745567321777
49,49,ppo,clip,gae,ALE/Enduro-v5,atari,0,1,1.0,4900000,100000,28,28,4,1,0.0,0.0,3324.5714285714284,0.0,0.0,3324.5714285714284,-5.769133567810059e-09,-0.0004377348694205284,5.417065564643053e-08,4.972572545170806e-08,2.1808099378204346,0.0005538577099144459,nan,nan,0.003070000000745058,nan,nan,nan,85.75428199768066,76.8745858669281,0.0,162.6289038658142
50,50,ppo,clip,gae,ALE/Enduro-v5,atari,0,1,1.0,5000000,100000,28,28,4,1,0.0,0.0,3324.8214285714284,0.0,0.0,3324.8214285714284,1.4221668243408203e-09,-0.0005213159739971161,5.2740100506980526e-08,4.893074251867802e-08,2.180168462524414,0.0003032416965207085,nan,nan,0.0018,nan,nan,nan,86.1704785823822,76.84590768814087,0.0028748512268066406,163.01930046081543
51,51,ppo,clip,gae,ALE/Enduro-v5,atari,0,1,1.0,5100000,100000,28,28,4,1,0.0,0.0,3324.6071428571427,0.0,0.0,3324.6071428571427,4.488229751586914e-10,-0.0003098004353046417,4.8542795482831025e-08,4.466854957229316e-08,2.180946790161133,0.0005068478303216397,nan,nan,0.0013000000002980233,nan,nan,nan,85.56166672706604,76.57645463943481,0.0,162.1381528377533
52,52,ppo,clip,gae,ALE/Enduro-v5,atari,0,1,1.0,5200000,100000,28,28,4,1,0.0,0.0,3324.9285714285716,0.0,0.0,3324.9285714285716,9.333863854408264e-09,-0.00034619791440665724,4.4907284687383255e-08,4.0902534418023607e-08,2.178725061645508,0.00034664697990752756,nan,nan,8e-05,nan,nan,nan,85.7172474861145,76.70725917816162,0.0,162.42454433441162
53,53,ppo,clip,gae,ALE/Enduro-v5,atari,0,1,1.0,5300000,100000,28,28,4,1,0.0,0.0,3324.9285714285716,0.0,0.0,3324.9285714285716,9.671449661254882e-09,-0.0004857223054766655,4.1036058933059396e-08,3.767200650656832e-08,2.1746032223510743,0.00047391259094700216,nan,nan,0.0014900000005960464,nan,nan,nan,85.89800262451172,76.89675331115723,0.0,162.79478907585144
54,54,ppo,clip,gae,ALE/Enduro-v5,atari,0,1,1.0,5400000,100000,28,28,4,1,0.0,0.0,3323.8928571428573,0.0,0.0,3323.8928571428573,-6.473064422607422e-10,-0.0002097130584716797,3.895628304633192e-08,3.577437785679649e-08,2.175064654006958,0.00010812125618220307,nan,nan,0.0005300000001490116,nan,nan,nan,85.92712736129761,77.05078077316284,0.0,162.97794389724731
55,55,ppo,clip,gae,ALE/Enduro-v5,atari,0,1,1.0,5500000,100000,28,28,4,1,0.0,0.0,3324.464285714286,0.0,0.0,3324.464285714286,-3.8987398147583005e-09,-0.0005141280845180154,3.7418603388914564e-08,3.461262235475715e-08,2.177230894470215,0.0007593190587684512,nan,nan,0.005899999995231628,nan,nan,nan,85.44160747528076,76.77664184570312,0.0,162.21830558776855
56,56,ppo,clip,gae,ALE/Enduro-v5,atari,0,1,1.0,5600000,100000,28,28,4,1,0.0,0.0,3324.285714285714,0.0,0.0,3324.285714285714,-9.299516677856445e-09,-0.00028902362108230593,3.3323623881358345e-08,3.0839759785692425e-08,2.174584917678833,0.0002934569280967116,nan,nan,0.0003500000001490116,nan,nan,nan,86.58733034133911,76.86826062202454,0.0,163.45562553405762
57,57,ppo,clip,gae,ALE/Enduro-v5,atari,0,1,1.0,5700000,100000,28,28,4,1,0.0,0.0,3324.285714285714,0.0,0.0,3324.285714285714,4.807114601135254e-09,-0.0006025264084339142,3.3185136354063616e-08,3.352920557233574e-08,2.1738050424957276,0.0005443577524647116,nan,nan,0.00674,nan,nan,nan,85.83138918876648,77.01912498474121,0.0,162.85054969787598
58,58,ppo,clip,gae,ALE/Enduro-v5,atari,0,1,1.0,5800000,100000,28,28,4,1,0.0,0.0,3324.1071428571427,0.0,0.0,3324.1071428571427,1.2260675430297852e-09,-0.00034427012145519256,3.3231302314220555e-08,2.8755243835689727e-08,2.1797793184661867,0.0005280436586868018,nan,nan,0.0005000000001490116,nan,nan,nan,85.72744083404541,76.7481484413147,0.0,162.47563362121582
59,59,ppo,clip,gae,ALE/Enduro-v5,atari,0,1,1.0,5900000,100000,28,28,4,1,0.0,0.0,3324.6785714285716,0.0,0.0,3324.6785714285716,4.444122314453125e-09,-0.0004213040030002594,2.8541711762386512e-08,2.5405301090586364e-08,2.1791677851867677,0.0004838087084610015,nan,nan,0.003850000000298023,nan,nan,nan,85.5906810760498,76.56924486160278,0.0,162.15995979309082
60,60,ppo,clip,gae,ALE/Enduro-v5,atari,0,1,1.0,6000000,100000,28,28,4,1,0.0,0.0,3324.8928571428573,0.0,0.0,3324.8928571428573,-4.1735172271728515e-09,-0.00043080698430538177,2.510689554299006e-08,4.578347700828544e-08,2.180248309631348,0.00049131238094531,nan,nan,0.00342,nan,nan,nan,85.79559421539307,76.58909487724304,0.0,162.38473296165466
61,61,ppo,clip,gae,ALE/Enduro-v5,atari,0,1,1.0,6100000,100000,28,28,4,1,0.0,0.0,3324.785714285714,0.0,0.0,3324.785714285714,2.2971630096435546e-09,-0.0005336283683776855,4.7806119683286854e-08,4.301633005525218e-08,2.1820340437316896,0.0008627642923593521,nan,nan,0.004730000010132789,nan,nan,nan,85.88409900665283,76.90260577201843,0.0,162.78674483299255
62,62,ppo,clip,gae,ALE/Enduro-v5,atari,0,1,1.0,6200000,100000,28,28,4,1,0.0,0.0,3323.964285714286,0.0,0.0,3323.964285714286,1.1520497500896453e-08,-0.0003125035858340561,4.051841125658484e-08,6.346558452605677e-08,2.1837071895599367,0.00038667064055800435,nan,nan,0.00022000000029802322,nan,nan,nan,85.87444615364075,76.91785645484924,0.0,162.79234218597412
63,63,ppo,clip,gae,ALE/Enduro-v5,atari,0,1,1.0,6300000,100000,28,28,4,1,0.0,0.0,3324.3571428571427,0.0,0.0,3324.3571428571427,9.843707084655761e-09,-0.00045689372956752775,6.693292235922854e-08,3.6529851932414205e-08,2.17906518447876,0.0008277857522852719,nan,nan,0.01166,nan,nan,nan,85.28498792648315,76.89342069625854,0.0,162.1784439086914
64,64,ppo,clip,gae,ALE/Enduro-v5,atari,0,1,1.0,6400000,100000,28,28,4,1,0.0,0.0,3324.535714285714,0.0,0.0,3324.535714285714,6.2250345945358274e-09,-0.0003524380826950073,3.709517581455657e-08,2.3988772011023228e-08,2.182752228240967,0.0003587345636449754,nan,nan,0.0024400000029802323,nan,nan,nan,85.43299865722656,77.1947500705719,0.0,162.62778210639954
65,65,ppo,clip,gae,ALE/Enduro-v5,atari,0,1,1.0,6500000,100000,28,28,4,1,0.0,0.0,3323.6428571428573,0.0,0.0,3323.6428571428573,3.3730268478393556e-09,-0.0002923688465356827,2.439819971243651e-08,2.7663867336741534e-07,2.181600258255005,0.00019623398662544787,nan,nan,8e-05,nan,nan,nan,85.71153020858765,76.82978796958923,0.0,162.54135274887085
66,66,ppo,clip,gae,ALE/Enduro-v5,atari,0,1,1.0,6600000,100000,28,28,4,1,0.0,0.0,3324.1785714285716,0.0,0.0,3324.1785714285716,7.568597793579102e-09,-0.0002948800015449524,2.7408602770265134e-07,1.8849720914033697e-08,2.1836540060424805,0.0002867893135175109,nan,nan,0.00016000000014901162,nan,nan,nan,85.93485975265503,76.55940532684326,0.0,162.4942970275879
67,67,ppo,clip,gae,ALE/Enduro-v5,atari,0,1,1.0,6700000,100000,28,28,4,1,0.0,0.0,3325.285714285714,0.0,0.0,3325.285714285714,-1.8505752086639404e-09,-0.0003577281220257282,1.7924966342945934e-08,3.0576056649351816e-08,2.184601415939331,0.00047176661748439075,nan,nan,0.00451000000089407,nan,nan,nan,86.30351948738098,76.58247137069702,0.0,162.88604402542114
68,68,ppo,clip,gae,ALE/Enduro-v5,atari,0,1,1.0,6800000,100000,28,28,4,1,0.0,0.0,3325.0714285714284,0.0,0.0,3325.0714285714284,-1.4325976371765137e-09,-0.00044224552914500236,3.186123507362026e-08,1.2126007250799375e-07,2.1852748606109618,0.0008609867624007166,nan,nan,0.024419999997615814,nan,nan,nan,85.8748128414154,76.7351815700531,0.0,162.6100389957428
69,69,ppo,clip,gae,ALE/Enduro-v5,atari,0,1,1.0,6900000,100000,28,28,4,1,0.0,0.0,3324.964285714286,0.0,0.0,3324.964285714286,-1.4110803604125977e-08,-0.0005008824771642685,1.1958700431705437e-07,1.894623555472208e-08,2.185828486557007,0.0005014134664833546,nan,nan,0.007370000000149012,nan,nan,nan,85.10701823234558,76.53889179229736,0.0,161.6459445953369
70,70,ppo,clip,gae,ALE/Enduro-v5,atari,0,1,1.0,7000000,100000,28,28,4,1,0.0,0.0,3324.6428571428573,0.0,0.0,3324.6428571428573,-1.0748952627182008e-09,-0.00048655727826058865,1.9292288597512196e-08,1.6765955062112425e-08,2.186074539642334,0.0004546178222168237,nan,nan,0.01273,nan,nan,nan,85.55218458175659,76.6160933971405,0.0,162.16831302642822
71,71,ppo,clip,gae,ALE/Enduro-v5,atari,0,1,1.0,7100000,100000,28,28,4,1,0.0,0.0,3324.6071428571427,0.0,0.0,3324.6071428571427,3.984570503234864e-09,-0.0002864763253927231,1.8228004822873345e-08,1.3082253810807742e-08,2.1875114966583253,0.0004113232459966093,nan,nan,0.0035800000001490117,nan,nan,nan,85.74983549118042,76.81811022758484,0.0,162.56798267364502
72,72,ppo,clip,gae,ALE/Enduro-v5,atari,0,1,1.0,7200000,100000,28,28,4,1,0.0,0.0,3324.6428571428573,0.0,0.0,3324.6428571428573,-5.405247211456299e-09,-0.00026481331557035443,1.3752307480672243e-08,4.645818448125283e-08,2.1878454319000245,0.0001895548987388611,nan,nan,0.0011900000002980232,nan,nan,nan,85.65799760818481,76.89553546905518,0.0,162.5535786151886
73,73,ppo,clip,gae,ALE/Enduro-v5,atari,0,1,1.0,7300000,100000,28,28,4,1,0.0,0.0,3324.25,0.0,0.0,3324.25,-3.129899501800537e-08,-0.0003992362755537033,4.7175862041513026e-08,2.065363322316216e-08,2.188397590713501,0.00036635238162241874,nan,nan,0.005880000002086163,nan,nan,nan,86.13079309463501,76.76306700706482,0.0,162.8939037322998
74,74,ppo,clip,gae,ALE/Enduro-v5,atari,0,1,1.0,7400000,100000,28,28,4,1,0.0,0.0,3324.285714285714,0.0,0.0,3324.285714285714,-1.0950416326522827e-08,-0.00022017741560935973,2.1038176620038483e-08,3.698353846459668e-08,2.187376939315796,0.0002783797272760421,nan,nan,0.007470000006556511,nan,nan,nan,84.9220666885376,76.73303294181824,0.0,161.6551320552826
75,75,ppo,clip,gae,ALE/Enduro-v5,atari,0,1,1.0,7500000,100000,28,28,4,1,0.0,0.0,3325.3928571428573,0.0,0.0,3325.3928571428573,1.6498565673828124e-08,-0.000246430139541626,3.7774757956299256e-08,1.10775624482784e-08,2.1878188426971437,0.00020491511116269977,nan,nan,0.0006400000001490116,nan,nan,nan,85.17532968521118,76.68928503990173,0.0028960704803466797,161.8675458431244
76,76,ppo,clip,gae,ALE/Enduro-v5,atari,0,1,1.0,7600000,100000,28,28,4,1,0.0,0.0,3325.214285714286,0.0,0.0,3325.214285714286,3.2186508178710937e-09,-0.00029051556408405305,1.046037363320096e-08,1.0092828344738791e-08,2.188286921234131,0.00041746861001476645,nan,nan,0.01457,nan,nan,nan,85.93601894378662,76.8547351360321,0.0,162.79078602790833
77,77,ppo,clip,gae,ALE/Enduro-v5,atari,0,1,1.0,7700000,100000,28,28,4,1,0.0,0.0,3323.8214285714284,0.0,0.0,3323.8214285714284,4.806071519851684e-09,-0.0002978951369225979,1.0620503766674005e-08,3.349319584958721e-07,2.188574135437012,0.00039925660537555813,nan,nan,0.00385,nan,nan,nan,85.21564960479736,76.60249900817871,0.0,161.81818342208862
78,78,ppo,clip,gae,ALE/Enduro-v5,atari,0,1,1.0,7800000,100000,28,28,4,1,0.0,0.0,3324.464285714286,0.0,0.0,3324.464285714286,6.268739700317383e-08,-0.00024364259004592894,3.3181155820784626e-07,9.598143076630095e-09,2.1888023889160158,0.00015389340742491187,nan,nan,0.0009200000002980232,nan,nan,nan,85.34453058242798,76.81948280334473,0.0,162.16404628753662
79,79,ppo,clip,gae,ALE/Enduro-v5,atari,0,1,1.0,7900000,100000,28,28,4,1,0.0,0.0,3325.035714285714,0.0,0.0,3325.035714285714,-4.455447196960449e-11,-0.0003289948046207428,9.480372551031736e-09,8.836477514257979e-09,2.188631464920044,0.00024673649191856383,nan,nan,0.0027800000002980232,nan,nan,nan,85.88907361030579,76.8693618774414,0.0,162.75847005844116
80,80,ppo,clip,gae,ALE/Enduro-v5,atari,0,1,1.0,8000000,100000,28,28,4,1,0.0,0.0,3324.8571428571427,0.0,0.0,3324.8571428571427,1.0246038436889649e-09,-0.00023058636009693146,8.719712647362599e-09,1.0312218391135274e-08,2.1888118565368653,0.0001359959999623243,nan,nan,0.0008800000001490116,nan,nan,nan,84.99292969703674,77.09521794319153,0.0,162.08819103240967
81,81,ppo,clip,gae,ALE/Enduro-v5,atari,0,1,1.0,8100000,100000,28,28,4,1,0.0,0.0,3324.8214285714284,0.0,0.0,3324.8214285714284,4.080981016159058e-09,-0.00021910275280475616,1.0390564039823858e-08,1.1534913431603399e-08,2.189405736694336,0.0001691348893684335,nan,nan,0.0005200000004470348,nan,nan,nan,85.96237826347351,76.81822204589844,0.0,162.7806522846222
82,82,ppo,clip,gae,ALE/Enduro-v5,atari,0,1,1.0,8200000,100000,28,28,4,1,0.0,0.0,3324.3928571428573,0.0,0.0,3324.3928571428573,-2.078413963317871e-09,-0.00030726872146129606,1.208536045609776e-08,1.2514264130061292e-08,2.1897121411895752,0.00017325960070127623,nan,nan,0.00254,nan,nan,nan,85.76190376281738,76.84684896469116,0.0,162.60878682136536
83,83,ppo,clip,gae,ALE/Enduro-v5,atari,0,1,1.0,8300000,100000,28,28,4,1,0.0,0.0,3323.785714285714,0.0,0.0,3323.785714285714,1.2833476066589356e-08,-0.0002930644727498293,1.2309080442349797e-08,7.468869267093225e-09,2.190018542480469,0.00029149362607859075,nan,nan,0.023690000005960464,nan,nan,nan,85.61298632621765,76.86396050453186,0.0,162.47698163986206
84,84,ppo,clip,gae,ALE/Enduro-v5,atari,0,1,1.0,8400000,100000,28,28,4,1,0.0,0.0,3324.285714285714,0.0,0.0,3324.285714285714,6.435089744627476e-11,-0.0004160053325770423,0.00026154590845504726,0.00025925270097313844,2.1892656994628905,0.001631111282147467,nan,nan,0.19773000027656557,nan,0.00023639202117919922,0.009103119373321533,86.5272581577301,76.9053270816803,0.0,163.43262100219727
85,85,ppo,clip,gae,ALE/Enduro-v5,atari,0,1,1.0,8500000,100000,28,28,4,1,0.0,0.0,3324.4285714285716,0.0,0.0,3324.4285714285716,-1.3769865036010742e-08,-0.0016423221826553345,3.2275836051667283e-07,1.7513436259832815e-08,2.1904221314239503,0.0009461756217107177,nan,nan,0.0527600000333786,nan,nan,nan,86.47266268730164,76.77783012390137,0.0,163.25052738189697
86,86,ppo,clip,gae,ALE/Enduro-v5,atari,0,1,1.0,8600000,100000,28,28,4,1,0.0,0.0,3324.535714285714,0.0,0.0,3324.535714285714,6.073713302612304e-10,-0.0006818799301981926,1.6156900316843803e-08,1.2024802600905104e-08,2.189776378326416,0.00036478321397677064,nan,nan,0.005840000000745058,nan,nan,nan,86.27329516410828,76.96389889717102,0.0,163.23722624778748
87,87,ppo,clip,gae,ALE/Enduro-v5,atari,0,1,1.0,8700000,100000,28,28,4,1,0.0,0.0,3324.535714285714,0.0,0.0,3324.535714285714,9.301453828811646e-09,-0.0005347432611882687,1.3173062690512439e-08,1.1182627623327334e-08,2.1892619261169433,0.00043595116997137667,nan,nan,0.00901000000089407,nan,nan,nan,86.22073149681091,76.7988634109497,0.0,163.0196259021759
88,88,ppo,clip,gae,ALE/Enduro-v5,atari,0,1,1.0,8800000,100000,28,28,4,1,0.0,0.0,3324.5,0.0,0.0,3324.5,2.9087066650390627e-09,-0.0003920104704797268,1.023912288445672e-08,8.841429180463934e-09,2.189740965499878,0.000323310376778245,nan,nan,0.0005900000001490116,nan,nan,nan,86.18364429473877,76.69130802154541,0.0,162.87498712539673
89,89,ppo,clip,gae,ALE/Enduro-v5,atari,0,1,1.0,8900000,100000,28,28,4,1,0.0,0.0,3324.464285714286,0.0,0.0,3324.464285714286,3.5971403121948243e-09,-0.00037348860919475557,9.360075490931763e-09,8.721968925300416e-09,2.1897411056518554,0.0003273426882363856,nan,nan,0.008580000019073487,nan,nan,nan,85.98329758644104,76.70490789413452,0.0,162.68823838233948
90,90,ppo,clip,gae,ALE/Enduro-v5,atari,0,1,1.0,9000000,100000,28,28,4,1,0.0,0.0,3325.0,0.0,0.0,3325.0,1.0300204157829285e-08,-0.0003364736033976078,8.504751654108133e-09,7.75853895937928e-09,2.189874126434326,0.00027192975220270455,nan,nan,0.009480000000298023,nan,nan,nan,85.74265313148499,76.6783857345581,0.0,162.42107367515564
91,91,ppo,clip,gae,ALE/Enduro-v5,atari,0,1,1.0,9100000,100000,28,28,4,1,0.0,0.0,3324.285714285714,0.0,0.0,3324.285714285714,6.069093942642212e-09,-0.0005424029008299112,8.492469269683056e-09,7.973521283730633e-09,2.1885293197631834,0.0005236114177200943,nan,nan,0.0116,nan,nan,nan,85.32237386703491,76.76678681373596,0.0,162.08919382095337
92,92,ppo,clip,gae,ALE/Enduro-v5,atari,0,1,1.0,9200000,100000,28,28,4,1,0.0,0.0,3324.6785714285716,0.0,0.0,3324.6785714285716,5.984064191579819e-09,-0.0006138189625041559,7.842303963307985e-09,7.257180222435267e-09,2.1862123168182372,0.0005321016654092818,nan,nan,0.011740000000149011,nan,nan,nan,86.27738451957703,76.65216660499573,0.0,162.92958641052246
93,93,ppo,clip,gae,ALE/Enduro-v5,atari,0,1,1.0,9300000,100000,28,28,4,1,0.0,0.0,3325.214285714286,0.0,0.0,3325.214285714286,4.5515596866607665e-10,-0.00039787992373108865,6.941320762052783e-09,6.480493105964769e-09,2.1880952104187013,0.00025973454085644336,nan,nan,0.00042,nan,nan,nan,85.12321043014526,76.79954195022583,0.0,161.92279291152954
94,94,ppo,clip,gae,ALE/Enduro-v5,atari,0,1,1.0,9400000,100000,28,28,4,1,0.0,0.0,3324.8214285714284,0.0,0.0,3324.8214285714284,-4.0063634514808655e-09,-0.0005387030212953686,7.089110993145908e-09,6.663205935968363e-09,2.1891706266784667,0.0004926800333894789,nan,nan,0.002890000001937151,nan,nan,nan,86.03581166267395,76.86321210861206,0.0,162.899067401886
95,95,ppo,clip,gae,ALE/Enduro-v5,atari,0,1,1.0,9500000,100000,28,28,4,1,0.0,0.0,3324.535714285714,0.0,0.0,3324.535714285714,1.115351915359497e-09,-0.0004018657153844833,6.234335870534124e-09,5.887124253547427e-09,2.189098192367554,0.000502598090171814,nan,nan,0.0076900000004470346,nan,nan,nan,86.37117171287537,76.75700449943542,0.0,163.12820863723755
96,96,ppo,clip,gae,ALE/Enduro-v5,atari,0,1,1.0,9600000,100000,28,28,4,1,0.0,0.0,3324.535714285714,0.0,0.0,3324.535714285714,-1.932308077812195e-09,-0.0005726086859405041,6.308722857450988e-09,6.568711059600218e-09,2.1880840464782714,0.00032866204631514846,nan,nan,0.0013300000001490117,nan,nan,nan,86.14839053153992,76.9770085811615,0.0,163.1254346370697
97,97,ppo,clip,gae,ALE/Enduro-v5,atari,0,1,1.0,9700000,100000,28,28,4,1,0.0,0.0,3324.535714285714,0.0,0.0,3324.535714285714,2.123117446899414e-09,-0.0005774411728978157,6.818203046101701e-09,5.989514918347538e-09,2.186305008392334,0.0003899595644604415,nan,nan,0.015210000002980232,nan,nan,nan,85.95105624198914,76.64279127120972,0.0,162.59388375282288
98,98,ppo,clip,gae,ALE/Enduro-v5,atari,0,1,1.0,9800000,100000,28,28,4,1,0.0,0.0,3324.8214285714284,0.0,0.0,3324.8214285714284,-2.2633373737335205e-09,-0.00029157677575945856,5.962816217088829e-09,5.581673808361387e-09,2.1879816397857668,0.00018538553037913516,nan,nan,0.0016700000001490117,nan,nan,nan,86.05050444602966,76.78215551376343,0.0,162.83272409439087
99,99,ppo,clip,gae,ALE/Enduro-v5,atari,0,1,1.0,9900000,100000,28,28,4,1,0.0,0.0,3323.6785714285716,0.0,0.0,3323.6785714285716,1.8070638179779053e-09,-0.00031754490226507185,5.931833998573666e-09,5.791812807096619e-09,2.1889538527679444,0.0003003024262841791,nan,nan,0.028320000038146973,nan,nan,nan,86.15457940101624,76.91422939300537,0.0,163.06884837150574
100,100,ppo,clip,gae,ALE/Enduro-v5,atari,0,1,1.0,10000000,100000,28,28,4,1,0.0,0.0,3325.0,0.0,0.0,3325.0,1.7977505922317505e-09,-0.00041034335739910605,5.4953961014625466e-09,6.4443668959413e-09,2.1892526673126222,0.00027328713472001253,nan,nan,0.0038400000002980234,nan,nan,nan,84.92312502861023,76.65085959434509,0.0029218196868896484,161.5769441127777
101,101,ppo,clip,gae,ALE/Enduro-v5,atari,0,1,1.0,10100000,100000,28,28,4,1,0.0,0.0,3324.25,0.0,0.0,3324.25,1.4637112617492676e-08,-0.00040224112927913667,6.136278061461553e-09,4.888186373186443e-09,2.189097109603882,0.0002570618128683418,nan,nan,0.0004300000001490116,nan,nan,nan,85.59569597244263,76.51466941833496,0.0,162.11040663719177
102,102,ppo,clip,gae,ALE/Enduro-v5,atari,0,1,1.0,10200000,100000,28,28,4,1,0.0,0.0,3324.785714285714,0.0,0.0,3324.785714285714,3.5971403121948243e-09,-0.0006769927893579006,5.343697300492778e-09,4.836014014539813e-09,2.1874504734802245,0.00035987785812467335,nan,nan,0.00264,nan,nan,nan,85.20535683631897,76.77938222885132,0.0,161.98477435112
103,103,ppo,clip,gae,ALE/Enduro-v5,atari,0,1,1.0,10300000,100000,28,28,4,1,0.0,0.0,3324.8571428571427,0.0,0.0,3324.8571428571427,-6.876885890960693e-10,-0.0002810506275296211,4.937432996126034e-09,4.5889095611606474e-09,2.1865733715057374,0.00025364539806265385,nan,nan,0.0013400000004470348,nan,nan,nan,85.45306372642517,77.14646744728088,0.0,162.5995728969574
104,104,ppo,clip,gae,ALE/Enduro-v5,atari,0,1,1.0,10400000,100000,28,28,4,1,0.0,0.0,3324.785714285714,0.0,0.0,3324.785714285714,5.509257316589355e-09,-0.00040262348487973213,4.752445617821621e-09,3.901384541904918e-08,2.186039425354004,0.0004630704699829221,nan,nan,0.019130000000447036,nan,nan,nan,85.19247102737427,76.80786681175232,0.0,162.00037050247192
105,105,ppo,clip,gae,ALE/Enduro-v5,atari,0,1,1.0,10500000,100000,28,28,4,1,0.0,0.0,3324.785714285714,0.0,0.0,3324.785714285714,-4.241406917572021e-08,-0.00032428815841674803,3.866775223173135e-08,1.2090274801721534e-08,2.1874780690765383,0.00019157313044648616,nan,nan,0.0013000000002980233,nan,nan,nan,85.81178784370422,76.78281545639038,0.0,162.59464144706726
106,106,ppo,clip,gae,ALE/Enduro-v5,atari,0,1,1.0,10600000,100000,28,28,4,1,0.0,0.0,3324.75,0.0,0.0,3324.75,1.0308623313903808e-08,-0.000443006851375103,1.1911511142699282e-08,1.006960544782487e-07,2.185081955947876,0.0002445563430036418,nan,nan,0.0012400000002980233,nan,nan,nan,85.33922338485718,76.76114106178284,0.0,162.10041069984436
107,107,ppo,clip,gae,ALE/Enduro-v5,atari,0,1,1.0,10700000,100000,28,28,4,1,0.0,0.0,3324.035714285714,0.0,0.0,3324.035714285714,-5.016207695007324e-08,-0.0005487422180175781,1.0083371575092315e-07,1.3083861423694998e-08,2.1823401570129395,0.0004179411020688713,nan,nan,0.019160000000149013,nan,nan,nan,85.40772438049316,76.71381211280823,0.0,162.12157487869263
108,108,ppo,clip,gae,ALE/Enduro-v5,atari,0,1,1.0,10800000,100000,28,28,4,1,0.0,0.0,3324.1785714285716,0.0,0.0,3324.1785714285716,-1.9933283329010008e-08,-0.00033395275086164477,1.2602990789787328e-08,3.7012414696313554e-09,2.1847750009155273,0.00014341984047554432,nan,nan,0.0008000000004470348,nan,nan,nan,86.27223992347717,76.5524730682373,0.0,162.82475209236145
109,109,ppo,clip,gae,ALE/Enduro-v5,atari,0,1,1.0,10900000,100000,28,28,4,1,0.0,0.0,3323.75,0.0,0.0,3323.75,4.065632820129395e-09,-0.0003860468167066574,3.648108514564541e-09,3.099734781756069e-08,2.1851978435516357,0.00018521556054241955,nan,nan,0.0025200000001490116,nan,nan,nan,86.06198191642761,76.51762700080872,0.0,162.57964968681335
110,110,ppo,clip,gae,ALE/Enduro-v5,atari,0,1,1.0,11000000,100000,28,28,4,1,0.0,0.0,3324.535714285714,0.0,0.0,3324.535714285714,-3.338634967803955e-08,-0.0005066633394360542,3.081334504315692e-08,1.4148333872583407e-08,2.183978095321655,0.00023954256621189416,nan,nan,0.0036300000004470348,nan,nan,nan,85.52727055549622,76.55436086654663,0.0,162.081684589386
111,111,ppo,clip,gae,ALE/Enduro-v5,atari,0,1,1.0,11100000,100000,28,28,4,1,0.0,0.0,3324.5,0.0,0.0,3324.5,-5.896985530853271e-09,-0.0006013478460907936,1.3931643869682376e-08,8.434749216803539e-09,2.1824695337677,0.0003120408852538094,nan,nan,0.0028300000005960463,nan,nan,nan,86.18681049346924,76.50304985046387,0.0,162.68989253044128
112,112,ppo,clip,gae,ALE/Enduro-v5,atari,0,1,1.0,11200000,100000,28,28,4,1,0.0,0.0,3324.6785714285716,0.0,0.0,3324.6785714285716,-1.1529624462127685e-08,-0.0003525655087828636,8.593506086356229e-09,4.163150679126204e-09,2.181858243560791,0.00016774976532906295,nan,nan,0.0023500000002980234,nan,nan,nan,85.52499628067017,76.86766958236694,0.0,162.39269876480103
113,113,ppo,clip,gae,ALE/Enduro-v5,atari,0,1,1.0,11300000,100000,28,28,4,1,0.0,0.0,3324.25,0.0,0.0,3324.25,5.926862359046936e-09,-0.00047716434456408026,3.940692440629334e-09,5.9706315342111795e-09,2.182340480422974,0.00018508690182352438,nan,nan,0.00068,nan,nan,nan,85.60773634910583,76.88323903083801,0.0,162.4910125732422
114,114,ppo,clip,gae,ALE/Enduro-v5,atari,0,1,1.0,11400000,100000,28,28,4,1,0.0,0.0,3324.714285714286,0.0,0.0,3324.714285714286,-4.9522519111633304e-09,-0.00044500019624829293,6.192097198223223e-09,9.669965939309577e-09,2.1810622454833983,0.0003502639317326248,nan,nan,0.011810000000298023,nan,nan,nan,85.3368604183197,76.83236527442932,0.0,162.16926407814026
115,115,ppo,clip,gae,ALE/Enduro-v5,atari,0,1,1.0,11500000,100000,28,28,4,1,0.0,0.0,3324.4285714285716,0.0,0.0,3324.4285714285716,-2.8088688850402832e-08,-0.0004525946319103241,9.657668243505668e-09,3.3681875445701335e-09,2.1809308197021484,0.0001727919264533557,nan,nan,0.0034200000004470346,nan,nan,nan,85.93824601173401,76.76289629936218,0.0,162.70117807388306
116,116,ppo,clip,gae,ALE/Enduro-v5,atari,0,1,1.0,11600000,100000,28,28,4,1,0.0,0.0,3324.0714285714284,0.0,0.0,3324.0714285714284,-5.2750110626220706e-11,-0.0004961243204772472,3.2738726826764263e-09,5.909448883087976e-09,2.180170781097412,0.00023774519546423107,nan,nan,0.012370000002384186,nan,nan,nan,85.42397546768188,76.69576120376587,0.0,162.11977076530457
117,117,ppo,clip,gae,ALE/Enduro-v5,atari,0,1,1.0,11700000,100000,28,28,4,1,0.0,0.0,3324.3214285714284,0.0,0.0,3324.3214285714284,4.612952470779419e-09,-0.0003464001737535,6.189422728439809e-09,2.4071397352258826e-08,2.180415093383789,0.0002850406593410298,nan,nan,0.0028600000001490116,nan,nan,nan,86.2247006893158,76.68673706054688,0.0,162.91147089004517
118,118,ppo,clip,gae,ALE/Enduro-v5,atari,0,1,1.0,11800000,100000,28,28,4,1,0.0,0.0,3324.5,0.0,0.0,3324.5,1.4621615409851074e-08,-0.0004318280255794525,2.364572453359415e-08,5.258241835122135e-09,2.180483113632202,0.00024912208586931226,nan,nan,0.010970000006556511,nan,nan,nan,85.9064884185791,76.867342710495,0.0,162.77387309074402
119,119,ppo,clip,gae,ALE/Enduro-v5,atari,0,1,1.0,11900000,100000,28,28,4,1,0.0,0.0,3324.6071428571427,0.0,0.0,3324.6071428571427,8.01564019639045e-09,-0.00042600462197558953,5.176594642151144e-09,1.8425251184339686e-08,2.1813946376800537,0.00011800699840299786,nan,nan,0.0014900000001490117,nan,nan,nan,85.45029973983765,76.89965534210205,0.0,162.34998965263367
120,120,ppo,clip,gae,ALE/Enduro-v5,atari,0,1,1.0,12000000,100000,28,28,4,1,0.0,0.0,3323.75,0.0,0.0,3323.75,-2.482414245605469e-08,-0.00035699709117412566,1.8207884614298564e-08,3.0510464422306426e-09,2.1811130629730227,0.00020789214439224452,nan,nan,0.010750000003874301,nan,nan,nan,85.17372584342957,76.87366533279419,0.0,162.04742431640625
121,121,ppo,clip,gae,ALE/Enduro-v5,atari,0,1,1.0,12100000,100000,28,28,4,1,0.0,0.0,3324.535714285714,0.0,0.0,3324.535714285714,5.4844468832015994e-09,-0.0005120884181559086,3.1087357854175933e-09,2.948725704250421e-09,2.1787341590881346,0.00031137504383455965,nan,nan,0.015860000002682208,nan,nan,nan,84.83236122131348,76.56578373908997,0.0,161.39818596839905
122,122,ppo,clip,gae,ALE/Enduro-v5,atari,0,1,1.0,12200000,100000,28,28,4,1,0.0,0.0,3324.5,0.0,0.0,3324.5,-9.129345417022705e-09,-0.0003296992188692093,2.948374107898388e-09,2.364307727842352e-09,2.1799872843170167,0.00022590991303324698,nan,nan,0.003000000000447035,nan,nan,nan,84.95492148399353,76.73607993125916,0.0,161.69103407859802
123,123,ppo,clip,gae,ALE/Enduro-v5,atari,0,1,1.0,12300000,100000,28,28,4,1,0.0,0.0,3324.214285714286,0.0,0.0,3324.214285714286,4.396140575408936e-09,-0.00042821804732084273,2.420711272743681e-09,4.083320590808626e-09,2.175494413757324,0.00021833329798420892,nan,nan,0.01026,nan,nan,nan,84.94368100166321,76.8094391822815,0.0,161.75315237045288
124,124,ppo,clip,gae,ALE/Enduro-v5,atari,0,1,1.0,12400000,100000,28,28,4,1,0.0,0.0,3324.214285714286,0.0,0.0,3324.214285714286,-6.6351890563964845e-09,-0.0006097533893585205,3.994199605905635e-09,4.148124735081637e-09,2.172225392227173,0.0003162897371826693,nan,nan,0.0012600000002980232,nan,nan,nan,85.83643054962158,76.47361540794373,0.0,162.31008052825928
125,125,ppo,clip,gae,ALE/Enduro-v5,atari,0,1,1.0,12500000,100000,28,28,4,1,0.0,0.0,3324.1785714285716,0.0,0.0,3324.1785714285716,1.1479556560516357e-08,-0.0003355291640758514,4.320109718207732e-09,2.710985136413768e-09,2.170262993850708,0.0002457330728974193,nan,nan,0.0030900000004470346,nan,nan,nan,85.42632603645325,76.77056407928467,0.0028619766235351562,162.19978642463684
126,126,ppo,clip,gae,ALE/Enduro-v5,atari,0,1,1.0,12600000,100000,28,28,4,1,0.0,0.0,3324.3214285714284,0.0,0.0,3324.3214285714284,4.405677318572998e-09,-0.0005038367116451263,2.6898578102318993e-09,5.7786391478487075e-09,2.1702143654632566,0.000274225540459156,nan,nan,0.00512,nan,nan,nan,85.5037133693695,76.77426409721375,0.0,162.27801156044006
127,127,ppo,clip,gae,ALE/Enduro-v5,atari,0,1,1.0,12700000,100000,28,28,4,1,0.0,0.0,3324.5714285714284,0.0,0.0,3324.5714285714284,4.374861717224121e-08,-0.0004096093910932541,5.799224852296447e-09,5.623700942152254e-09,2.1646532557678224,0.0003998407735768706,nan,nan,0.0024600000004470347,nan,nan,nan,85.8822705745697,76.41824746131897,0.0,162.30055117607117
128,128,ppo,clip,gae,ALE/Enduro-v5,atari,0,1,1.0,12800000,100000,28,28,4,1,0.0,0.0,3324.8214285714284,0.0,0.0,3324.8214285714284,5.032420158386231e-09,-0.0006311771404743195,5.513246162252017e-09,9.858082839173221e-08,2.160386250076294,0.0003924538391176611,nan,nan,0.029170000000447036,nan,nan,nan,85.44725894927979,76.86872839927673,0.0,162.31602096557617
129,129,ppo,clip,gae,ALE/Enduro-v5,atari,0,1,1.0,12900000,100000,28,28,4,1,0.0,0.0,3324.6071428571427,0.0,0.0,3324.6071428571427,-5.254745483398438e-09,-0.0004721263408660889,9.79388059545272e-08,3.917857574222694e-09,2.1630462466430664,0.0002130431192787364,nan,nan,0.0005000000001490116,nan,nan,nan,85.1254951953888,76.71601390838623,0.0,161.84155464172363
130,130,ppo,clip,gae,ALE/Enduro-v5,atari,0,1,1.0,13000000,100000,28,28,4,1,0.0,0.0,3324.1785714285716,0.0,0.0,3324.1785714285716,-1.0845065116882324e-08,-0.00040483867555856707,3.907238427274251e-09,2.517373071651008e-09,2.1688709087371825,0.0003052801582496613,nan,nan,0.0069500000017881395,nan,nan,nan,85.91768598556519,76.6567952632904,0.0,162.5745153427124
131,131,ppo,clip,gae,ALE/Enduro-v5,atari,0,1,1.0,13100000,100000,28,28,4,1,0.0,0.0,3324.1785714285716,0.0,0.0,3324.1785714285716,-6.271675229072571e-09,-0.0005172249750792981,2.442267468598658e-09,6.273151377058639e-09,2.164122874755859,0.0003099220557324588,nan,nan,0.03447999999046326,nan,nan,nan,85.71122479438782,76.54191207885742,0.0,162.25318312644958
132,132,ppo,clip,gae,ALE/Enduro-v5,atari,0,1,1.0,13200000,100000,28,28,4,1,0.0,0.0,3324.785714285714,0.0,0.0,3324.785714285714,-8.636713027954101e-10,-0.00040405972242355345,6.237729419495963e-09,5.239964270202791e-09,2.167899645690918,0.000202193846590817,nan,nan,0.0029900000002980234,nan,nan,nan,84.91828751564026,76.34053897857666,0.0,161.25887751579285
133,133,ppo,clip,gae,ALE/Enduro-v5,atari,0,1,1.0,13300000,100000,28,28,4,1,0.0,0.0,3324.6785714285716,0.0,0.0,3324.6785714285716,-3.682374954223633e-09,-0.00039363876283168793,5.20103443918174e-09,4.7692158727841164e-09,2.170368278198242,0.00017971489798743277,nan,nan,0.0010200000002980232,nan,nan,nan,85.60385584831238,76.41847443580627,0.0,162.02236890792847
134,134,ppo,clip,gae,ALE/Enduro-v5,atari,0,1,1.0,13400000,100000,28,28,4,1,0.0,0.0,3324.714285714286,0.0,0.0,3324.714285714286,-3.916025161743164e-09,-0.00036660547494888306,4.952465216803148e-09,2.0562238048249525e-09,2.1617003314971925,0.00013766037075547502,nan,nan,0.0011200000001490116,nan,nan,nan,86.39947295188904,76.53238654136658,0.0,162.931893825531
135,135,ppo,clip,gae,ALE/Enduro-v5,atari,0,1,1.0,13500000,100000,28,28,4,1,0.0,0.0,3323.9285714285716,0.0,0.0,3323.9285714285716,1.862645149230957e-09,-0.000447305913567543,2.1113142184958635e-09,1.0192786510856422e-08,2.1686469329833984,0.00023475776726845652,nan,nan,0.0010900000001490117,nan,nan,nan,85.2653956413269,76.64046883583069,0.0,161.90590023994446
136,136,ppo,clip,gae,ALE/Enduro-v5,atari,0,1,1.0,13600000,100000,28,28,4,1,0.0,0.0,3325.1071428571427,0.0,0.0,3325.1071428571427,1.9484162330627442e-08,-0.0003795004814863205,1.0114998256653962e-08,1.9595242059722297e-08,2.170605187454224,0.00018763999701477588,nan,nan,0.0019700000001490114,nan,nan,nan,85.11493825912476,76.59445667266846,0.0,161.70942878723145
137,137,ppo,clip,gae,ALE/Enduro-v5,atari,0,1,1.0,13700000,100000,28,28,4,1,0.0,0.0,3324.5,0.0,0.0,3324.5,-2.0400285720825196e-08,-0.00022664035320281981,1.961658763207197e-08,4.510323174372388e-08,2.1664987440490724,9.496670968132094e-05,nan,nan,0.00414,nan,nan,nan,85.69796347618103,76.72496747970581,0.0,162.4229655265808
138,138,ppo,clip,gae,ALE/Enduro-v5,atari,0,1,1.0,13800000,100000,28,28,4,1,0.0,0.0,3324.6428571428573,0.0,0.0,3324.6428571428573,3.91089916229248e-08,-0.00033800809025764467,4.489971675184279e-08,4.716332046257321e-09,2.170696350402832,0.000157532311193645,nan,nan,0.0009900000004470348,nan,nan,nan,85.59659552574158,76.62513065338135,0.0,162.22176694869995
139,139,ppo,clip,gae,ALE/Enduro-v5,atari,0,1,1.0,13900000,100000,28,28,4,1,0.0,0.0,3324.1785714285716,0.0,0.0,3324.1785714285716,8.262395858764648e-09,-0.00038255507826805114,4.583318772191091e-09,1.588112196742486e-08,2.170675329284668,0.00017462032275274397,nan,nan,0.0013200000101327896,nan,nan,nan,85.12529444694519,76.40446853637695,0.0,161.5298068523407
140,140,ppo,clip,gae,ALE/Enduro-v5,atari,0,1,1.0,14000000,100000,28,28,4,1,0.0,0.0,3324.8571428571427,0.0,0.0,3324.8571428571427,3.905504941940308e-08,-0.00046986978083848955,1.5845745986950988e-08,3.1370169492817014e-09,2.1651780772399905,0.00030945878642145544,nan,nan,0.002070000000447035,nan,nan,nan,84.98765158653259,76.3852117061615,0.0,161.37290501594543
141,141,ppo,clip,gae,ALE/Enduro-v5,atari,0,1,1.0,14100000,100000,28,28,4,1,0.0,0.0,3324.3571428571427,0.0,0.0,3324.3571428571427,1.2063384056091308e-08,-0.0003644590598344803,3.136220029560377e-09,2.758240953326663e-09,2.169092809371948,0.00010931154085788876,nan,nan,0.0024500000005960466,nan,nan,nan,84.924724817276,76.65444445610046,0.0,161.57920789718628
142,142,ppo,clip,gae,ALE/Enduro-v5,atari,0,1,1.0,14200000,100000,28,28,4,1,0.0,0.0,3323.535714285714,0.0,0.0,3323.535714285714,5.798395723104477e-09,-0.0005503200961835682,2.7177244054854554e-09,8.915191994276483e-09,2.1644364612579348,0.0002628453078819439,nan,nan,0.017810000000149012,nan,nan,nan,84.76806592941284,76.80010604858398,0.0,161.56820607185364
143,143,ppo,clip,gae,ALE/Enduro-v5,atari,0,1,1.0,14300000,100000,28,28,4,1,0.0,0.0,3324.214285714286,0.0,0.0,3324.214285714286,-1.4194846153259277e-08,-0.000427125478386879,9.096465166607003e-09,1.524443382265872e-08,2.165053003311157,0.0001825741981086321,nan,nan,0.0076100000001490115,nan,nan,nan,85.99494481086731,76.81288003921509,0.0,162.8078591823578
144,144,ppo,clip,gae,ALE/Enduro-v5,atari,0,1,1.0,14400000,100000,28,28,4,1,0.0,0.0,3325.1071428571427,0.0,0.0,3325.1071428571427,1.0736584663391114e-08,-0.0003187401175498962,1.520660607923219e-08,7.140088112436161e-09,2.16488451751709,0.0002478651973977685,nan,nan,0.005880000000149012,nan,nan,nan,85.67804837226868,76.73815107345581,0.0,162.41623640060425
145,145,ppo,clip,gae,ALE/Enduro-v5,atari,0,1,1.0,14500000,100000,28,28,4,1,0.0,0.0,3324.535714285714,0.0,0.0,3324.535714285714,-1.2471675872802735e-08,-0.0004631142181158066,7.039535848036849e-09,3.1334811900052273e-09,2.1696461568450927,0.00023111925712786615,nan,nan,0.006290000001043081,nan,nan,nan,85.13546323776245,76.72303676605225,0.0,161.85854578018188
146,146,ppo,clip,gae,ALE/Enduro-v5,atari,0,1,1.0,14600000,100000,28,28,4,1,0.0,0.0,3324.75,0.0,0.0,3324.75,-2.563297748565674e-09,-0.00031266121596097945,3.16483491104691e-09,1.5733201472585278e-08,2.1655697359466552,0.00016575932659208773,nan,nan,0.007390000000447035,nan,nan,nan,84.90927481651306,76.2611882686615,0.0,161.17050862312317
147,147,ppo,clip,gae,ALE/Enduro-v5,atari,0,1,1.0,14700000,100000,28,28,4,1,0.0,0.0,3325.3928571428573,0.0,0.0,3325.3928571428573,-4.803061485290527e-08,-0.00043991880416870116,1.559613410535121e-08,4.7366287326440216e-08,2.1648222232055665,0.00022019842261448503,nan,nan,0.0066800000013411045,nan,nan,nan,84.70199203491211,76.45330905914307,0.0,161.1553452014923
148,148,ppo,clip,gae,ALE/Enduro-v5,atari,0,1,1.0,14800000,100000,28,28,4,1,0.0,0.0,3324.8214285714284,0.0,0.0,3324.8214285714284,-3.935813903808594e-08,-0.00058963623046875,4.7294464123979196e-08,4.025552498632123e-09,2.160599596557617,0.00025438366021960973,nan,nan,0.007100000001490116,nan,nan,nan,84.90894079208374,76.67799806594849,0.0,161.58698081970215
149,149,ppo,clip,gae,ALE/Enduro-v5,atari,0,1,1.0,14900000,100000,28,28,4,1,0.0,0.0,3324.535714285714,0.0,0.0,3324.535714285714,-7.082819938659668e-09,-0.0004210222789645195,4.039109772122629e-09,1.3368591368534411e-09,2.1608390812683105,0.00012391739897662775,nan,nan,0.0035200000005960463,nan,nan,nan,85.28333711624146,76.57424712181091,0.0,161.8576226234436
150,150,ppo,clip,gae,ALE/Enduro-v5,atari,0,1,1.0,15000000,100000,28,28,4,1,0.0,0.0,3324.3214285714284,0.0,0.0,3324.3214285714284,-8.744001388549805e-10,-0.0004916083127260208,1.3807577806890236e-09,3.1915322170306127e-09,2.1641588766479494,0.0002422472893167287,nan,nan,0.02156000001192093,nan,nan,nan,85.79698705673218,76.74743723869324,0.0028219223022460938,162.54727959632874
151,151,ppo,clip,gae,ALE/Enduro-v5,atari,0,1,1.0,15100000,100000,28,28,4,1,0.0,0.0,3325.1071428571427,0.0,0.0,3325.1071428571427,4.83393669128418e-09,-0.0004145758041739464,3.0664411931269344e-09,1.290707514121081e-09,2.154489232711792,0.00015672930310480296,nan,nan,0.007150000003874302,nan,nan,nan,85.64158010482788,76.66425919532776,0.0,162.30587220191956
152,152,ppo,clip,gae,ALE/Enduro-v5,atari,0,1,1.0,15200000,100000,28,28,4,1,0.0,0.0,3323.6785714285716,0.0,0.0,3323.6785714285716,4.209466278553009e-09,-0.00046848846063017845,1.2598000812946707e-09,4.995129465328319e-09,2.1651524085998535,0.00014837333385366947,nan,nan,0.0013700000008940697,nan,nan,nan,85.67297387123108,76.86210441589355,0.0,162.5351119041443
153,153,ppo,clip,gae,ALE/Enduro-v5,atari,0,1,1.0,15300000,100000,28,28,4,1,0.0,0.0,3324.25,0.0,0.0,3324.25,-1.7267465591430664e-09,-0.000528138365149498,4.954478138401442e-09,3.1767083125942006e-08,2.15530729675293,0.0002516697908239439,nan,nan,0.009150000003576278,nan,nan,nan,85.96381878852844,76.57973575592041,0.0,162.54359197616577
154,154,ppo,clip,gae,ALE/Enduro-v5,atari,0,1,1.0,15400000,100000,28,28,4,1,0.0,0.0,3324.6071428571427,0.0,0.0,3324.6071428571427,7.357001304626465e-08,-0.00035296105802059175,3.1655443958698016e-08,1.8564581340640984e-09,2.166935596923828,6.865772127755918e-05,nan,nan,0.0011300000002980233,nan,nan,nan,84.98846888542175,76.62574481964111,0.0,161.6142599582672
155,155,ppo,clip,gae,ALE/Enduro-v5,atari,0,1,1.0,15500000,100000,28,28,4,1,0.0,0.0,3324.6428571428573,0.0,0.0,3324.6428571428573,-4.287958145141602e-09,-0.00035729183733463287,1.895105784033291e-09,1.1466767139678423e-09,2.1546893714904787,0.00017388856523204595,nan,nan,0.002580000000298023,nan,nan,nan,85.50597214698792,76.90956807136536,0.0,162.41558575630188
156,156,ppo,clip,gae,ALE/Enduro-v5,atari,0,1,1.0,15600000,100000,28,28,4,1,0.0,0.0,3324.1071428571427,0.0,0.0,3324.1071428571427,-4.472499713301659e-09,-0.00037614844312891364,1.1400780198522754e-09,3.759230832685034e-09,2.163296406097412,0.00012556414436083288,nan,nan,0.001690000001192093,nan,nan,nan,84.97170567512512,76.90930390357971,0.0,161.8810579776764
157,157,ppo,clip,gae,ALE/Enduro-v5,atari,0,1,1.0,15700000,100000,28,28,4,1,0.0,0.0,3324.6071428571427,0.0,0.0,3324.6071428571427,2.2596120834350585e-09,-0.0004897033756971359,3.664316224671893e-09,3.743881111333281e-09,2.169081396636963,0.0002230090535245836,nan,nan,0.012639999997615814,nan,nan,nan,85.76947546005249,76.83744692802429,0.0,162.60695362091064
158,158,ppo,clip,gae,ALE/Enduro-v5,atari,0,1,1.0,15800000,100000,28,28,4,1,0.0,0.0,3324.75,0.0,0.0,3324.75,2.8970837593078615e-09,-0.00037437447458505633,3.7279795765954305e-09,1.2535291436899243e-09,2.1599540758514406,0.00011293697833316401,nan,nan,0.0019900000002980233,nan,nan,nan,85.2752137184143,76.94786500930786,0.0,162.2231137752533
159,159,ppo,clip,gae,ALE/Enduro-v5,atari,0,1,1.0,15900000,100000,28,28,4,1,0.0,0.0,3324.8214285714284,0.0,0.0,3324.8214285714284,5.729496479034424e-09,-0.00042738017141819,1.2887737822087075e-09,2.1256574212102918e-09,2.1680625199890136,0.00015382168233860283,nan,nan,0.01640000000268221,nan,nan,nan,84.7927873134613,76.95340728759766,0.0,161.7462387084961
160,160,ppo,clip,gae,ALE/Enduro-v5,atari,0,1,1.0,16000000,100000,28,28,4,1,0.0,0.0,3324.6428571428573,0.0,0.0,3324.6428571428573,-1.518070697784424e-08,-0.0003047759889066219,2.1314046508180694e-09,5.465363302619153e-09,2.1672398656463625,0.00014241678094957023,nan,nan,0.007580000000149012,nan,nan,nan,85.4118959903717,76.84030771255493,0.0,162.2522361278534
161,161,ppo,clip,gae,ALE/Enduro-v5,atari,0,1,1.0,16100000,100000,28,28,4,1,0.0,0.0,3324.714285714286,0.0,0.0,3324.714285714286,2.2250115871429443e-08,-0.00027705674052238465,5.505300734114371e-09,1.719865358666084e-08,2.1645140686798094,0.00014499803576152771,nan,nan,0.00938,nan,nan,nan,85.75053930282593,76.73298716545105,0.0,162.48356127738953
162,162,ppo,clip,gae,ALE/Enduro-v5,atari,0,1,1.0,16200000,100000,28,28,4,1,0.0,0.0,3324.464285714286,0.0,0.0,3324.464285714286,-2.04622745513916e-08,-0.0003175687211751938,1.7099283849972834e-08,1.2327568735059913e-09,2.1638639712524412,0.00013265477644046767,nan,nan,0.0005900000002980232,nan,nan,nan,85.58192348480225,76.78245806694031,0.0,162.36442065238953
163,163,ppo,clip,gae,ALE/Enduro-v5,atari,0,1,1.0,16300000,100000,28,28,4,1,0.0,0.0,3325.1785714285716,0.0,0.0,3325.1785714285716,-3.904104232788086e-10,-0.000281483154296875,1.2438848452323015e-09,1.1268080490367537e-09,2.1615451766204834,0.00016169992107199505,nan,nan,0.007730000000149012,nan,nan,nan,85.45308995246887,76.81953287124634,0.0,162.2726595401764
164,164,ppo,clip,gae,ALE/Enduro-v5,atari,0,1,1.0,16400000,100000,28,28,4,1,0.0,0.0,3325.035714285714,0.0,0.0,3325.035714285714,8.581578731536866e-10,-0.00035183624371886254,1.114974160385529e-09,3.8948319351561625e-09,2.1709842040252685,0.00016640757477143778,nan,nan,0.0082,nan,nan,nan,85.73662900924683,76.76834917068481,0.0,162.50501322746277
165,165,ppo,clip,gae,ALE/Enduro-v5,atari,0,1,1.0,16500000,100000,28,28,4,1,0.0,0.0,3324.3571428571427,0.0,0.0,3324.3571428571427,-2.670168876647949e-08,-0.0002793315541744232,3.93942379567136e-09,2.0447651154498204e-09,2.171811238861084,0.00011162656653556041,nan,nan,0.005450000000298023,nan,nan,nan,85.69491815567017,76.85507917404175,0.0,162.550044298172
166,166,ppo,clip,gae,ALE/Enduro-v5,atari,0,1,1.0,16600000,100000,28,28,4,1,0.0,0.0,3324.3928571428573,0.0,0.0,3324.3928571428573,-1.0564625263214112e-08,-0.00042208031326532365,2.0056598792450585e-09,3.515970475547192e-09,2.1681974514770506,0.00012934645240660756,nan,nan,0.002420000000298023,nan,nan,nan,85.20115423202515,77.00576663017273,0.0,162.20695519447327
167,167,ppo,clip,gae,ALE/Enduro-v5,atari,0,1,1.0,16700000,100000,28,28,4,1,0.0,0.0,3324.1071428571427,0.0,0.0,3324.1071428571427,-1.7902255058288575e-08,-0.0003307499447464943,3.5760071662593875e-09,3.2665248814112146e-09,2.1695062407684325,0.00011777381049236282,nan,nan,0.007720000000149011,nan,nan,nan,85.61105060577393,76.552649974823,0.0,162.16374516487122
168,168,ppo,clip,gae,ALE/Enduro-v5,atari,0,1,1.0,16800000,100000,28,28,4,1,0.0,0.0,3324.535714285714,0.0,0.0,3324.535714285714,-3.595322370529175e-08,-0.0004509228506684303,3.1956252257003827e-09,5.4192326206248256e-09,2.1752607949829104,0.00024858790458180013,nan,nan,0.011300000000149012,nan,nan,nan,85.66006779670715,76.66331505775452,0.0,162.32342147827148
169,169,ppo,clip,gae,ALE/Enduro-v5,atari,0,1,1.0,16900000,100000,28,28,4,1,0.0,0.0,3324.25,0.0,0.0,3324.25,6.410181522369385e-09,-0.00034423240631818773,5.306588777784782e-09,8.733081466782977e-10,2.1684570702362063,0.0001185833883471787,nan,nan,0.00673,nan,nan,nan,84.86937165260315,76.56791758537292,0.0,161.43733429908752
170,170,ppo,clip,gae,ALE/Enduro-v5,atari,0,1,1.0,17000000,100000,28,28,4,1,0.0,0.0,3324.214285714286,0.0,0.0,3324.214285714286,-8.270442485809326e-09,-0.0003399140951037407,9.140686439357282e-10,1.1374432353683516e-09,2.172408984298706,0.0002073022318072617,nan,nan,0.019890000000298023,nan,nan,nan,85.11294078826904,76.2760398387909,0.0,161.3890221118927
171,171,ppo,clip,gae,ALE/Enduro-v5,atari,0,1,1.0,17100000,100000,28,28,4,1,0.0,0.0,3324.5714285714284,0.0,0.0,3324.5714285714284,-1.1346153914928437e-08,-0.00034411497773602606,1.122846942900324e-09,8.401937897843937e-09,2.175205219421387,0.0001456756558828056,nan,nan,0.027150000001192092,nan,nan,nan,84.55662870407104,76.55091619491577,0.0,161.10757637023926
172,172,ppo,clip,gae,ALE/Enduro-v5,atari,0,1,1.0,17200000,100000,28,28,4,1,0.0,0.0,3324.285714285714,0.0,0.0,3324.285714285714,1.1820793151855469e-08,-0.00043691203355789184,8.395859113079495e-09,4.715243869810592e-09,2.1768349781036376,0.00031030649949796496,nan,nan,0.05330000008106232,nan,nan,nan,85.24355173110962,76.63539433479309,0.0,161.87897753715515
173,173,ppo,clip,gae,ALE/Enduro-v5,atari,0,1,1.0,17300000,100000,28,28,4,1,0.0,0.0,3324.285714285714,0.0,0.0,3324.285714285714,5.047917366027832e-09,-0.0003543435601145029,4.700267294879268e-09,6.367940569731445e-09,2.178584587249756,0.00018281865656143053,nan,nan,0.024250000000298023,nan,nan,nan,84.97052431106567,76.57568359375,0.0,161.54624700546265
174,174,ppo,clip,gae,ALE/Enduro-v5,atari,0,1,1.0,17400000,100000,28,28,4,1,0.0,0.0,3324.3214285714284,0.0,0.0,3324.3214285714284,-1.287996768951416e-08,-0.00029963108897209165,6.2625949244932145e-09,5.628295303239383e-09,2.1737396446990966,0.00011871994412038475,nan,nan,0.0062800000008940695,nan,nan,nan,85.437185049057,76.62943410873413,0.0,162.06665182113647
175,175,ppo,clip,gae,ALE/Enduro-v5,atari,0,1,1.0,17500000,100000,28,28,4,1,0.0,0.0,3324.714285714286,0.0,0.0,3324.714285714286,4.794061183929443e-08,-0.00036953859329223634,5.54414305526052e-09,3.8940381632102114e-09,2.170581943206787,0.0001913965791929513,nan,nan,0.02556000002026558,nan,nan,nan,84.67412757873535,76.10135269165039,0.0028960704803466797,160.7784082889557
176,176,ppo,clip,gae,ALE/Enduro-v5,atari,0,1,1.0,17600000,100000,28,28,4,1,0.0,0.0,3325.0,0.0,0.0,3325.0,-1.8912553787231446e-09,-0.0004164995601773262,3.836653806104095e-09,1.9125109074735747e-09,2.1755287003326416,0.00019611422820249572,nan,nan,0.008660000000298023,nan,nan,nan,84.7140212059021,76.58829593658447,0.0,161.30234932899475
177,177,ppo,clip,gae,ALE/Enduro-v5,atari,0,1,1.0,17700000,100000,28,28,4,1,0.0,0.0,3324.5,0.0,0.0,3324.5,6.3817203044891355e-09,-0.00034062722697854043,1.8654814462593095e-09,1.9307877920127227e-09,2.1774820420837404,0.00019637990737333893,nan,nan,0.012430000000298024,nan,nan,nan,85.11598515510559,76.40025877952576,0.0,161.51627802848816
178,178,ppo,clip,gae,ALE/Enduro-v5,atari,0,1,1.0,17800000,100000,28,28,4,1,0.0,0.0,3323.964285714286,0.0,0.0,3323.964285714286,-2.3912787437438964e-08,-0.00034873670637607573,1.9652455669927348e-09,8.357361971400579e-10,2.176750109176636,0.00011346891327761113,nan,nan,0.013800000000447035,nan,nan,nan,84.56082367897034,76.63211870193481,0.0,161.19298839569092
179,179,ppo,clip,gae,ALE/Enduro-v5,atari,0,1,1.0,17900000,100000,28,28,4,1,0.0,0.0,3324.0714285714284,0.0,0.0,3324.0714285714284,1.996755599975586e-11,-0.00039265905410051347,8.346778500634145e-10,7.26761283662558e-10,2.1779461109161375,0.00012897742568748072,nan,nan,0.0025200000001490116,nan,nan,nan,85.24646067619324,76.22233772277832,0.0,161.46883034706116
180,180,ppo,clip,gae,ALE/Enduro-v5,atari,0,1,1.0,18000000,100000,28,28,4,1,0.0,0.0,3325.1785714285716,0.0,0.0,3325.1785714285716,5.369633436203003e-09,-0.00024158754326403142,7.518488570990022e-10,1.036319011774367e-08,2.1754970964813234,9.576569445431232e-05,nan,nan,0.005310000000447035,nan,nan,nan,85.3242654800415,76.5712890625,0.0,161.89558815956116
181,181,ppo,clip,gae,ALE/Enduro-v5,atari,0,1,1.0,18100000,100000,28,28,4,1,0.0,0.0,3323.75,0.0,0.0,3323.75,-6.461203098297119e-08,-0.00034821298480033875,1.034420040440409e-08,1.8370773799958328e-09,2.177973486404419,0.0001368021184951067,nan,nan,0.013929999997615815,nan,nan,nan,85.38758683204651,76.56556153297424,0.0,161.95318174362183
182,182,ppo,clip,gae,ALE/Enduro-v5,atari,0,1,1.0,18200000,100000,28,28,4,1,0.0,0.0,3324.1785714285716,0.0,0.0,3324.1785714285716,1.1029243469238282e-08,-0.0003962460371851921,1.8153626990624616e-09,1.4306060066182624e-09,2.1787609148406983,0.00018090793756768108,nan,nan,0.01347000000178814,nan,nan,nan,84.99163556098938,76.16526341438293,0.0,161.15693044662476
183,183,ppo,clip,gae,ALE/Enduro-v5,atari,0,1,1.0,18300000,100000,28,28,4,1,0.0,0.0,3324.535714285714,0.0,0.0,3324.535714285714,-1.522839069366455e-08,-0.00023942138969898223,1.4771460609530606e-09,8.420759255756138e-10,2.178303637466431,5.953785676159896e-05,nan,nan,0.0009200000001490116,nan,nan,nan,85.1618025302887,76.47625231742859,0.0,161.63808584213257
184,184,ppo,clip,gae,ALE/Enduro-v5,atari,0,1,1.0,18400000,100000,28,28,4,1,0.0,0.0,3324.964285714286,0.0,0.0,3324.964285714286,2.0834803581237793e-09,-0.0003867715036869049,8.427275165567849e-10,1.4637266586881026e-09,2.1774895627593995,0.0001086529931682162,nan,nan,0.008099999989271163,nan,nan,nan,84.98246836662292,76.57955884933472,0.0,161.56207084655762
185,185,ppo,clip,gae,ALE/Enduro-v5,atari,0,1,1.0,18500000,100000,28,28,4,1,0.0,0.0,3324.5714285714284,0.0,0.0,3324.5714285714284,1.4896243810653686e-08,-0.000363383449986577,1.4896813787856899e-09,2.253221650541093e-09,2.1761516891479493,0.00013154319195542483,nan,nan,0.002120000000149012,nan,nan,nan,84.55290627479553,76.45802092552185,0.0,161.010977268219
186,186,ppo,clip,gae,ALE/Enduro-v5,atari,0,1,1.0,18600000,100000,28,28,4,1,0.0,0.0,3323.6071428571427,0.0,0.0,3323.6071428571427,4.915595054626465e-09,-0.00023624620154500008,2.1806730588735947e-09,6.911460397662772e-10,2.1767337652587893,8.831733097322286e-05,nan,nan,0.0032200000013411045,nan,nan,nan,84.6596269607544,76.38217949867249,0.0,161.04184913635254
187,187,ppo,clip,gae,ALE/Enduro-v5,atari,0,1,1.0,18700000,100000,28,28,4,1,0.0,0.0,3324.714285714286,0.0,0.0,3324.714285714286,3.3967196941375734e-09,-0.0003134535112977028,7.215679861172219e-10,1.8294869859403207e-09,2.1768527351379396,0.00012807192352134734,nan,nan,0.01747999999642372,nan,nan,nan,84.92819285392761,76.4294445514679,0.0,161.35768175125122
188,188,ppo,clip,gae,ALE/Enduro-v5,atari,0,1,1.0,18800000,100000,28,28,4,1,0.0,0.0,3324.9285714285716,0.0,0.0,3324.9285714285716,1.4529824256896972e-08,-0.0002776672285795212,1.8221037787213846e-09,1.1980924580257123e-09,2.1775414949798586,0.00010214482475072146,nan,nan,0.003980000011920929,nan,nan,nan,84.97958660125732,77.11930322647095,0.0,162.09892225265503
189,189,ppo,clip,gae,ALE/Enduro-v5,atari,0,1,1.0,18900000,100000,28,28,4,1,0.0,0.0,3325.8214285714284,0.0,0.0,3325.8214285714284,8.250772953033447e-09,-0.0003465404559671879,1.1893793961803567e-09,1.4485413041143148e-08,2.1800166205596923,0.00010752866074908525,nan,nan,0.011050000000298023,nan,nan,nan,86.60076141357422,76.56094813346863,0.0,163.16174817085266
190,190,ppo,clip,gae,ALE/Enduro-v5,atari,0,1,1.0,19000000,100000,28,28,4,1,0.0,0.0,3324.785714285714,0.0,0.0,3324.785714285714,6.093740463256836e-08,-0.0002180452835559845,1.4366041386040251e-08,7.528884618057674e-10,2.1796782833862305,0.00013220160458236933,nan,nan,0.011910000015497208,nan,nan,nan,84.93207883834839,76.48305082321167,0.0,161.4151635169983
191,191,ppo,clip,gae,ALE/Enduro-v5,atari,0,1,1.0,19100000,100000,28,28,4,1,0.0,0.0,3324.714285714286,0.0,0.0,3324.714285714286,4.010424017906189e-09,-0.00032841122083365916,6.730396162213381e-10,1.4430517253849473e-09,2.1799926238250733,7.868946598027832e-05,nan,nan,0.007320000000149012,nan,nan,nan,84.38452696800232,76.45478177070618,0.0,160.83934092521667
192,192,ppo,clip,gae,ALE/Enduro-v5,atari,0,1,1.0,19200000,100000,28,28,4,1,0.0,0.0,3324.714285714286,0.0,0.0,3324.714285714286,1.9768476486206055e-08,-0.00027952757269144056,1.5136439570717641e-09,2.3473205887967198e-08,2.1815793476867675,0.00010050601618131623,nan,nan,0.017300000000298025,nan,nan,nan,84.83807182312012,76.4956362247467,0.0,161.33373999595642
193,193,ppo,clip,gae,ALE/Enduro-v5,atari,0,1,1.0,19300000,100000,28,28,4,1,0.0,0.0,3324.3571428571427,0.0,0.0,3324.3571428571427,-4.560947418212891e-09,-0.00040353503942489624,2.324437693289383e-08,7.259389053970722e-10,2.1785146961975097,0.00013098795990925283,nan,nan,0.004270000000149011,nan,nan,nan,84.62657642364502,76.54279208183289,0.0,161.16941118240356
194,194,ppo,clip,gae,ALE/Enduro-v5,atari,0,1,1.0,19400000,100000,28,28,4,1,0.0,0.0,3324.1071428571427,0.0,0.0,3324.1071428571427,-1.2710578739643098e-08,-0.0003323555066436529,6.813980867903524e-10,6.061713865240792e-10,2.177835114517212,0.00010008870649733581,nan,nan,0.020080000000298023,nan,nan,nan,84.71097207069397,76.48726606369019,0.0,161.19827318191528
195,195,ppo,clip,gae,ALE/Enduro-v5,atari,0,1,1.0,19500000,100000,28,28,4,1,0.0,0.0,3325.1071428571427,0.0,0.0,3325.1071428571427,-2.772212028503418e-09,-0.0002647158847749233,6.062971238490756e-10,3.566873702425255e-08,2.179118306350708,6.774667047313415e-05,nan,nan,0.0015700000004470348,nan,nan,nan,84.59928154945374,76.47087597846985,0.0,161.07019996643066
196,196,ppo,clip,gae,ALE/Enduro-v5,atari,0,1,1.0,19600000,100000,28,28,4,1,0.0,0.0,3323.4285714285716,0.0,0.0,3323.4285714285716,-6.540179252624511e-08,-0.00035091640114784243,3.5346760859056304e-08,9.517572810224806e-10,2.179747855911255,0.00010635428700246848,nan,nan,0.01041,nan,nan,nan,84.63766527175903,76.09188628196716,0.0,160.72958493232727
197,197,ppo,clip,gae,ALE/Enduro-v5,atari,0,1,1.0,19700000,100000,28,28,4,1,0.0,0.0,3324.3571428571427,0.0,0.0,3324.3571428571427,-2.613663673400879e-09,-0.0003641322362422943,9.254401469860341e-10,6.084931255556647e-10,2.175787481460571,0.00012171152194961905,nan,nan,0.014510000000298024,nan,nan,nan,85.15696620941162,76.32586693763733,0.0,161.4828646183014
198,198,ppo,clip,gae,ALE/Enduro-v5,atari,0,1,1.0,19800000,100000,28,28,4,1,0.0,0.0,3324.035714285714,0.0,0.0,3324.035714285714,8.758902549743652e-10,-0.00041324266433715823,5.680160385701516e-10,7.217131724557291e-10,2.1776576066589355,0.00014021551520796493,nan,nan,0.01986,nan,nan,nan,84.55752658843994,76.36348056793213,0.0,160.92104482650757
199,199,ppo,clip,gae,ALE/Enduro-v5,atari,0,1,1.0,19900000,100000,28,28,4,1,0.0,0.0,3324.5,0.0,0.0,3324.5,-1.1005625128746034e-09,-0.00025019674506038427,6.887341936723246e-10,2.2509854282759534e-09,2.1788929093933107,6.084221389144659e-05,nan,nan,0.0017800000001490116,nan,nan,nan,85.08936190605164,76.73224830627441,0.0,161.8216428756714
200,200,ppo,clip,gae,ALE/Enduro-v5,atari,0,1,1.0,20000000,100000,28,28,4,1,0.0,0.0,3324.4285714285716,0.0,0.0,3324.4285714285716,2.118825912475586e-08,-0.0002231729954481125,2.3109062705373162e-09,9.18646561302694e-09,2.176831952896118,0.00010233836415689439,nan,nan,0.017030000003278256,nan,nan,nan,84.73666477203369,76.43599438667297,0.0029108524322509766,161.1756031513214
201,201,ppo,clip,gae,ALE/Enduro-v5,atari,0,1,1.0,20100000,100000,28,28,4,1,0.0,0.0,3323.8571428571427,0.0,0.0,3323.8571428571427,2.5899410247802735e-08,-0.0003738898652791977,9.139353104785642e-09,2.754308933177185e-09,2.174509659729004,8.919473279616796e-05,nan,nan,0.0019700000005960466,nan,nan,nan,84.43103051185608,76.44208860397339,0.0,160.87316274642944
202,202,ppo,clip,gae,ALE/Enduro-v5,atari,0,1,1.0,20200000,100000,28,28,4,1,0.0,0.0,3324.714285714286,0.0,0.0,3324.714285714286,-2.171456813812256e-08,-0.0003191865813732147,2.7226621220677316e-09,5.333582121402891e-10,2.177032035140991,7.62072673579678e-05,nan,nan,0.006300000000149012,nan,nan,nan,84.57998609542847,76.52561140060425,0.0,161.10563015937805
203,203,ppo,clip,gae,ALE/Enduro-v5,atari,0,1,1.0,20300000,100000,28,28,4,1,0.0,0.0,3324.3928571428573,0.0,0.0,3324.3928571428573,3.193765878677368e-09,-0.00028162446446716786,5.202991500974363e-10,1.8983022775387326e-08,2.1795736511993407,0.00012845540076261385,nan,nan,0.030280000005960466,nan,nan,nan,84.63381028175354,76.56318974494934,0.0,161.197035074234
204,204,ppo,clip,gae,ALE/Enduro-v5,atari,0,1,1.0,20400000,100000,28,28,4,1,0.0,0.0,3324.6785714285716,0.0,0.0,3324.6785714285716,-1.1884689331054687e-07,-0.0003198373019695282,1.888522308092888e-08,1.7891379957291063e-08,2.1744224002075194,0.00010849986966233701,nan,nan,0.011190000000149011,nan,nan,nan,84.85647630691528,76.65747165679932,0.0,161.51398253440857
205,205,ppo,clip,gae,ALE/Enduro-v5,atari,0,1,1.0,20500000,100000,28,28,4,1,0.0,0.0,3324.785714285714,0.0,0.0,3324.785714285714,-7.191181182861328e-08,-0.00021142874956130983,1.7588775647254808e-08,1.0636691196808101e-09,2.1800523133087157,5.78757731965743e-05,nan,nan,0.003230000000745058,nan,nan,nan,85.56705689430237,76.51041150093079,0.0,162.07751202583313
206,206,ppo,clip,gae,ALE/Enduro-v5,atari,0,1,1.0,20600000,100000,28,28,4,1,0.0,0.0,3324.714285714286,0.0,0.0,3324.714285714286,2.2214651107788084e-09,-0.00018970155119895935,1.0807872012907894e-09,6.273207662559344e-09,2.176901536331177,4.0973816216574054e-05,nan,nan,0.003250000000298023,nan,nan,nan,85.61398243904114,76.4559907913208,0.0,162.070006608963
207,207,ppo,clip,gae,ALE/Enduro-v5,atari,0,1,1.0,20700000,100000,28,28,4,1,0.0,0.0,3324.1428571428573,0.0,0.0,3324.1428571428573,4.51350212097168e-08,-0.0002536681604385376,6.2123714843664856e-09,1.0500585488948389e-09,2.17970484085083,8.967521748389118e-05,nan,nan,0.011160000000298024,nan,nan,nan,85.61637711524963,76.61844301223755,0.0,162.2348599433899
208,208,ppo,clip,gae,ALE/Enduro-v5,atari,0,1,1.0,20800000,100000,28,28,4,1,0.0,0.0,3325.1785714285716,0.0,0.0,3325.1785714285716,7.108747959136963e-09,-0.00017788557976484298,9.858352528979707e-10,8.399308462969657e-09,2.1820200189208983,6.937023659120314e-05,nan,nan,0.01961,nan,nan,nan,85.50678849220276,76.58241844177246,0.0,162.0892379283905
209,209,ppo,clip,gae,ALE/Enduro-v5,atari,0,1,1.0,20900000,100000,28,28,4,1,0.0,0.0,3323.8571428571427,0.0,0.0,3323.8571428571427,-5.500495433807373e-08,-0.00023778551936149596,8.418070969469228e-09,6.98363695743609e-10,2.177673124923706,4.603413693024777e-05,nan,nan,0.00048000000044703484,nan,nan,nan,85.74401760101318,76.61980319023132,0.0,162.36385703086853
210,210,ppo,clip,gae,ALE/Enduro-v5,atari,0,1,1.0,21000000,100000,28,28,4,1,0.0,0.0,3324.5,0.0,0.0,3324.5,-2.5290250778198244e-09,-0.0002268082734942436,6.374282535448473e-10,8.740376051985521e-10,2.179340453491211,5.608814135659486e-05,nan,nan,0.005570000000596046,nan,nan,nan,85.49888753890991,76.57867479324341,0.0,162.0776047706604
211,211,ppo,clip,gae,ALE/Enduro-v5,atari,0,1,1.0,21100000,100000,28,28,4,1,0.0,0.0,3324.4285714285716,0.0,0.0,3324.4285714285716,-6.815195083618164e-09,-0.0002246193152666092,9.186255998905324e-10,5.485365145290189e-09,2.178968962020874,5.5884415060281753e-05,nan,nan,0.0023700000005960464,nan,nan,nan,84.6698899269104,76.5593433380127,0.0,161.22927570343018
212,212,ppo,clip,gae,ALE/Enduro-v5,atari,0,1,1.0,21200000,100000,28,28,4,1,0.0,0.0,3324.1428571428573,0.0,0.0,3324.1428571428573,-4.382193088531494e-08,-0.0002334625381231308,5.409509327449769e-09,8.632316462495738e-09,2.1806657609558107,5.435590823646635e-05,nan,nan,0.0017200000002980233,nan,nan,nan,84.70957446098328,76.58335185050964,0.0,161.29303312301636
213,213,ppo,clip,gae,ALE/Enduro-v5,atari,0,1,1.0,21300000,100000,28,28,4,1,0.0,0.0,3324.1071428571427,0.0,0.0,3324.1071428571427,2.612113952636719e-08,-0.0002389284473657608,8.613183039898332e-09,5.6084376576848175e-09,2.180969447555542,6.513802098459564e-05,nan,nan,0.00679,nan,nan,nan,85.13077735900879,76.77835130691528,0.0,161.9091625213623
214,214,ppo,clip,gae,ALE/Enduro-v5,atari,0,1,1.0,21400000,100000,28,28,4,1,0.0,0.0,3324.714285714286,0.0,0.0,3324.714285714286,-5.279600620269775e-08,-0.00018841786921024322,5.626942332526142e-09,6.133969663864036e-09,2.1828132456970213,5.639108619128819e-05,nan,nan,0.010030000000149012,nan,nan,nan,85.00401592254639,76.65527629852295,0.0,161.65933847427368
215,215,ppo,clip,gae,ALE/Enduro-v5,atari,0,1,1.0,21500000,100000,28,28,4,1,0.0,0.0,3324.8214285714284,0.0,0.0,3324.8214285714284,-5.340576171875e-10,-0.00027052799940109254,6.110411423918549e-09,4.730837738975424e-09,2.1786893217468264,6.87233221763745e-05,nan,nan,0.0019200000001490117,nan,nan,nan,85.45484924316406,76.41233420372009,0.0,161.86721539497375
216,216,ppo,clip,gae,ALE/Enduro-v5,atari,0,1,1.0,21600000,100000,28,28,4,1,0.0,0.0,3324.464285714286,0.0,0.0,3324.464285714286,4.715919494628906e-09,-0.00020964396476745605,4.680654859825495e-09,8.203870172280859e-09,2.182580358352661,6.059860857320018e-05,nan,nan,0.006520000001341105,nan,nan,nan,85.00609421730042,76.46289491653442,0.0,161.46901988983154
217,217,ppo,clip,gae,ALE/Enduro-v5,atari,0,1,1.0,21700000,100000,28,28,4,1,0.0,0.0,3325.8571428571427,0.0,0.0,3325.8571428571427,5.244970321655273e-08,-0.00020490220546722412,8.156049718763824e-09,1.4165450238046162e-09,2.1815322025299073,5.938112141797319e-05,nan,nan,0.009550000006556512,nan,nan,nan,85.25745964050293,76.04463934898376,0.0,161.30214095115662
218,218,ppo,clip,gae,ALE/Enduro-v5,atari,0,1,1.0,21800000,100000,28,28,4,1,0.0,0.0,3324.714285714286,0.0,0.0,3324.714285714286,-2.719759941101074e-09,-0.00026716310799121856,1.4215658562299894e-09,9.092608413219239e-10,2.1839273030853272,7.890840348089114e-05,nan,nan,0.010320000022649765,nan,nan,nan,84.63470840454102,76.52709674835205,0.0,161.1618368625641
219,219,ppo,clip,gae,ALE/Enduro-v5,atari,0,1,1.0,21900000,100000,28,28,4,1,0.0,0.0,3324.9285714285716,0.0,0.0,3324.9285714285716,7.857978343963624e-09,-0.00025479204252362253,9.550475800601533e-10,4.71456690441241e-10,2.1796831064605713,3.679216630436713e-05,nan,nan,0.0035200000001490116,nan,nan,nan,84.69373154640198,76.67137932777405,0.0,161.36514258384705
220,220,ppo,clip,gae,ALE/Enduro-v5,atari,0,1,1.0,22000000,100000,28,28,4,1,0.0,0.0,3324.3214285714284,0.0,0.0,3324.3214285714284,-5.935132503509521e-09,-0.0003065073302388191,4.668719766692808e-10,4.747921561149005e-10,2.180241608505249,7.525589663302526e-05,nan,nan,0.00795000001013279,nan,nan,nan,84.73642897605896,76.3803985118866,0.0,161.11685919761658
221,221,ppo,clip,gae,ALE/Enduro-v5,atari,0,1,1.0,22100000,100000,28,28,4,1,0.0,0.0,3324.6785714285716,0.0,0.0,3324.6785714285716,3.5522878170013426e-09,-0.0002018255439400673,4.570341479648299e-10,9.103861864723228e-10,2.1809980881500244,2.4254138967226027e-05,nan,nan,0.0012,nan,nan,nan,85.69940829277039,76.57441186904907,0.0,162.27385139465332
222,222,ppo,clip,gae,ALE/Enduro-v5,atari,0,1,1.0,22200000,100000,28,28,4,1,0.0,0.0,3324.0714285714284,0.0,0.0,3324.0714285714284,-2.864748239517212e-09,-0.0002376412107050419,9.08638352505875e-10,4.3306737207315926e-10,2.178918891906738,2.6984958989778533e-05,nan,nan,0.0009000000001490116,nan,nan,nan,84.94356608390808,76.59797430038452,0.0,161.5415723323822
223,223,ppo,clip,gae,ALE/Enduro-v5,atari,0,1,1.0,22300000,100000,28,28,4,1,0.0,0.0,3323.4285714285716,0.0,0.0,3323.4285714285716,3.4821266308426856e-09,-0.00021013421884737908,4.3028944709977423e-10,4.1166355683230905e-09,2.1789389694213868,5.074345136526972e-05,nan,nan,0.0022900000005960466,nan,nan,nan,85.20189785957336,76.5953860282898,0.0,161.79731583595276
224,224,ppo,clip,gae,ALE/Enduro-v5,atari,0,1,1.0,22400000,100000,28,28,4,1,0.0,0.0,3324.6428571428573,0.0,0.0,3324.6428571428573,-7.937103509902954e-10,-0.00024770849974804153,0.00020684009148094545,0.00020494828263692397,2.1803813004302977,0.00012701396897784434,nan,nan,0.11781000000044703,nan,0.0028266310691833496,0.013983190059661865,85.08963060379028,76.70258331298828,0.0,161.79226684570312
225,225,ppo,clip,gae,ALE/Enduro-v5,atari,0,1,1.0,22500000,100000,28,28,4,1,0.0,0.0,3324.214285714286,0.0,0.0,3324.214285714286,-4.534125328063965e-09,-0.0004911646401882172,5.134781473316252e-07,2.3003238121361846e-08,2.176095385131836,5.9056535320123656e-05,nan,nan,0.016100000000745057,nan,nan,nan,84.72527766227722,76.5861463546753,0.0027756690979003906,161.3142340183258
226,226,ppo,clip,gae,ALE/Enduro-v5,atari,0,1,1.0,22600000,100000,28,28,4,1,0.0,0.0,3325.0714285714284,0.0,0.0,3325.0714285714284,5.3444504737854e-09,-0.000374172779917717,2.687744797563951e-08,1.2840417777102432e-08,2.1829860118103026,3.4547385701444e-05,nan,nan,0.008490000000149012,nan,nan,nan,85.25165700912476,76.39650654792786,0.0,161.6482071876526
227,227,ppo,clip,gae,ALE/Enduro-v5,atari,0,1,1.0,22700000,100000,28,28,4,1,0.0,0.0,3324.3214285714284,0.0,0.0,3324.3214285714284,-7.97554850578308e-09,-0.0003188686649501324,1.0536779399670237e-08,6.937231107393416e-09,2.178197652130127,4.893015291541815e-05,nan,nan,0.008310000000149012,nan,nan,nan,84.96987962722778,76.6803150177002,0.0,161.65024185180664
228,228,ppo,clip,gae,ALE/Enduro-v5,atari,0,1,1.0,22800000,100000,28,28,4,1,0.0,0.0,3324.0,0.0,0.0,3324.0,4.0218234062194824e-10,-0.0003177491715550423,8.126442924849541e-09,5.543034221791032e-09,2.178378913345337,4.212039023055695e-05,nan,nan,0.009320000000298024,nan,nan,nan,85.6527783870697,76.63205194473267,0.0,162.28486585617065
229,229,ppo,clip,gae,ALE/Enduro-v5,atari,0,1,1.0,22900000,100000,28,28,4,1,0.0,0.0,3324.3571428571427,0.0,0.0,3324.3571428571427,8.875131607055664e-10,-0.00026218479931354525,5.199869093654996e-09,4.138358371075235e-09,2.1768615146636963,4.852783083508257e-05,nan,nan,0.0219,nan,nan,nan,84.95954489707947,76.32723903656006,0.0,161.28681659698486
230,230,ppo,clip,gae,ALE/Enduro-v5,atari,0,1,1.0,23000000,100000,28,28,4,1,0.0,0.0,3324.464285714286,0.0,0.0,3324.464285714286,-2.7985870838165284e-09,-0.00024107750460505487,4.262277552644633e-09,3.581666496064173e-09,2.1773352756500244,6.82106557872612e-05,nan,nan,0.02022000000268221,nan,nan,nan,84.66954469680786,76.31724762916565,0.0,160.98682594299316
231,231,ppo,clip,gae,ALE/Enduro-v5,atari,0,1,1.0,23100000,100000,28,28,4,1,0.0,0.0,3324.3214285714284,0.0,0.0,3324.3214285714284,1.4616549015045166e-09,-0.00020140784502029418,3.550668511769217e-09,3.0878696299341256e-09,2.1752085247039794,3.908272147062234e-05,nan,nan,0.0019500000002980232,nan,nan,nan,84.54735541343689,76.3686888217926,0.0,160.91607880592346
232,232,ppo,clip,gae,ALE/Enduro-v5,atari,0,1,1.0,23200000,100000,28,28,4,1,0.0,0.0,3324.535714285714,0.0,0.0,3324.535714285714,5.331039428710938e-09,-0.00018480857133865356,2.9931160054763597e-09,2.5827706400782804e-09,2.1766371900177,3.3751558706862854e-05,nan,nan,0.006500000003874302,nan,nan,nan,84.85810565948486,76.45137810707092,0.0,161.30951690673828
233,233,ppo,clip,gae,ALE/Enduro-v5,atari,0,1,1.0,23300000,100000,28,28,4,1,0.0,0.0,3324.5,0.0,0.0,3324.5,-5.5140256881713864e-09,-0.0002080953975021839,2.8124933209783263e-09,2.5228108317065787e-09,2.176584179382324,1.943341154663358e-05,nan,nan,0.004440000000298023,nan,nan,nan,84.89382886886597,76.59206461906433,0.0,161.4859254360199
234,234,ppo,clip,gae,ALE/Enduro-v5,atari,0,1,1.0,23400000,100000,28,28,4,1,0.0,0.0,3324.964285714286,0.0,0.0,3324.964285714286,1.1488795280456543e-10,-0.0001700307296216488,2.280575085658043e-09,2.07360339766538e-09,2.1744826387786866,3.126910852268338e-05,nan,nan,0.0010900000001490117,nan,nan,nan,85.67027950286865,76.59633135795593,0.0,162.26664400100708
235,235,ppo,clip,gae,ALE/Enduro-v5,atari,0,1,1.0,23500000,100000,28,28,4,1,0.0,0.0,3325.1428571428573,0.0,0.0,3325.1428571428573,-3.3179670572280884e-09,-0.0001926837618649006,2.149050838764488e-09,1.96235197179373e-09,2.1716965686035157,2.920787408540491e-05,nan,nan,0.00416,nan,nan,nan,85.20898079872131,76.65432643890381,0.0,161.86334490776062
236,236,ppo,clip,gae,ALE/Enduro-v5,atari,0,1,1.0,23600000,100000,28,28,4,1,0.0,0.0,3324.5,0.0,0.0,3324.5,-1.716017723083496e-09,-0.0001702465440519154,1.9943130010169342e-09,1.8129461011295867e-09,2.1743111570739746,2.309617728809826e-05,nan,nan,0.004380000000298023,nan,nan,nan,84.9279236793518,76.22066354751587,0.0,161.14863085746765
237,237,ppo,clip,gae,ALE/Enduro-v5,atari,0,1,1.0,23700000,100000,28,28,4,1,0.0,0.0,3324.3214285714284,0.0,0.0,3324.3214285714284,3.444850444793701e-09,-0.00011211967386305332,1.8459438816154083e-09,1.6926163537722695e-09,2.172878436508179,4.761276036500931e-05,nan,nan,0.034040000004768374,nan,nan,nan,85.25196433067322,76.39868187904358,0.0,161.6506838798523
238,238,ppo,clip,gae,ALE/Enduro-v5,atari,0,1,1.0,23800000,100000,28,28,4,1,0.0,0.0,3325.214285714286,0.0,0.0,3325.214285714286,-3.841519355773926e-10,-0.00022533310800790788,1.7212047290882104e-09,1.568944901511049e-09,2.1764825425720216,2.7833375717164018e-05,nan,nan,0.005140000000298023,nan,nan,nan,84.49321722984314,76.63819003105164,0.0,161.13144040107727
239,239,ppo,clip,gae,ALE/Enduro-v5,atari,0,1,1.0,23900000,100000,28,28,4,1,0.0,0.0,3324.8571428571427,0.0,0.0,3324.8571428571427,1.649409532546997e-09,-0.00016878742322325705,1.5800183222958175e-09,1.4582524284989518e-09,2.1745490252685546,2.374064796953462e-05,nan,nan,0.008949999996423721,nan,nan,nan,85.66034388542175,76.22016954421997,0.0,161.88055276870728
240,240,ppo,clip,gae,ALE/Enduro-v5,atari,0,1,1.0,24000000,100000,28,28,4,1,0.0,0.0,3324.6785714285716,0.0,0.0,3324.6785714285716,5.79833984375e-09,-0.00015486366368830203,1.5396004746226488e-09,1.4183656651201027e-09,2.1774263329315184,1.2063389788818313e-05,nan,nan,0.0005900000001490116,nan,nan,nan,85.22573351860046,76.49516868591309,0.0,161.7209370136261
241,241,ppo,clip,gae,ALE/Enduro-v5,atari,0,1,1.0,24100000,100000,28,28,4,1,0.0,0.0,3324.75,0.0,0.0,3324.75,6.2975287437438964e-09,-0.00016074123352766037,1.4720521946753883e-09,1.364053093486639e-09,2.17342409034729,2.0469795833923853e-05,nan,nan,0.0012800000002980232,nan,nan,nan,84.43708729743958,76.61136436462402,0.0,161.04849791526794
242,242,ppo,clip,gae,ALE/Enduro-v5,atari,0,1,1.0,24200000,100000,28,28,4,1,0.0,0.0,3325.035714285714,0.0,0.0,3325.035714285714,-4.0441751480102535e-09,-0.00014177668750286102,1.438348746787277e-09,1.343227439249972e-09,2.1759180168914796,1.4927733851363882e-05,nan,nan,0.0006900000004470348,nan,nan,nan,85.18535089492798,76.64180135726929,0.0,161.82719373703003
243,243,ppo,clip,gae,ALE/Enduro-v5,atari,0,1,1.0,24300000,100000,28,28,4,1,0.0,0.0,3325.535714285714,0.0,0.0,3325.535714285714,-5.836151540279388e-09,-0.00015412291035056116,1.2676897734431592e-09,1.205639410497561e-09,2.1746088001251223,2.208820238825865e-05,nan,nan,0.00241,nan,nan,nan,85.49030327796936,76.56819438934326,0.0,162.05852890014648
244,244,ppo,clip,gae,ALE/Enduro-v5,atari,0,1,1.0,24400000,100000,28,28,4,1,0.0,0.0,3324.9285714285716,0.0,0.0,3324.9285714285716,-4.674196243286133e-09,-0.00013459671556949616,1.2947802344065451e-09,1.1750286108047626e-09,2.181344734954834,1.4447659618454054e-05,nan,nan,0.0004500000002980232,nan,nan,nan,85.620854139328,76.9556884765625,0.0,162.57657837867737
245,245,ppo,clip,gae,ALE/Enduro-v5,atari,0,1,1.0,24500000,100000,28,28,4,1,0.0,0.0,3323.8214285714284,0.0,0.0,3323.8214285714284,-5.365163087844849e-10,-0.00019586373820900917,1.1052857773630188e-09,1.0682893781677194e-09,2.1743288760375976,2.6195003586472013e-05,nan,nan,0.010310000000149012,nan,nan,nan,84.9197130203247,76.53705954551697,0.0,161.45680594444275
246,246,ppo,clip,gae,ALE/Enduro-v5,atari,0,1,1.0,24600000,100000,28,28,4,1,0.0,0.0,3325.0714285714284,0.0,0.0,3325.0714285714284,8.991807699203492e-09,-0.00020011218249797822,1.1188870815392883e-09,1.0248378682753412e-09,2.1731554926300047,3.2804022950003856e-05,nan,nan,0.015610000001043081,nan,nan,nan,85.84238243103027,76.49789905548096,0.0,162.3403136730194
247,247,ppo,clip,gae,ALE/Enduro-v5,atari,0,1,1.0,24700000,100000,28,28,4,1,0.0,0.0,3324.3928571428573,0.0,0.0,3324.3928571428573,-2.2055208683013916e-09,-0.00019623318806290626,1.0460823637137295e-09,9.850764085828078e-10,2.173909726791382,1.6323553812108002e-05,nan,nan,0.0028300000001490115,nan,nan,nan,84.88193964958191,76.560702085495,0.0,161.44267296791077
248,248,ppo,clip,gae,ALE/Enduro-v5,atari,0,1,1.0,24800000,100000,28,28,4,1,0.0,0.0,3324.9285714285716,0.0,0.0,3324.9285714285716,2.5518238544464113e-09,-0.0001500359509140253,9.85723219895096e-10,9.3133100635856e-10,2.1748742782592774,2.873847706912784e-05,nan,nan,0.012650000000596047,nan,nan,nan,84.5506043434143,76.40556192398071,0.0,160.95619869232178
249,249,ppo,clip,gae,ALE/Enduro-v5,atari,0,1,1.0,24900000,100000,28,28,4,1,0.0,0.0,3324.5,0.0,0.0,3324.5,5.804002285003662e-09,-0.0001598730845749378,9.592863180241106e-10,1.0028964731345624e-09,2.1761193547821045,2.4413575101061725e-05,nan,nan,0.00722,nan,nan,nan,84.72497344017029,76.57972645759583,0.0,161.30474138259888
250,250,ppo,clip,gae,ALE/Enduro-v5,atari,0,1,1.0,25000000,100000,28,28,4,1,0.0,0.0,3323.785714285714,0.0,0.0,3323.785714285714,-4.687905311584473e-10,-0.00015075753718614578,1.0070637827475082e-09,8.587056328424048e-10,2.1808252088165285,1.0756190682877786e-05,nan,nan,0.0008900000002980233,nan,nan,nan,84.71334266662598,76.36987519264221,0.002803325653076172,161.08605670928955
251,251,ppo,clip,gae,ALE/Enduro-v5,atari,0,1,1.0,25100000,100000,28,28,4,1,0.0,0.0,3324.6785714285716,0.0,0.0,3324.6785714285716,1.5207380056381227e-09,-0.00012676205031573773,8.512685725037273e-10,1.4605155755909038e-09,2.1722580101013182,1.1868588065553922e-05,nan,nan,0.0012200000001490116,nan,nan,nan,85.85694217681885,76.44730401039124,0.0,162.30429482460022
252,252,ppo,clip,gae,ALE/Enduro-v5,atari,0,1,1.0,25200000,100000,28,28,4,1,0.0,0.0,3324.6071428571427,0.0,0.0,3324.6071428571427,-1.086592674255371e-09,-0.00011999042913317681,1.4448374252218343e-09,9.357213066785164e-10,2.1742247551727294,9.087591466959567e-06,nan,nan,0.00025,nan,nan,nan,85.7093460559845,76.51754140853882,0.0,162.22692251205444
253,253,ppo,clip,gae,ALE/Enduro-v5,atari,0,1,1.0,25300000,100000,28,28,4,1,0.0,0.0,3325.1785714285716,0.0,0.0,3325.1785714285716,-1.4102458953857422e-09,-0.00012660437166690826,9.741173270771952e-10,1.1344282518432891e-09,2.173440777053833,1.882141797133954e-05,nan,nan,0.007400000000149011,nan,nan,nan,85.64573931694031,76.49167656898499,0.0,162.1374475955963
254,254,ppo,clip,gae,ALE/Enduro-v5,atari,0,1,1.0,25400000,100000,28,28,4,1,0.0,0.0,3324.8928571428573,0.0,0.0,3324.8928571428573,8.916035294532776e-09,-0.0001418762256205082,1.0972488987981421e-09,7.408280915111031e-10,2.1743944930267336,1.1759955216548406e-05,nan,nan,0.006390000000149012,nan,nan,nan,84.37219834327698,76.5311017036438,0.0,160.903338432312
255,255,ppo,clip,gae,ALE/Enduro-v5,atari,0,1,1.0,25500000,100000,28,28,4,1,0.0,0.0,3324.3928571428573,0.0,0.0,3324.3928571428573,-1.172572374343872e-09,-0.0001363308620452881,7.641862613461115e-10,1.7396652238588218e-09,2.1724242224121095,1.2556000557087828e-05,nan,nan,0.0025500000005960464,nan,nan,nan,84.9248857498169,76.52857780456543,0.0,161.45349502563477
256,256,ppo,clip,gae,ALE/Enduro-v5,atari,0,1,1.0,25600000,100000,28,28,4,1,0.0,0.0,3324.464285714286,0.0,0.0,3324.464285714286,2.0407512784004213e-08,-0.0001957075397670269,1.7690814635074048e-09,1.0132419111741342e-09,2.175448820343018,1.929572231892962e-05,nan,nan,0.004840000001192093,nan,nan,nan,84.47422885894775,76.63691115379333,0.0,161.1111741065979
257,257,ppo,clip,gae,ALE/Enduro-v5,atari,0,1,1.0,25700000,100000,28,28,4,1,0.0,0.0,3325.285714285714,0.0,0.0,3325.285714285714,-6.53684139251709e-09,-0.0001377312885224819,9.559504479472735e-10,1.5401651701552054e-09,2.1737366806793212,1.3838169421651401e-05,nan,nan,0.005420000000298023,nan,nan,nan,85.68490624427795,76.81173396110535,0.0,162.49667835235596
258,258,ppo,clip,gae,ALE/Enduro-v5,atari,0,1,1.0,25800000,100000,28,28,4,1,0.0,0.0,3324.4285714285716,0.0,0.0,3324.4285714285716,-1.7123818397521972e-08,-0.00012782182186841964,1.5322724392063947e-09,9.06922514296582e-10,2.176032484512329,2.119138534646481e-05,nan,nan,0.030090000013113023,nan,nan,nan,85.54861378669739,76.46533942222595,0.0,162.01398706436157
259,259,ppo,clip,gae,ALE/Enduro-v5,atari,0,1,1.0,25900000,100000,28,28,4,1,0.0,0.0,3324.214285714286,0.0,0.0,3324.214285714286,1.0626018047332763e-08,-0.00016554602980613708,9.434928546925291e-10,8.722003258743171e-10,2.178238890914917,1.3095845428179018e-05,nan,nan,0.004400000000149011,nan,nan,nan,85.57995009422302,76.55872845649719,0.0,162.13871121406555
260,260,ppo,clip,gae,ALE/Enduro-v5,atari,0,1,1.0,26000000,100000,28,28,4,1,0.0,0.0,3324.5,0.0,0.0,3324.5,-4.048347473144531e-09,-9.770051777362823e-05,8.972222593062185e-10,1.3873729174918026e-09,2.1751053605651856,2.1833207433810457e-05,nan,nan,0.028150000002086163,nan,nan,nan,85.58415150642395,76.61903810501099,0.0,162.20322632789612
261,261,ppo,clip,gae,ALE/Enduro-v5,atari,0,1,1.0,26100000,100000,28,28,4,1,0.0,0.0,3324.1428571428573,0.0,0.0,3324.1428571428573,8.060932159423828e-09,-0.00013151170909404754,1.390886420988835e-09,8.928046639855581e-10,2.173462768325806,9.229139754461358e-06,nan,nan,0.002870000000298023,nan,nan,nan,84.8937258720398,76.62084341049194,0.0,161.5146028995514
262,262,ppo,clip,gae,ALE/Enduro-v5,atari,0,1,1.0,26200000,100000,28,28,4,1,0.0,0.0,3324.3928571428573,0.0,0.0,3324.3928571428573,-4.111528396606445e-09,-0.00012308844953775407,9.4636069892573e-10,1.7783815368943579e-09,2.172635427017212,1.1227170561032836e-05,nan,nan,0.016180000000298022,nan,nan,nan,85.81182813644409,76.48612022399902,0.0,162.29799342155457
263,263,ppo,clip,gae,ALE/Enduro-v5,atari,0,1,1.0,26300000,100000,28,28,4,1,0.0,0.0,3323.714285714286,0.0,0.0,3323.714285714286,4.7773122787475585e-09,-0.00010645441412925721,1.7633560450036612e-09,6.075143300054986e-10,2.1739500719451903,8.55001088733843e-06,nan,nan,0.008220000000149011,nan,nan,nan,85.40935516357422,76.23368382453918,0.0,161.64307498931885
264,264,ppo,clip,gae,ALE/Enduro-v5,atari,0,1,1.0,26400000,100000,28,28,4,1,0.0,0.0,3324.464285714286,0.0,0.0,3324.464285714286,2.270936965942383e-09,-0.00012483441770076752,6.150073596095096e-10,6.49396473180186e-10,2.175439073486328,6.801481732691172e-06,nan,nan,0.0038500000001490116,nan,nan,nan,85.33925652503967,76.32416462898254,0.0,161.6634645462036
265,265,ppo,clip,gae,ALE/Enduro-v5,atari,0,1,1.0,26500000,100000,28,28,4,1,0.0,0.0,3324.3571428571427,0.0,0.0,3324.3571428571427,4.323124885559082e-09,-9.764947384595871e-05,6.675736810013432e-10,6.283226412040488e-10,2.17836654838562,1.0958490777993575e-05,nan,nan,0.018469999994635583,nan,nan,nan,85.75419425964355,76.56136012077332,0.0,162.3155870437622
266,266,ppo,clip,gae,ALE/Enduro-v5,atari,0,1,1.0,26600000,100000,28,28,4,1,0.0,0.0,3324.5,0.0,0.0,3324.5,3.359019756317139e-09,-0.00010804382979869843,6.281186898671188e-10,6.478919846708564e-10,2.176192057800293,1.0355919214489404e-05,nan,nan,0.004760000000149011,nan,nan,nan,85.68171000480652,76.6486427783966,0.0,162.33038663864136
267,267,ppo,clip,gae,ALE/Enduro-v5,atari,0,1,1.0,26700000,100000,28,28,4,1,0.0,0.0,3324.1071428571427,0.0,0.0,3324.1071428571427,-5.588978528976441e-09,-8.641290485858918e-05,6.811205736578785e-10,1.212150814069446e-09,2.1777854998016357,8.884939940180629e-06,nan,nan,0.012810000000447035,nan,nan,nan,84.63697123527527,76.42892122268677,0.0,161.0659294128418
268,268,ppo,clip,gae,ALE/Enduro-v5,atari,0,1,1.0,26800000,100000,28,28,4,1,0.0,0.0,3324.714285714286,0.0,0.0,3324.714285714286,1.9563883543014527e-08,-9.984965041279793e-05,1.1512011394287925e-09,8.59794510139622e-10,2.178239658279419,6.192183858256612e-06,nan,nan,0.013590000000298023,nan,nan,nan,84.44314813613892,76.32253408432007,0.0,160.7657151222229
269,269,ppo,clip,gae,ALE/Enduro-v5,atari,0,1,1.0,26900000,100000,28,28,4,1,0.0,0.0,3325.0,0.0,0.0,3325.0,-3.147643292322755e-10,-6.045191943572718e-05,4.884714724588155e-05,4.861399815103381e-05,2.177870799102783,9.535051848797594e-06,nan,nan,0.024080000000298023,nan,0.008312404155731201,0.01313549280166626,85.52704071998596,76.53289556503296,0.0,162.0599718093872
270,270,ppo,clip,gae,ALE/Enduro-v5,atari,0,1,1.0,27000000,100000,28,28,4,1,0.0,0.0,3324.75,0.0,0.0,3324.75,1.079559326171875e-08,-0.00012822735786437988,2.913177162554348e-08,3.4783883927547167e-09,2.174233832168579,7.261471750971395e-06,nan,nan,0.0009000000001490116,nan,nan,nan,84.61854076385498,76.25331807136536,0.0,160.87189078330994
271,271,ppo,clip,gae,ALE/Enduro-v5,atari,0,1,1.0,27100000,100000,28,28,4,1,0.0,0.0,3324.3214285714284,0.0,0.0,3324.3214285714284,-1.5243887901306153e-09,-0.00015652869075536728,4.011012072806519e-09,2.7634817401644972e-09,2.177578514251709,9.017145009711385e-06,nan,nan,0.007360000000149011,nan,nan,nan,84.93595218658447,76.35911130905151,0.0,161.29510259628296
272,272,ppo,clip,gae,ALE/Enduro-v5,atari,0,1,1.0,27200000,100000,28,28,4,1,0.0,0.0,3323.964285714286,0.0,0.0,3323.964285714286,1.3566017150878906e-09,-0.00014220497816801072,2.4771625950559263e-09,1.987749165752728e-09,2.1766244257354734,4.7506776397494835e-06,nan,nan,0.0038400000002980234,nan,nan,nan,84.95861315727234,76.40540361404419,0.0,161.36404848098755
273,273,ppo,clip,gae,ALE/Enduro-v5,atari,0,1,1.0,27300000,100000,28,28,4,1,0.0,0.0,3324.714285714286,0.0,0.0,3324.714285714286,1.4856457710266113e-10,-0.00010892774313688278,2.0929801318958495e-09,1.8255888860907454e-09,2.179201085357666,8.513227279763668e-06,nan,nan,0.019180000004172325,nan,nan,nan,84.67055916786194,76.69804525375366,0.0,161.3686375617981
274,274,ppo,clip,gae,ALE/Enduro-v5,atari,0,1,1.0,27400000,100000,28,28,4,1,0.0,0.0,3324.1071428571427,0.0,0.0,3324.1071428571427,-7.946565747261047e-09,-0.00011927046053111554,1.5595916152522093e-09,1.406023545232893e-09,2.1781885343170164,7.439047919760924e-06,nan,nan,0.027420000010728834,nan,nan,nan,85.60495376586914,76.43814730644226,0.0,162.0431411266327
275,275,ppo,clip,gae,ALE/Enduro-v5,atari,0,1,1.0,27500000,100000,28,28,4,1,0.0,0.0,3323.8928571428573,0.0,0.0,3323.8928571428573,5.161762237548828e-10,-9.666698515415191e-05,1.6094412031275595e-09,1.4478168608711427e-09,2.1804518070220946,5.910813418740872e-06,nan,nan,0.004060000000447035,nan,nan,nan,85.12706446647644,76.52852201461792,0.002870321273803711,161.6584939956665
276,276,ppo,clip,gae,ALE/Enduro-v5,atari,0,1,1.0,27600000,100000,28,28,4,1,0.0,0.0,3325.1071428571427,0.0,0.0,3325.1071428571427,5.247928202152252e-09,-9.970245136879385e-05,1.3278464600796625e-09,1.2127167614695012e-09,2.178597418746948,3.579014727511094e-06,nan,nan,0.005530000000149011,nan,nan,nan,85.55299019813538,76.79362988471985,0.0,162.3466510772705
277,277,ppo,clip,gae,ALE/Enduro-v5,atari,0,1,1.0,27700000,100000,28,28,4,1,0.0,0.0,3324.5,0.0,0.0,3324.5,-7.015839219093323e-10,-9.087297860533e-05,1.1971280705858067e-09,1.1185010916492378e-09,2.177107220687866,3.5295581454556666e-06,nan,nan,0.005680000000298023,nan,nan,nan,85.90237784385681,76.6584050655365,0.0,162.56081557273865
278,278,ppo,clip,gae,ALE/Enduro-v5,atari,0,1,1.0,27800000,100000,28,28,4,1,0.0,0.0,3324.8571428571427,0.0,0.0,3324.8571428571427,-1.107156276702881e-09,-7.457472562789917e-05,1.1647938949987945e-09,1.1083550074442172e-09,2.174697734680176,4.034908015964902e-06,nan,nan,0.006170000000596047,nan,nan,nan,85.1423454284668,76.32832646369934,0.0,161.47070407867432
279,279,ppo,clip,gae,ALE/Enduro-v5,atari,0,1,1.0,27900000,100000,28,28,4,1,0.0,0.0,3324.3214285714284,0.0,0.0,3324.3214285714284,2.6351213455200195e-09,-9.595953628420829e-05,1.1496452528259037e-09,1.066821170061516e-09,2.177689549331665,3.418433061015094e-06,nan,nan,0.0029100000001490117,nan,nan,nan,86.10443949699402,76.61752462387085,0.0,162.72199773788452
280,280,ppo,clip,gae,ALE/Enduro-v5,atari,0,1,1.0,28000000,100000,28,28,4,1,0.0,0.0,3324.214285714286,0.0,0.0,3324.214285714286,-2.071261405944824e-10,-4.964248955249786e-05,1.045514316231344e-09,9.80186303980446e-10,2.181027622680664,3.91381527952035e-06,nan,nan,0.020690000000298022,nan,nan,nan,85.77780771255493,76.56551742553711,0.0,162.3433575630188
281,281,ppo,clip,gae,ALE/Enduro-v5,atari,0,1,1.0,28100000,100000,28,28,4,1,0.0,0.0,3324.3928571428573,0.0,0.0,3324.3928571428573,6.426572799682617e-09,-5.832316502928734e-05,8.809240439067168e-10,8.420948221632418e-10,2.176537818374634,2.2173004042269893e-06,nan,nan,0.00097,nan,nan,nan,85.6496229171753,76.62843823432922,0.0,162.27809619903564
282,282,ppo,clip,gae,ALE/Enduro-v5,atari,0,1,1.0,28200000,100000,28,28,4,1,0.0,0.0,3324.25,0.0,0.0,3324.25,-4.722923040390015e-10,-7.06085342168808e-05,9.280585695492505e-10,8.871724030412587e-10,2.177176728668213,2.2504330503943492e-06,nan,nan,0.0006900000001490116,nan,nan,nan,85.61527371406555,76.41565203666687,0.0,162.0309693813324
283,283,ppo,clip,gae,ALE/Enduro-v5,atari,0,1,1.0,28300000,100000,28,28,4,1,0.0,0.0,3323.75,0.0,0.0,3323.75,-5.5460631847381595e-09,-7.588904529809952e-05,8.958408919201854e-10,8.648945558875632e-10,2.1798640993499756,2.784152437925513e-06,nan,nan,0.0025300000001490116,nan,nan,nan,84.5513436794281,76.25599431991577,0.0,160.80739426612854
284,284,ppo,clip,gae,ALE/Enduro-v5,atari,0,1,1.0,28400000,100000,28,28,4,1,0.0,0.0,3325.0,0.0,0.0,3325.0,-4.423633217811584e-09,-5.119619637727738e-05,9.004473688212222e-10,8.588041012358439e-10,2.1782455209350586,3.03050813407026e-06,nan,nan,0.006760000000149011,nan,nan,nan,84.85687065124512,76.93459820747375,0.0,161.79150652885437
285,285,ppo,clip,gae,ALE/Enduro-v5,atari,0,1,1.0,28500000,100000,28,28,4,1,0.0,0.0,3324.285714285714,0.0,0.0,3324.285714285714,-1.7334520816802979e-09,-5.856385380029678e-05,8.0992491799603e-10,7.91233218561116e-10,2.174539445877075,2.1995167532077174e-06,nan,nan,0.0105,nan,nan,nan,84.71417999267578,76.43980956077576,0.0,161.15402555465698
286,286,ppo,clip,gae,ALE/Enduro-v5,atari,0,1,1.0,28600000,100000,28,28,4,1,0.0,0.0,3324.6071428571427,0.0,0.0,3324.6071428571427,-1.7225369811058045e-09,-4.601822424679995e-05,9.56479645194408e-10,9.223656858714513e-10,2.182452912521362,1.1124497292257728e-06,nan,nan,0.0033800000005960464,nan,nan,nan,84.89045763015747,76.59871435165405,0.0,161.4892029762268
287,287,ppo,clip,gae,ALE/Enduro-v5,atari,0,1,1.0,28700000,100000,28,28,4,1,0.0,0.0,3324.4285714285716,0.0,0.0,3324.4285714285716,-3.8042664527893067e-10,-3.715271756052971e-05,7.640129203623225e-10,7.302473152892563e-10,2.173987672958374,1.449575488040864e-06,nan,nan,0.007630000000745058,nan,nan,nan,85.09130835533142,76.43197655677795,0.0,161.52332258224487
288,288,ppo,clip,gae,ALE/Enduro-v5,atari,0,1,1.0,28800000,100000,28,28,4,1,0.0,0.0,3324.6785714285716,0.0,0.0,3324.6785714285716,-1.3837963342666626e-09,-5.024571642279625e-05,7.841999057534021e-10,7.543272572030357e-10,2.1776346952819825,1.7006280697023613e-06,nan,nan,0.005140000001043081,nan,nan,nan,85.25777411460876,76.62522459030151,0.0,161.88303017616272
289,289,ppo,clip,gae,ALE/Enduro-v5,atari,0,1,1.0,28900000,100000,28,28,4,1,0.0,0.0,3323.8214285714284,0.0,0.0,3323.8214285714284,-3.6915391683578493e-09,-4.254181802272796e-05,7.318733349981343e-10,7.194722702924538e-10,2.1754940840911865,1.2732892100393656e-06,nan,nan,0.030910000000149013,nan,nan,nan,85.37427067756653,76.68384456634521,0.0,162.0581476688385
290,290,ppo,clip,gae,ALE/Enduro-v5,atari,0,1,1.0,29000000,100000,28,28,4,1,0.0,0.0,3325.5,0.0,0.0,3325.5,-4.150550812482834e-09,-3.628723606467247e-05,7.689812632538651e-10,7.538537751450303e-10,2.1770546545410157,9.033132672084321e-07,nan,nan,0.01872000004053116,nan,nan,nan,85.28677773475647,76.42565131187439,0.0,161.71246218681335
291,291,ppo,clip,gae,ALE/Enduro-v5,atari,0,1,1.0,29100000,100000,28,28,4,1,0.0,0.0,3324.785714285714,0.0,0.0,3324.785714285714,1.544468104839325e-09,-3.732466397807002e-05,8.338823347109336e-10,8.10117056530002e-10,2.179318600311279,8.89087787927565e-07,nan,nan,0.01029,nan,nan,nan,84.61500072479248,76.72790169715881,0.0,161.34293627738953
292,292,ppo,clip,gae,ALE/Enduro-v5,atari,0,1,1.0,29200000,100000,28,28,4,1,0.0,0.0,3325.1785714285716,0.0,0.0,3325.1785714285716,-3.7541985511779785e-09,-2.541975736618042e-05,7.099056074022503e-10,6.910728666831289e-10,2.1751650414276122,4.1628388351455216e-07,nan,nan,0.003220000000745058,nan,nan,nan,84.81410336494446,76.71196675300598,0.0,161.5261025428772
293,293,ppo,clip,gae,ALE/Enduro-v5,atari,0,1,1.0,29300000,100000,28,28,4,1,0.0,0.0,3324.8571428571427,0.0,0.0,3324.8571428571427,-5.2443891763687135e-09,-2.4104944989085198e-05,7.37172942494868e-10,7.249037281620296e-10,2.1788289888000487,3.8589545949889724e-07,nan,nan,0.00163,nan,nan,nan,85.07849645614624,76.52601528167725,0.0,161.6045482158661
294,294,ppo,clip,gae,ALE/Enduro-v5,atari,0,1,1.0,29400000,100000,28,28,4,1,0.0,0.0,3324.285714285714,0.0,0.0,3324.285714285714,5.2265822887420655e-09,-1.8058498799800873e-05,6.57836397461864e-10,6.489315197688583e-10,2.1729655030822754,3.629159694446571e-07,nan,nan,0.017480000002980233,nan,nan,nan,84.57561874389648,76.53558945655823,0.0,161.11124682426453
295,295,ppo,clip,gae,ALE/Enduro-v5,atari,0,1,1.0,29500000,100000,28,28,4,1,0.0,0.0,3324.6785714285716,0.0,0.0,3324.6785714285716,2.340078353881836e-09,-1.7934524863958358e-05,7.159975924109218e-10,7.05686439828046e-10,2.1770382202148437,2.3974379527317067e-07,nan,nan,0.015280000001192093,nan,nan,nan,84.91822266578674,76.79545140266418,0.0,161.71370720863342
296,296,ppo,clip,gae,ALE/Enduro-v5,atari,0,1,1.0,29600000,100000,28,28,4,1,0.0,0.0,3324.785714285714,0.0,0.0,3324.785714285714,1.4850497245788574e-09,-1.0341003090143204e-05,7.104831602888772e-10,7.043464034572899e-10,2.1745391526794435,7.005775232869383e-08,nan,nan,0.0006000000002980233,nan,nan,nan,84.79062867164612,76.35075068473816,0.0,161.1414132118225
297,297,ppo,clip,gae,ALE/Enduro-v5,atari,0,1,1.0,29700000,100000,28,28,4,1,0.0,0.0,3324.035714285714,0.0,0.0,3324.035714285714,3.292188048362732e-09,-1.0222040116786957e-05,7.265588830751568e-10,7.176923765728205e-10,2.1771725788116454,7.867494817787702e-08,nan,nan,0.00461,nan,nan,nan,84.4264075756073,76.67608451843262,0.0,161.10253429412842
298,298,ppo,clip,gae,ALE/Enduro-v5,atari,0,1,1.0,29800000,100000,28,28,4,1,0.0,0.0,3324.0,0.0,0.0,3324.0,1.5661120414733887e-09,-5.964812338352204e-06,7.377164973931816e-10,7.379688738751167e-10,2.1796201345825197,2.1020102608986234e-08,nan,nan,0.00109,nan,nan,nan,85.0202567577362,76.77253675460815,0.0,161.7928924560547
299,299,ppo,clip,gae,ALE/Enduro-v5,atari,0,1,1.0,29900000,100000,28,28,4,1,0.0,0.0,3324.6428571428573,0.0,0.0,3324.6428571428573,8.358061313629151e-10,-3.782576657831669e-06,7.136807387564393e-10,7.059838691358955e-10,2.1780421629333495,1.1972896099408103e-08,nan,nan,0.018030000000447036,nan,nan,nan,85.49884295463562,76.5849039554596,0.0,162.08377838134766
300,300,ppo,clip,gae,ALE/Enduro-v5,atari,0,1,1.0,30000000,100000,28,28,4,1,0.0,0.0,3324.6428571428573,0.0,0.0,3324.6428571428573,1.8506497144699098e-08,1.8506497144699098e-08,7.395677412513901e-10,7.395677412513901e-10,2.179179705734253,0.0,nan,nan,0.3192700001430511,nan,nan,nan,84.72006297111511,76.4060206413269,0.0029036998748779297,161.1290295124054
