iteration,epoch,method,method_variant,estimator,env_id,suite,seed,trainable,did_update,env_steps,batch_env_steps,episodes_in_batch,episodes_in_epoch,num_workers,parallel_rollouts,train_return_mean,train_return_std,train_len_mean,ep_return_mean,ep_return_std,ep_len_mean,policy_loss_before,policy_loss_after,value_loss_before,value_loss_after,entropy,approx_kl,line_search_success,cg_norm,clip_fraction,kl_coef,value_explained_variance_before,value_explained_variance_after,collect_time_sec,update_time_sec,checkpoint_time_sec,wall_time_sec
1,1,trpo,trpo_paper,trpo_paper,ALE/SpaceInvaders-v5,atari,0,1,1.0,100776,100776,206,206,4,1,146.1893203883495,99.26143808060303,489.20388349514565,146.1893203883495,99.26143808060303,489.20388349514565,26.11907682322676,26.142377571916924,nan,nan,1.7866928901257493,0.004485698659843899,1.0,0.43270349502563477,nan,nan,nan,nan,65.37726902961731,69.88744854927063,0.0,135.26474595069885
2,2,trpo,trpo_paper,trpo_paper,ALE/SpaceInvaders-v5,atari,0,1,1.0,202018,101242,190,190,4,1,158.47368421052633,115.66870496153756,532.8526315789474,158.47368421052633,115.66870496153756,532.8526315789474,26.32446124601203,26.35461605917011,nan,nan,1.78868856999195,0.0053074235073006055,1.0,0.4587174654006958,nan,nan,nan,nan,66.28570055961609,68.82245182991028,0.0,135.10816192626953
3,3,trpo,trpo_paper,trpo_paper,ALE/SpaceInvaders-v5,atari,0,1,1.0,303222,101204,208,208,4,1,137.35576923076923,84.73362313623146,486.5576923076923,137.35576923076923,84.73362313623146,486.5576923076923,24.33338371630568,24.356799678742934,nan,nan,1.782664483293027,0.006330870988820622,1.0,0.32454580068588257,nan,nan,nan,nan,64.42685055732727,69.07168102264404,0.0,133.49853658676147
4,4,trpo,trpo_paper,trpo_paper,ALE/SpaceInvaders-v5,atari,0,1,1.0,403950,100728,202,202,4,1,147.7970297029703,104.29263565834107,498.65346534653463,147.7970297029703,104.29263565834107,498.65346534653463,25.62917724589985,25.642734060104935,nan,nan,1.7666532855654584,0.004539714085880365,1.0,0.2482423484325409,nan,nan,nan,nan,64.31037521362305,69.01756381988525,0.0,133.32794404029846
5,5,trpo,trpo_paper,trpo_paper,ALE/SpaceInvaders-v5,atari,0,1,1.0,505203,101253,194,194,4,1,157.96391752577318,101.43228779502809,521.9226804123712,157.96391752577318,101.43228779502809,521.9226804123712,26.525403799763957,26.554608335678942,nan,nan,1.7713008638478613,0.005716253729641821,1.0,0.45957615971565247,nan,nan,nan,nan,64.36695265769958,69.4032073020935,0.0,133.77016472816467
6,6,trpo,trpo_paper,trpo_paper,ALE/SpaceInvaders-v5,atari,0,1,1.0,606365,101162,201,201,4,1,145.09950248756218,100.4429991059816,503.29353233830847,145.09950248756218,100.4429991059816,503.29353233830847,25.20365586262628,25.231356597277138,nan,nan,1.783179280973834,0.005782985698237073,1.0,0.39874064922332764,nan,nan,nan,nan,64.4031343460083,69.3185818195343,0.0,133.7217206954956
7,7,trpo,trpo_paper,trpo_paper,ALE/SpaceInvaders-v5,atari,0,1,1.0,707842,101477,188,188,4,1,167.5531914893617,109.91714645840783,539.7712765957447,167.5531914893617,109.91714645840783,539.7712765957447,27.33432914601338,27.388025426944036,nan,nan,1.7776925340070904,0.006138288467918628,1.0,0.7019822001457214,nan,nan,nan,nan,64.49360871315002,69.63678026199341,0.0,134.13039445877075
8,8,trpo,trpo_paper,trpo_paper,ALE/SpaceInvaders-v5,atari,0,1,1.0,809654,101812,183,183,4,1,172.78688524590163,104.69128931057932,556.3497267759562,172.78688524590163,104.69128931057932,556.3497267759562,27.4795196968432,27.509722883844734,nan,nan,1.7722065336263162,0.005258033182566392,1.0,0.5006974935531616,nan,nan,nan,nan,64.72501850128174,70.0051441192627,0.0,134.73016738891602
9,9,trpo,trpo_paper,trpo_paper,ALE/SpaceInvaders-v5,atari,0,1,1.0,910479,100825,182,182,4,1,173.87362637362637,110.23187582223653,553.9835164835165,173.87362637362637,110.23187582223653,553.9835164835165,27.617635600049592,27.660727281180264,nan,nan,1.7603022912534094,0.008094109428296928,1.0,0.5686080455780029,nan,nan,nan,nan,64.17900013923645,69.20210123062134,0.0,133.38110637664795
10,10,trpo,trpo_paper,trpo_paper,ALE/SpaceInvaders-v5,atari,0,1,1.0,1011974,101495,175,175,4,1,187.54285714285714,92.08671157653308,579.9714285714285,187.54285714285714,92.08671157653308,579.9714285714285,28.47153754495295,28.505314609094043,nan,nan,1.7418733344699862,0.0047513314578134375,1.0,0.568313479423523,nan,nan,nan,nan,64.52173018455505,69.60626244544983,0.0,134.12799739837646
11,11,trpo,trpo_paper,trpo_paper,ALE/SpaceInvaders-v5,atari,0,1,1.0,1113168,101194,170,170,4,1,204.85294117647058,117.22580832908896,595.2588235294118,204.85294117647058,117.22580832908896,595.2588235294118,30.562005822356067,30.618772327163665,nan,nan,1.7363873639756928,0.007591917587214361,1.0,0.8261470794677734,nan,nan,nan,nan,63.73755145072937,69.26441240310669,0.0,133.00196886062622
12,12,trpo,trpo_paper,trpo_paper,ALE/SpaceInvaders-v5,atari,0,1,1.0,1214835,101667,171,171,4,1,197.30994152046785,100.40015182240259,594.5438596491229,197.30994152046785,100.40015182240259,594.5438596491229,29.136178421341242,29.19284642201993,nan,nan,1.7071057022405254,0.0062890603396702,1.0,0.7617074847221375,nan,nan,nan,nan,64.13299918174744,69.67291951179504,0.0,133.80592346191406
13,13,trpo,trpo_paper,trpo_paper,ALE/SpaceInvaders-v5,atari,0,1,1.0,1315962,101127,169,169,4,1,206.98224852071007,106.3226346713853,598.3846153846154,206.98224852071007,106.3226346713853,598.3846153846154,30.692498201518884,30.73878050619518,nan,nan,1.701753107710478,0.006050516017064907,1.0,0.6664395928382874,nan,nan,nan,nan,64.02366375923157,69.36046028137207,0.0,133.38412833213806
14,14,trpo,trpo_paper,trpo_paper,ALE/SpaceInvaders-v5,atari,0,1,1.0,1416782,100820,170,170,4,1,218.41176470588235,119.80305349321267,593.0588235294117,218.41176470588235,119.80305349321267,593.0588235294117,32.87064012596707,32.906784368180915,nan,nan,1.700059739627244,0.0040702314625045794,1.0,0.6567241549491882,nan,nan,nan,nan,63.844183921813965,69.21413993835449,0.0,133.05832815170288
15,15,trpo,trpo_paper,trpo_paper,ALE/SpaceInvaders-v5,atari,0,1,1.0,1518031,101249,168,168,4,1,211.78571428571428,100.71808503472067,602.672619047619,211.78571428571428,100.71808503472067,602.672619047619,31.158928190031506,31.211572305652403,nan,nan,1.7008251364288165,0.004610112839201063,1.0,0.9171479940414429,nan,nan,nan,nan,64.13906598091125,69.4602599143982,0.0,133.59933161735535
16,16,trpo,trpo_paper,trpo_paper,ALE/SpaceInvaders-v5,atari,0,1,1.0,1619240,101209,164,164,4,1,210.33536585365854,96.22624999593813,617.1280487804878,210.33536585365854,96.22624999593813,617.1280487804878,30.096088987268917,30.151557899371596,nan,nan,1.6749799127764082,0.006093287458746288,1.0,0.836199164390564,nan,nan,nan,nan,64.10270547866821,69.39631199836731,0.0,133.49902176856995
17,17,trpo,trpo_paper,trpo_paper,ALE/SpaceInvaders-v5,atari,0,1,1.0,1720253,101013,164,164,4,1,216.15853658536585,101.97829390182359,615.9329268292682,216.15853658536585,101.97829390182359,615.9329268292682,31.074800783686257,31.140479907289162,nan,nan,1.6540268370469642,0.007250115879226468,1.0,0.853732705116272,nan,nan,nan,nan,63.807701587677,69.21732592582703,0.0,133.0250325202942
18,18,trpo,trpo_paper,trpo_paper,ALE/SpaceInvaders-v5,atari,0,1,1.0,1820846,100593,156,156,4,1,239.10256410256412,107.9759695183395,644.8269230769231,239.10256410256412,107.9759695183395,644.8269230769231,32.96130528000209,33.04021620540197,nan,nan,1.6213058176342414,0.00693961825262995,1.0,0.9664574265480042,nan,nan,nan,nan,63.46174645423889,68.96150374412537,0.0,132.4232542514801
19,19,trpo,trpo_paper,trpo_paper,ALE/SpaceInvaders-v5,atari,0,1,1.0,1922286,101440,164,164,4,1,214.78658536585365,114.63535854963638,618.5365853658536,214.78658536585365,114.63535854963638,618.5365853658536,30.52680941319992,30.597740351439274,nan,nan,1.6353225467332906,0.006698604599699049,1.0,1.001282811164856,nan,nan,nan,nan,64.14072704315186,69.61285185813904,0.0,133.7535834312439
20,20,trpo,trpo_paper,trpo_paper,ALE/SpaceInvaders-v5,atari,0,1,1.0,2022668,100382,159,159,4,1,236.79245283018867,122.76464548897592,631.3333333333334,236.79245283018867,122.76464548897592,631.3333333333334,33.26491637880795,33.31141679409655,nan,nan,1.6114487360431589,0.003351807213849842,1.0,1.164232850074768,nan,nan,nan,nan,63.216341495513916,68.90391755104065,0.0,132.12026381492615
21,21,trpo,trpo_paper,trpo_paper,ALE/SpaceInvaders-v5,atari,0,1,1.0,2124746,102078,161,161,4,1,225.59006211180125,109.75039280619525,634.0248447204968,225.59006211180125,109.75039280619525,634.0248447204968,31.441079523746545,31.49178829547013,nan,nan,1.5907802418478394,0.006099494298514471,1.0,0.8166883587837219,nan,nan,nan,nan,64.2300820350647,69.94415664672852,0.0,134.17424416542053
22,22,trpo,trpo_paper,trpo_paper,ALE/SpaceInvaders-v5,atari,0,1,1.0,2225808,101062,166,166,4,1,206.05421686746988,91.73989265256841,608.8072289156627,206.05421686746988,91.73989265256841,608.8072289156627,29.68620801772674,29.731879471265163,nan,nan,1.554811389372984,0.004208550224362413,1.0,0.880596935749054,nan,nan,nan,nan,64.04331421852112,69.32973170280457,0.0,133.37305092811584
23,23,trpo,trpo_paper,trpo_paper,ALE/SpaceInvaders-v5,atari,0,1,1.0,2327330,101522,162,162,4,1,217.87037037037038,102.981488141621,626.679012345679,217.87037037037038,102.981488141621,626.679012345679,30.601271922588207,30.65388028580012,nan,nan,1.5561317297605446,0.005250486813372457,1.0,0.874150812625885,nan,nan,nan,nan,64.25227117538452,69.60934019088745,0.0,133.86161613464355
24,24,trpo,trpo_paper,trpo_paper,ALE/SpaceInvaders-v5,atari,0,1,1.0,2428717,101387,154,154,4,1,238.53896103896105,110.25785204049143,658.3571428571429,238.53896103896105,110.25785204049143,658.3571428571429,32.23661232764062,32.312572201687594,nan,nan,1.5164264522171236,0.006488449859933788,1.0,1.043973684310913,nan,nan,nan,nan,63.66732621192932,69.51335024833679,0.0,133.18068170547485
25,25,trpo,trpo_paper,trpo_paper,ALE/SpaceInvaders-v5,atari,0,1,1.0,2529700,100983,157,157,4,1,231.40127388535032,101.06886470318122,643.203821656051,231.40127388535032,101.06886470318122,643.203821656051,31.922336634012655,31.992942654951822,nan,nan,1.5463206736375181,0.008203837178745572,1.0,0.8864824175834656,nan,nan,nan,nan,64.13542199134827,69.31935048103333,0.01067209243774414,133.46545147895813
26,26,trpo,trpo_paper,trpo_paper,ALE/SpaceInvaders-v5,atari,0,1,1.0,2631349,101649,154,154,4,1,242.66233766233765,104.73089949399389,660.0584415584416,242.66233766233765,104.73089949399389,660.0584415584416,32.64552705572608,32.75224255157453,nan,nan,1.5002205189165043,0.007998099665763784,1.0,1.307800531387329,nan,nan,nan,nan,64.01803851127625,69.75219488143921,0.0,133.77023816108704
27,27,trpo,trpo_paper,trpo_paper,ALE/SpaceInvaders-v5,atari,0,1,1.0,2732675,101326,148,148,4,1,249.45945945945945,96.33509775345264,684.6351351351351,249.45945945945945,96.33509775345264,684.6351351351351,32.40465227952352,32.48859783335472,nan,nan,1.4704008345433304,0.0053582270934581025,1.0,1.2433569431304932,nan,nan,nan,nan,63.87864112854004,69.64902257919312,0.0,133.52766823768616
28,28,trpo,trpo_paper,trpo_paper,ALE/SpaceInvaders-v5,atari,0,1,1.0,2833485,100810,150,150,4,1,256.46666666666664,117.2227888348602,672.0666666666667,256.46666666666664,117.2227888348602,672.0666666666667,34.20851811266243,34.27798596989386,nan,nan,1.4832822061225945,0.007185399377759771,1.0,1.2239608764648438,nan,nan,nan,nan,63.3479483127594,69.12782454490662,0.0,132.47577738761902
29,29,trpo,trpo_paper,trpo_paper,ALE/SpaceInvaders-v5,atari,0,1,1.0,2934579,101094,145,145,4,1,252.06896551724137,100.01997422393904,697.2,252.06896551724137,100.01997422393904,697.2,32.101534988476075,32.179969029442894,nan,nan,1.4612715988646705,0.008454626010472215,1.0,0.8822910189628601,nan,nan,nan,nan,63.68057131767273,69.32524132728577,0.0,133.00581741333008
30,30,trpo,trpo_paper,trpo_paper,ALE/SpaceInvaders-v5,atari,0,1,1.0,3036015,101436,147,147,4,1,249.04761904761904,107.69908528173089,690.0408163265306,249.04761904761904,107.69908528173089,690.0408163265306,32.13093523872195,32.20971644066209,nan,nan,1.43435284933357,0.007210952389315155,1.0,1.0681086778640747,nan,nan,nan,nan,63.737234115600586,69.5740008354187,0.0,133.3112428188324
31,31,trpo,trpo_paper,trpo_paper,ALE/SpaceInvaders-v5,atari,0,1,1.0,3137923,101908,151,151,4,1,250.2317880794702,131.03426798692394,674.8874172185431,250.2317880794702,131.03426798692394,674.8874172185431,33.147260273972606,33.21205646269184,nan,nan,1.4175908193158904,0.00679496398252139,1.0,0.9623953700065613,nan,nan,nan,nan,63.97514581680298,69.84127712249756,0.0,133.8164279460907
32,32,trpo,trpo_paper,trpo_paper,ALE/SpaceInvaders-v5,atari,0,1,1.0,3238680,100757,156,156,4,1,239.2948717948718,138.22182181183825,645.8782051282051,239.2948717948718,138.22182181183825,645.8782051282051,33.00035473651955,33.09328624500035,nan,nan,1.4024977284262818,0.007211524011025377,1.0,1.3097307682037354,nan,nan,nan,nan,63.79169583320618,69.17088222503662,0.0,132.9625825881958
33,33,trpo,trpo_paper,trpo_paper,ALE/SpaceInvaders-v5,atari,0,1,1.0,3339964,101284,147,147,4,1,265.1700680272109,136.02397618535596,689.0068027210884,265.1700680272109,136.02397618535596,689.0068027210884,34.71986598327475,34.80650741355989,nan,nan,1.3672258117875848,0.005653596218663017,1.0,1.323230504989624,nan,nan,nan,nan,63.89853763580322,69.45499181747437,0.0,133.3535339832306
34,34,trpo,trpo_paper,trpo_paper,ALE/SpaceInvaders-v5,atari,0,1,1.0,3441442,101478,146,146,4,1,264.8972602739726,141.25352362932182,695.054794520548,264.8972602739726,141.25352362932182,695.054794520548,34.29764348553381,34.39295132011372,nan,nan,1.3351010348302095,0.006360614522222216,1.0,1.3107824325561523,nan,nan,nan,nan,64.41915249824524,69.69338607788086,0.0,134.11254286766052
35,35,trpo,trpo_paper,trpo_paper,ALE/SpaceInvaders-v5,atari,0,1,1.0,3542980,101538,143,143,4,1,273.1468531468532,119.27033160256924,710.0559440559441,273.1468531468532,119.27033160256924,710.0559440559441,34.6249838422561,34.72215743736335,nan,nan,1.3242431308814189,0.005423333449132359,1.0,1.450477123260498,nan,nan,nan,nan,64.24185800552368,69.72622156143188,0.0,133.96808338165283
36,36,trpo,trpo_paper,trpo_paper,ALE/SpaceInvaders-v5,atari,0,1,1.0,3644482,101502,140,140,4,1,281.64285714285717,121.20148934896865,725.0142857142857,281.64285714285717,121.20148934896865,725.0142857142857,34.95869739635672,35.06083716330713,nan,nan,1.3034402618375132,0.007925646632501065,1.0,1.253633737564087,nan,nan,nan,nan,63.92290163040161,69.66872596740723,0.0,133.59163188934326
37,37,trpo,trpo_paper,trpo_paper,ALE/SpaceInvaders-v5,atari,0,1,1.0,3746171,101689,142,142,4,1,297.88732394366195,139.85193873842098,716.1197183098592,297.88732394366195,139.85193873842098,716.1197183098592,37.6060531375075,37.727476976369125,nan,nan,1.2463992444948568,0.006149060374853228,1.0,1.3988052606582642,nan,nan,nan,nan,64.6368556022644,69.79015278816223,0.0,134.42701292037964
38,38,trpo,trpo_paper,trpo_paper,ALE/SpaceInvaders-v5,atari,0,1,1.0,3847411,101240,142,142,4,1,285.66901408450707,141.9584209028304,712.9577464788732,285.66901408450707,141.9584209028304,712.9577464788732,36.1375803320081,36.248102281706835,nan,nan,1.281518132674369,0.005094873604995019,1.0,1.6848530769348145,nan,nan,nan,nan,64.1838891506195,69.53260636329651,0.0,133.7165002822876
39,39,trpo,trpo_paper,trpo_paper,ALE/SpaceInvaders-v5,atari,0,1,1.0,3948461,101050,144,144,4,1,288.09027777777777,147.51411953109422,701.7361111111111,288.09027777777777,147.51411953109422,701.7361111111111,36.81750293790203,36.9191611516576,nan,nan,1.2929129636859846,0.006684546825622993,1.0,1.3871351480484009,nan,nan,nan,nan,63.85426664352417,69.33336448669434,0.0,133.18763542175293
40,40,trpo,trpo_paper,trpo_paper,ALE/SpaceInvaders-v5,atari,0,1,1.0,4050193,101732,149,149,4,1,286.8456375838926,147.1899528246169,682.7651006711409,286.8456375838926,147.1899528246169,682.7651006711409,37.779194584177056,37.885817408116424,nan,nan,1.3096767502482012,0.006625555178371492,1.0,1.632681965827942,nan,nan,nan,nan,64.55432343482971,69.83729767799377,0.0,134.39162588119507
41,41,trpo,trpo_paper,trpo_paper,ALE/SpaceInvaders-v5,atari,0,1,1.0,4152074,101881,153,153,4,1,256.9934640522876,133.957289883145,665.8888888888889,256.9934640522876,133.957289883145,665.8888888888889,34.34136547786142,34.43067601540032,nan,nan,1.2969381289506876,0.005905577509339237,1.0,1.3626142740249634,nan,nan,nan,nan,64.69427013397217,69.89387106895447,0.0,134.58814549446106
42,42,trpo,trpo_paper,trpo_paper,ALE/SpaceInvaders-v5,atari,0,1,1.0,4253778,101704,143,143,4,1,301.43356643356645,161.00386823483854,711.2167832167833,301.43356643356645,161.00386823483854,711.2167832167833,38.17987032220955,38.30022510176591,nan,nan,1.2860728671715222,0.005313764062913689,1.0,1.885400652885437,nan,nan,nan,nan,63.92726683616638,69.74402379989624,0.0,133.67129468917847
43,43,trpo,trpo_paper,trpo_paper,ALE/SpaceInvaders-v5,atari,0,1,1.0,4355082,101304,145,145,4,1,293.41379310344826,143.20073137006918,698.648275862069,293.41379310344826,143.20073137006918,698.648275862069,37.497176043147356,37.603439893785044,nan,nan,1.2836532996445107,0.004511855374642195,1.0,1.777453899383545,nan,nan,nan,nan,64.04131484031677,69.52491593360901,0.0,133.56623458862305
44,44,trpo,trpo_paper,trpo_paper,ALE/SpaceInvaders-v5,atari,0,1,1.0,4456925,101843,150,150,4,1,274.6,141.9571766414083,678.9533333333334,274.6,141.9571766414083,678.9533333333334,36.12140024964897,36.24103905643982,nan,nan,1.2599619817313783,0.006360436038231191,1.0,1.6151790618896484,nan,nan,nan,nan,64.07925415039062,69.88638043403625,0.0,133.96563982963562
45,45,trpo,trpo_paper,trpo_paper,ALE/SpaceInvaders-v5,atari,0,1,1.0,4558135,101210,158,158,4,1,262.4367088607595,121.56383089378792,640.5696202531645,262.4367088607595,121.56383089378792,640.5696202531645,36.40885982733919,36.52108016438593,nan,nan,1.2565750802014377,0.005945825064660632,1.0,1.582995891571045,nan,nan,nan,nan,63.75352597236633,69.3945415019989,0.0,133.14807224273682
46,46,trpo,trpo_paper,trpo_paper,ALE/SpaceInvaders-v5,atari,0,1,1.0,4658924,100789,161,161,4,1,254.34782608695653,119.34881602503836,626.0186335403727,254.34782608695653,119.34881602503836,626.0186335403727,36.03605397166358,36.126403457966646,nan,nan,1.2690794170130484,0.004229768922190967,1.0,1.5619059801101685,nan,nan,nan,nan,63.41689133644104,69.16848945617676,0.0,132.58538579940796
47,47,trpo,trpo_paper,trpo_paper,ALE/SpaceInvaders-v5,atari,0,1,1.0,4760001,101077,161,161,4,1,252.32919254658384,117.73487303224753,627.8074534161491,252.32919254658384,117.73487303224753,627.8074534161491,35.61871518743136,35.71370387798411,nan,nan,1.2707559989073924,0.005921556162084421,1.0,1.4094825983047485,nan,nan,nan,nan,63.629939794540405,69.32382082939148,0.0,132.95376467704773
48,48,trpo,trpo_paper,trpo_paper,ALE/SpaceInvaders-v5,atari,0,1,1.0,4861009,101008,155,155,4,1,273.8709677419355,129.7672213533647,651.6645161290322,273.8709677419355,129.7672213533647,651.6645161290322,37.5482662883138,37.64445065613615,nan,nan,1.240273289383638,0.0047475792350017065,1.0,1.5450985431671143,nan,nan,nan,nan,63.79559683799744,69.21785521507263,0.0,133.01345682144165
49,49,trpo,trpo_paper,trpo_paper,ALE/SpaceInvaders-v5,atari,0,1,1.0,4962623,101614,157,157,4,1,270.79617834394907,128.1787038192518,647.2229299363057,270.79617834394907,128.1787038192518,647.2229299363057,37.318544627216724,37.42701147233649,nan,nan,1.2647054903006107,0.0057425949283364044,1.0,1.561913013458252,nan,nan,nan,nan,64.10581302642822,69.66852474212646,0.0,133.77434182167053
50,50,trpo,trpo_paper,trpo_paper,ALE/SpaceInvaders-v5,atari,0,1,1.0,5065149,102526,156,156,4,1,269.29487179487177,125.84133365374349,657.2179487179487,269.29487179487177,125.84133365374349,657.2179487179487,36.449562336626805,36.556998956362285,nan,nan,1.2515443491163216,0.006115976278169163,1.0,1.5025858879089355,nan,nan,nan,nan,64.51690316200256,70.31434297561646,0.0020694732666015625,134.8333225250244
51,51,trpo,trpo_paper,trpo_paper,ALE/SpaceInvaders-v5,atari,0,1,1.0,5167277,102128,152,152,4,1,272.5,118.96068567742078,671.8947368421053,272.5,118.96068567742078,671.8947368421053,36.29327045472348,36.39146218470938,nan,nan,1.2554033564191505,0.0059784487885360706,1.0,1.418979287147522,nan,nan,nan,nan,64.61258363723755,70.0261549949646,0.0,134.63874292373657
52,52,trpo,trpo_paper,trpo_paper,ALE/SpaceInvaders-v5,atari,0,1,1.0,5269476,102199,154,154,4,1,279.0584415584416,134.31496406431128,663.6298701298701,279.0584415584416,134.31496406431128,663.6298701298701,37.527724861544634,37.647053481443066,nan,nan,1.2404433537754773,0.0060805396994131865,1.0,1.6861361265182495,nan,nan,nan,nan,64.62721347808838,70.17533254623413,0.0,134.8025507926941
53,53,trpo,trpo_paper,trpo_paper,ALE/SpaceInvaders-v5,atari,0,1,1.0,5371258,101782,143,143,4,1,300.7692307692308,150.48674835638124,711.7622377622378,300.7692307692308,150.48674835638124,711.7622377622378,38.082460245917744,38.19183094751528,nan,nan,1.233870311901294,0.005412604776579377,1.0,1.6958595514297485,nan,nan,nan,nan,64.05808615684509,69.75337409973145,0.0,133.81146430969238
54,54,trpo,trpo_paper,trpo_paper,ALE/SpaceInvaders-v5,atari,0,1,1.0,5472456,101198,142,142,4,1,305.59859154929575,136.65068347355938,712.6619718309859,305.59859154929575,136.65068347355938,712.6619718309859,38.57814692484041,38.700461440690525,nan,nan,1.2366728212228442,0.005834344816128092,1.0,1.8519608974456787,nan,nan,nan,nan,64.23283529281616,69.3963897228241,0.0,133.62922954559326
55,55,trpo,trpo_paper,trpo_paper,ALE/SpaceInvaders-v5,atari,0,1,1.0,5573978,101522,140,140,4,1,310.32142857142856,143.5596077223247,725.1571428571428,310.32142857142856,143.5596077223247,725.1571428571428,38.41032239317586,38.507959173873644,nan,nan,1.2270684998540957,0.0049927249496860265,1.0,1.5249824523925781,nan,nan,nan,nan,63.70116996765137,69.76177096366882,0.0,133.46294593811035
56,56,trpo,trpo_paper,trpo_paper,ALE/SpaceInvaders-v5,atari,0,1,1.0,5675782,101804,146,146,4,1,286.95205479452056,133.29899095240182,697.2876712328767,286.95205479452056,133.29899095240182,697.2876712328767,36.953061458783544,37.082247811972024,nan,nan,1.2113344887142206,0.006836571091104889,1.0,1.7349931001663208,nan,nan,nan,nan,64.19569754600525,69.91760683059692,0.0,134.1133086681366
57,57,trpo,trpo_paper,trpo_paper,ALE/SpaceInvaders-v5,atari,0,1,1.0,5777404,101622,145,145,4,1,310.44827586206895,135.06309795077942,700.8413793103448,310.44827586206895,135.06309795077942,700.8413793103448,39.674237923382734,39.787374258280686,nan,nan,1.20680173782421,0.004841180869373622,1.0,1.8665095567703247,nan,nan,nan,nan,64.00123763084412,69.77494978904724,0.0,133.77619194984436
58,58,trpo,trpo_paper,trpo_paper,ALE/SpaceInvaders-v5,atari,0,1,1.0,5879267,101863,156,156,4,1,269.96794871794873,112.77174700000559,652.9679487179487,269.96794871794873,112.77174700000559,652.9679487179487,36.74489893901613,36.83689382430323,nan,nan,1.1958800515152705,0.00478908919018149,1.0,1.4816827774047852,nan,nan,nan,nan,64.17712616920471,69.90743732452393,0.0,134.08456826210022
59,59,trpo,trpo_paper,trpo_paper,ALE/SpaceInvaders-v5,atari,0,1,1.0,5980131,100864,145,145,4,1,293.2413793103448,126.35681692850766,695.6137931034483,293.2413793103448,126.35681692850766,695.6137931034483,37.630198289900264,37.764629538289185,nan,nan,1.2074650774147304,0.007022422286894569,1.0,1.664230227470398,nan,nan,nan,nan,63.46121549606323,69.34103488922119,0.0,132.80225491523743
60,60,trpo,trpo_paper,trpo_paper,ALE/SpaceInvaders-v5,atari,0,1,1.0,6081077,100946,148,148,4,1,287.06081081081084,130.54191758968165,682.0675675675676,287.06081081081084,130.54191758968165,682.0675675675676,37.62551651997107,37.76102678040735,nan,nan,1.1639444758831454,0.00865714882858049,1.0,1.6141971349716187,nan,nan,nan,nan,63.94420051574707,69.09639406204224,0.0,133.04059886932373
61,61,trpo,trpo_paper,trpo_paper,ALE/SpaceInvaders-v5,atari,0,1,1.0,6182508,101431,156,156,4,1,274.29487179487177,126.43084751938802,650.1987179487179,274.29487179487177,126.43084751938802,650.1987179487179,37.35002088858436,37.449794533968905,nan,nan,1.186373801448152,0.005873633210647837,1.0,1.4266082048416138,nan,nan,nan,nan,63.9247145652771,69.48773622512817,0.0,133.412456035614
62,62,trpo,trpo_paper,trpo_paper,ALE/SpaceInvaders-v5,atari,0,1,1.0,6284226,101718,147,147,4,1,309.2517006802721,133.0916437134931,691.9591836734694,309.2517006802721,133.0916437134931,691.9591836734694,40.00080983700033,40.135486098822234,nan,nan,1.180337965625553,0.00778586822808855,1.0,1.4834446907043457,nan,nan,nan,nan,63.76083445549011,69.90339517593384,0.0,133.6642348766327
63,63,trpo,trpo_paper,trpo_paper,ALE/SpaceInvaders-v5,atari,0,1,1.0,6385001,100775,152,152,4,1,283.32236842105266,141.40966067151382,662.9934210526316,283.32236842105266,141.40966067151382,662.9934210526316,38.01858735425453,38.1288284544778,nan,nan,1.185017912932585,0.005335363433655898,1.0,1.7212365865707397,nan,nan,nan,nan,64.21369504928589,69.18909239768982,0.0,133.40279245376587
64,64,trpo,trpo_paper,trpo_paper,ALE/SpaceInvaders-v5,atari,0,1,1.0,6485918,100917,157,157,4,1,278.1528662420382,134.4750191375314,642.7834394904459,278.1528662420382,134.4750191375314,642.7834394904459,38.618732860296085,38.75248208304845,nan,nan,1.146966269503961,0.006818152966099292,1.0,1.6206520795822144,nan,nan,nan,nan,63.19664216041565,69.23968529701233,0.0,132.4363329410553
65,65,trpo,trpo_paper,trpo_paper,ALE/SpaceInvaders-v5,atari,0,1,1.0,6587012,101094,151,151,4,1,278.9072847682119,117.40276241396043,669.4966887417219,278.9072847682119,117.40276241396043,669.4966887417219,37.14913904386017,37.27686716694364,nan,nan,1.1757362467303019,0.0068320159914566515,1.0,1.5231214761734009,nan,nan,nan,nan,63.79926061630249,69.2846999168396,0.0,133.08396434783936
66,66,trpo,trpo_paper,trpo_paper,ALE/SpaceInvaders-v5,atari,0,1,1.0,6687855,100843,146,146,4,1,281.64383561643837,117.40357394189131,690.7054794520548,281.64383561643837,117.40357394189131,690.7054794520548,36.3454915685769,36.435456290967146,nan,nan,1.1642634984541256,0.00602798773626693,1.0,1.3498502969741821,nan,nan,nan,nan,63.48332643508911,69.07857155799866,0.0,132.56190276145935
67,67,trpo,trpo_paper,trpo_paper,ALE/SpaceInvaders-v5,atari,0,1,1.0,6788880,101025,159,159,4,1,276.57232704402514,118.91958379639637,635.377358490566,276.57232704402514,118.91958379639637,635.377358490566,38.70579567248206,38.82270013610493,nan,nan,1.135023279452023,0.006392936446178272,1.0,1.563995599746704,nan,nan,nan,nan,63.80141592025757,69.32027554512024,0.0,133.1216962337494
68,68,trpo,trpo_paper,trpo_paper,ALE/SpaceInvaders-v5,atari,0,1,1.0,6890594,101714,158,158,4,1,283.82911392405066,130.10726796645866,643.7594936708861,283.82911392405066,130.10726796645866,643.7594936708861,39.20178146567827,39.304426811943294,nan,nan,1.124873453191977,0.006004369190376939,1.0,1.4406812191009521,nan,nan,nan,nan,63.742417335510254,69.6617980003357,0.0,133.4042203426361
69,69,trpo,trpo_paper,trpo_paper,ALE/SpaceInvaders-v5,atari,0,1,1.0,6992032,101438,157,157,4,1,282.35668789808915,131.0741518503839,646.1019108280254,282.35668789808915,131.0741518503839,646.1019108280254,38.59070542166151,38.71316561594274,nan,nan,1.093161543065407,0.00625769362601243,1.0,1.738448143005371,nan,nan,nan,nan,64.046701669693,69.69900345802307,0.0,133.7457103729248
70,70,trpo,trpo_paper,trpo_paper,ALE/SpaceInvaders-v5,atari,0,1,1.0,7094291,102259,155,155,4,1,280.38709677419354,123.3517596457396,659.7354838709678,280.38709677419354,123.3517596457396,659.7354838709678,37.554685895617986,37.669514266470436,nan,nan,1.0634845366605874,0.004900519507039636,1.0,1.8167678117752075,nan,nan,nan,nan,64.43216395378113,70.10508918762207,0.0,134.53725814819336
71,71,trpo,trpo_paper,trpo_paper,ALE/SpaceInvaders-v5,atari,0,1,1.0,7195863,101572,154,154,4,1,289.09090909090907,153.14713083694758,659.5584415584416,289.09090909090907,153.14713083694758,659.5584415584416,38.901920943394835,39.05087847167526,nan,nan,1.0717589921012003,0.0070034232239168095,1.0,1.847356915473938,nan,nan,nan,nan,63.63799810409546,69.58830165863037,0.0,133.2263045310974
72,72,trpo,trpo_paper,trpo_paper,ALE/SpaceInvaders-v5,atari,0,1,1.0,7297429,101566,156,156,4,1,284.4871794871795,134.12247976839748,651.0641025641025,284.4871794871795,134.12247976839748,651.0641025641025,38.6351298047575,38.731129573380855,nan,nan,1.0735716376851012,0.005641909495897702,1.0,1.4391200542449951,nan,nan,nan,nan,64.29538893699646,69.63811755180359,0.0,133.93351125717163
73,73,trpo,trpo_paper,trpo_paper,ALE/SpaceInvaders-v5,atari,0,1,1.0,7399409,101980,151,151,4,1,295.5629139072848,128.6307707390153,675.364238410596,295.5629139072848,128.6307707390153,675.364238410596,38.970703967689744,39.081483348450675,nan,nan,1.0454176111814204,0.005215484141254337,1.0,1.6682050228118896,nan,nan,nan,nan,63.98913836479187,69.85678744316101,0.0,133.84593057632446
74,74,trpo,trpo_paper,trpo_paper,ALE/SpaceInvaders-v5,atari,0,1,1.0,7501971,102562,158,158,4,1,280.8544303797468,132.11424984466024,649.126582278481,280.8544303797468,132.11424984466024,649.126582278481,38.25041346941362,38.367647587556796,nan,nan,1.0470721225712862,0.006205463713567,1.0,1.6672674417495728,nan,nan,nan,nan,64.56752514839172,70.24416375160217,0.0,134.8116934299469
75,75,trpo,trpo_paper,trpo_paper,ALE/SpaceInvaders-v5,atari,0,1,1.0,7603639,101668,152,152,4,1,297.17105263157896,126.69725500265487,668.8684210526316,297.17105263157896,126.69725500265487,668.8684210526316,39.52562991489456,39.65355203333399,nan,nan,1.0336703463955597,0.006465823775646939,1.0,1.6745604276657104,nan,nan,nan,nan,64.18840861320496,69.45988583564758,0.0021321773529052734,133.6504352092743
76,76,trpo,trpo_paper,trpo_paper,ALE/SpaceInvaders-v5,atari,0,1,1.0,7704612,100973,152,152,4,1,301.01973684210526,143.51478332042902,664.296052631579,301.01973684210526,143.51478332042902,664.296052631579,40.2845239259505,40.413938549785584,nan,nan,1.0135224935208547,0.006287483251057268,1.0,1.9071061611175537,nan,nan,nan,nan,63.15047645568848,69.20837759971619,0.0,132.3588581085205
77,77,trpo,trpo_paper,trpo_paper,ALE/SpaceInvaders-v5,atari,0,1,1.0,7806505,101893,149,149,4,1,308.5234899328859,148.02900060019607,683.8456375838927,308.5234899328859,148.02900060019607,683.8456375838927,40.17472158293504,40.310865626196104,nan,nan,1.0105723795044188,0.0064230866964028665,1.0,1.7914302349090576,nan,nan,nan,nan,65.02128601074219,69.76289510726929,0.0,134.78418588638306
78,78,trpo,trpo_paper,trpo_paper,ALE/SpaceInvaders-v5,atari,0,1,1.0,7907559,101054,153,153,4,1,305.2287581699346,149.10445067865464,660.4836601307189,305.2287581699346,149.10445067865464,660.4836601307189,41.25296499891147,41.380209699146,nan,nan,1.0116373979776592,0.005238500517134473,1.0,1.7295751571655273,nan,nan,nan,nan,63.63015556335449,69.29764151573181,0.0,132.9278016090393
79,79,trpo,trpo_paper,trpo_paper,ALE/SpaceInvaders-v5,atari,0,1,1.0,8008866,101307,152,152,4,1,310.75657894736844,136.46833046489337,666.4934210526316,310.75657894736844,136.46833046489337,666.4934210526316,41.414664707275904,41.53516878152546,nan,nan,1.0525489903600567,0.005914368927037891,1.0,1.6537750959396362,nan,nan,nan,nan,64.00755763053894,69.45104455947876,0.0,133.4586067199707
80,80,trpo,trpo_paper,trpo_paper,ALE/SpaceInvaders-v5,atari,0,1,1.0,8109911,101045,155,155,4,1,287.83870967741933,136.1889334650032,651.9032258064516,287.83870967741933,136.1889334650032,651.9032258064516,38.99761732087189,39.119515593300015,nan,nan,1.0796289710030185,0.005637125772816637,1.0,1.752220630645752,nan,nan,nan,nan,64.06806421279907,69.2698187828064,0.0,133.33788776397705
81,81,trpo,trpo_paper,trpo_paper,ALE/SpaceInvaders-v5,atari,0,1,1.0,8210567,100656,151,151,4,1,296.02649006622516,128.8979239358227,666.5960264900663,296.02649006622516,128.8979239358227,666.5960264900663,39.452015015870884,39.583482355746305,nan,nan,1.066450752982311,0.005586129443196216,1.0,1.8759081363677979,nan,nan,nan,nan,63.00195336341858,68.90661907196045,0.0,131.90857768058777
82,82,trpo,trpo_paper,trpo_paper,ALE/SpaceInvaders-v5,atari,0,1,1.0,8311962,101395,160,160,4,1,277.3125,125.14602408286889,633.71875,277.3125,125.14602408286889,633.71875,38.65850248409685,38.79958516199024,nan,nan,1.086141369882329,0.006336392931148011,1.0,1.9029122591018677,nan,nan,nan,nan,63.6922390460968,69.46205639839172,0.0,133.15429973602295
83,83,trpo,trpo_paper,trpo_paper,ALE/SpaceInvaders-v5,atari,0,1,1.0,8413412,101450,155,155,4,1,282.2258064516129,120.62758195195427,654.516129032258,282.2258064516129,120.62758195195427,654.516129032258,38.18895468827009,38.29758478622474,nan,nan,1.111195978622474,0.00606590379719857,1.0,1.5897592306137085,nan,nan,nan,nan,64.11008048057556,69.40187668800354,0.0,133.5119616985321
84,84,trpo,trpo_paper,trpo_paper,ALE/SpaceInvaders-v5,atari,0,1,1.0,8514752,101340,160,160,4,1,280.53125,141.62295549605474,633.375,280.53125,141.62295549605474,633.375,39.233018104277676,39.37469456162424,nan,nan,1.0995702941906578,0.006116836767780439,1.0,2.0206127166748047,nan,nan,nan,nan,63.87192392349243,69.37496089935303,0.0,133.24688863754272
85,85,trpo,trpo_paper,trpo_paper,ALE/SpaceInvaders-v5,atari,0,1,1.0,8616520,101768,161,161,4,1,285.1552795031056,145.34860895206654,632.0993788819876,285.1552795031056,145.34860895206654,632.0993788819876,40.120285692703014,40.26243883145979,nan,nan,1.0950253761542799,0.006893466789239974,1.0,1.8275383710861206,nan,nan,nan,nan,64.56961011886597,69.74704456329346,0.0,134.31666684150696
86,86,trpo,trpo_paper,trpo_paper,ALE/SpaceInvaders-v5,atari,0,1,1.0,8718353,101833,163,163,4,1,264.81595092024537,125.92344734875198,624.7423312883435,264.81595092024537,125.92344734875198,624.7423312883435,37.23884601504424,37.36454108687754,nan,nan,1.1034840096845142,0.006846717497169062,1.0,1.6601976156234741,nan,nan,nan,nan,63.90721535682678,69.7296073436737,0.0,133.63682651519775
87,87,trpo,trpo_paper,trpo_paper,ALE/SpaceInvaders-v5,atari,0,1,1.0,8819051,100698,163,163,4,1,270.6134969325153,130.34730978246563,617.7791411042945,270.6134969325153,130.34730978246563,617.7791411042945,38.755745133344256,38.87809441659715,nan,nan,1.097772397299661,0.006403073371597612,1.0,1.7528139352798462,nan,nan,nan,nan,63.32334494590759,69.06109476089478,0.0,132.38444471359253
88,88,trpo,trpo_paper,trpo_paper,ALE/SpaceInvaders-v5,atari,0,1,1.0,8920315,101264,163,163,4,1,273.83435582822085,140.03020111599156,621.2515337423313,273.83435582822085,140.03020111599156,621.2515337423313,38.82368348450585,38.939960693706546,nan,nan,1.0673344058059255,0.0057022666150571884,1.0,1.6810988187789917,nan,nan,nan,nan,63.94953656196594,69.40191316604614,0.0,133.35145497322083
89,89,trpo,trpo_paper,trpo_paper,ALE/SpaceInvaders-v5,atari,0,1,1.0,9022001,101686,164,164,4,1,273.5975609756098,144.4887420507806,620.0365853658536,273.5975609756098,144.4887420507806,620.0365853658536,38.83892586614677,38.959781674714314,nan,nan,1.0723682766179403,0.00772042712340501,1.0,1.4995170831680298,nan,nan,nan,nan,64.09158110618591,69.63998079299927,0.0,133.7315661907196
90,90,trpo,trpo_paper,trpo_paper,ALE/SpaceInvaders-v5,atari,0,1,1.0,9123808,101807,159,159,4,1,270.251572327044,121.87708874796252,640.2955974842768,270.251572327044,121.87708874796252,640.2955974842768,37.26807556209298,37.39874652528805,nan,nan,1.0332841319082922,0.0064389031295046546,1.0,1.7756198644638062,nan,nan,nan,nan,63.9381320476532,69.78532481193542,0.0,133.72346115112305
91,91,trpo,trpo_paper,trpo_paper,ALE/SpaceInvaders-v5,atari,0,1,1.0,9226036,102228,163,163,4,1,271.25766871165644,127.73912204210019,627.1656441717791,271.25766871165644,127.73912204210019,627.1656441717791,38.03634583969167,38.176666220360374,nan,nan,1.0307972646773633,0.005557415640034758,1.0,2.0379865169525146,nan,nan,nan,nan,64.48083567619324,70.11239576339722,0.0,134.59323620796204
92,92,trpo,trpo_paper,trpo_paper,ALE/SpaceInvaders-v5,atari,0,1,1.0,9328160,102124,156,156,4,1,292.1794871794872,147.00991974115595,654.6410256410256,292.1794871794872,147.00991974115595,654.6410256410256,39.45254390495868,39.568008009870354,nan,nan,1.0327293859479345,0.006089051946466376,1.0,1.6283708810806274,nan,nan,nan,nan,64.52648162841797,70.03233671188354,0.0,134.5588231086731
93,93,trpo,trpo_paper,trpo_paper,ALE/SpaceInvaders-v5,atari,0,1,1.0,9429311,101151,160,160,4,1,292.59375,151.80576804238203,632.19375,292.59375,151.80576804238203,632.19375,40.828083060844676,40.97954728574112,nan,nan,1.051330690104553,0.00667912690210726,1.0,1.9258222579956055,nan,nan,nan,nan,63.24250268936157,69.29211592674255,0.0,132.5346236228943
94,94,trpo,trpo_paper,trpo_paper,ALE/SpaceInvaders-v5,atari,0,1,1.0,9530257,100946,150,150,4,1,315.8666666666667,139.39721023830506,672.9733333333334,315.8666666666667,139.39721023830506,672.9733333333334,41.68753250500267,41.80898853099677,nan,nan,1.0960803499093885,0.004931170927445201,1.0,1.9473744630813599,nan,nan,nan,nan,63.48655366897583,69.10468864440918,0.0,132.59124755859375
95,95,trpo,trpo_paper,trpo_paper,ALE/SpaceInvaders-v5,atari,0,1,1.0,9631661,101404,153,153,4,1,306.5032679738562,132.07752349110189,662.7712418300654,306.5032679738562,132.07752349110189,662.7712418300654,40.94457519550511,41.06158518771449,nan,nan,1.0619633162892983,0.005294411175268483,1.0,1.8206607103347778,nan,nan,nan,nan,63.92042064666748,69.54546308517456,0.0,133.4658875465393
96,96,trpo,trpo_paper,trpo_paper,ALE/SpaceInvaders-v5,atari,0,1,1.0,9733010,101349,156,156,4,1,307.56410256410254,142.3210608181366,649.6730769230769,307.56410256410254,142.3210608181366,649.6730769230769,41.85600838439452,42.00735392061096,nan,nan,1.0584246686033532,0.006228018104731592,1.0,2.022003412246704,nan,nan,nan,nan,64.1313407421112,69.52930450439453,0.0,133.66064953804016
97,97,trpo,trpo_paper,trpo_paper,ALE/SpaceInvaders-v5,atari,0,1,1.0,9833921,100911,153,153,4,1,307.32026143790847,140.5521629307312,659.5490196078431,307.32026143790847,140.5521629307312,659.5490196078431,41.274704783175274,41.442368151143086,nan,nan,1.072703525376012,0.007398052105035156,1.0,2.1124978065490723,nan,nan,nan,nan,63.496376514434814,69.15449833869934,0.0,132.65087914466858
98,98,trpo,trpo_paper,trpo_paper,ALE/SpaceInvaders-v5,atari,0,1,1.0,9935726,101805,154,154,4,1,320.1623376623377,159.24376767266995,661.0714285714286,320.1623376623377,159.24376767266995,661.0714285714286,43.10458904277786,43.24691475124012,nan,nan,1.0578831006581209,0.005818696328884834,1.0,2.2631404399871826,nan,nan,nan,nan,63.92451500892639,69.59172034263611,0.0,133.51624035835266
99,99,trpo,trpo_paper,trpo_paper,ALE/SpaceInvaders-v5,atari,0,1,1.0,10037185,101459,146,146,4,1,329.041095890411,129.64164923062873,694.9246575342465,329.041095890411,129.64164923062873,694.9246575342465,42.13336498610276,42.26641973297095,nan,nan,1.0368700493780123,0.0059868533646019965,1.0,1.885198712348938,nan,nan,nan,nan,63.80755805969238,69.57081961631775,0.0,133.3783824443817
100,100,trpo,trpo_paper,trpo_paper,ALE/SpaceInvaders-v5,atari,0,1,1.0,10138441,101256,153,153,4,1,309.93464052287584,159.46600732709348,661.8039215686274,309.93464052287584,159.46600732709348,661.8039215686274,41.3740341621731,41.533985331733426,nan,nan,1.043386062268841,0.00619149613349057,1.0,2.236595869064331,nan,nan,nan,nan,63.85347390174866,69.30382180213928,0.001912832260131836,133.1592137813568
101,101,trpo,trpo_paper,trpo_paper,ALE/SpaceInvaders-v5,atari,0,1,1.0,10240050,101609,145,145,4,1,327.48275862068965,145.22292511376057,700.751724137931,327.48275862068965,145.22292511376057,700.751724137931,41.403746223267625,41.53479514609926,nan,nan,1.0374940113957056,0.005919689215965672,1.0,1.9100693464279175,nan,nan,nan,nan,64.32547926902771,69.43478441238403,0.0,133.7602677345276
102,102,trpo,trpo_paper,trpo_paper,ALE/SpaceInvaders-v5,atari,0,1,1.0,10341205,101155,147,147,4,1,311.7687074829932,150.9288730994308,688.1292517006802,311.7687074829932,150.9288730994308,688.1292517006802,40.30253787504325,40.44230574366072,nan,nan,1.0469641992409544,0.005758440609236742,1.0,2.064479112625122,nan,nan,nan,nan,64.02513480186462,69.23858094215393,0.0,133.26372075080872
103,103,trpo,trpo_paper,trpo_paper,ALE/SpaceInvaders-v5,atari,0,1,1.0,10442924,101719,156,156,4,1,297.21153846153845,134.66154199512542,652.0448717948718,297.21153846153845,134.66154199512542,652.0448717948718,40.0954786439849,40.21396767688436,nan,nan,1.0360305782082564,0.005346775367818633,1.0,1.858140230178833,nan,nan,nan,nan,64.23659038543701,69.69536709785461,0.0,133.93196201324463
104,104,trpo,trpo_paper,trpo_paper,ALE/SpaceInvaders-v5,atari,0,1,1.0,10544542,101618,149,149,4,1,322.3154362416107,153.86685114906268,682.0,322.3154362416107,153.86685114906268,682.0,42.086074040770335,42.23029692082111,nan,nan,1.0698281156589506,0.006040780678135278,1.0,2.169065475463867,nan,nan,nan,nan,63.94287133216858,69.626868724823,0.0,133.56974411010742
105,105,trpo,trpo_paper,trpo_paper,ALE/SpaceInvaders-v5,atari,0,1,1.0,10646110,101568,153,153,4,1,314.6078431372549,145.22748597832035,663.843137254902,314.6078431372549,145.22748597832035,663.843137254902,42.10950207004174,42.25402447436693,nan,nan,1.0680263257282068,0.005377052264979371,1.0,2.2604010105133057,nan,nan,nan,nan,63.72755837440491,69.6139726638794,0.0,133.34153985977173
106,106,trpo,trpo_paper,trpo_paper,ALE/SpaceInvaders-v5,atari,0,1,1.0,10748254,102144,148,148,4,1,320.77702702702703,140.7073261575412,690.1621621621622,320.77702702702703,140.7073261575412,690.1621621621622,41.49567063410479,41.628241593975176,nan,nan,1.052836511368142,0.005238249009815897,1.0,2.0872154235839844,nan,nan,nan,nan,63.875014305114746,70.04550337791443,0.0,133.92052173614502
107,107,trpo,trpo_paper,trpo_paper,ALE/SpaceInvaders-v5,atari,0,1,1.0,10849789,101535,157,157,4,1,307.13375796178343,147.57401664609674,646.71974522293,307.13375796178343,147.57401664609674,646.71974522293,42.234798730117696,42.3795900120648,nan,nan,1.037343221972411,0.005469287341132121,1.0,2.238093137741089,nan,nan,nan,nan,63.58145022392273,69.59754419326782,0.0,133.17899918556213
108,108,trpo,trpo_paper,trpo_paper,ALE/SpaceInvaders-v5,atari,0,1,1.0,10951351,101562,149,149,4,1,330.0,144.96470294754906,681.6241610738255,330.0,144.96470294754906,681.6241610738255,43.13987922709774,43.27508612350091,nan,nan,1.05139365686108,0.005951521068972295,1.0,2.1664915084838867,nan,nan,nan,nan,63.62180733680725,69.57383489608765,0.0,133.19564747810364
109,109,trpo,trpo_paper,trpo_paper,ALE/SpaceInvaders-v5,atari,0,1,1.0,11053650,102299,150,150,4,1,313.6666666666667,126.44849632250366,681.9933333333333,313.6666666666667,126.44849632250366,681.9933333333333,40.8651370614571,41.00385664815883,nan,nan,1.034647673616372,0.00580189862683381,1.0,2.080613374710083,nan,nan,nan,nan,65.08590579032898,70.00404739379883,0.0,135.0899577140808
110,110,trpo,trpo_paper,trpo_paper,ALE/SpaceInvaders-v5,atari,0,1,1.0,11154680,101030,150,150,4,1,317.43333333333334,130.67610935268758,673.5333333333333,317.43333333333334,130.67610935268758,673.5333333333333,42.1026614928734,42.24702965703256,nan,nan,0.9996446488860053,0.005637563216782709,1.0,2.1822350025177,nan,nan,nan,nan,63.20837616920471,69.27230095863342,0.0,132.48068237304688
111,111,trpo,trpo_paper,trpo_paper,ALE/SpaceInvaders-v5,atari,0,1,1.0,11256622,101942,151,151,4,1,324.70198675496687,162.525832677281,675.1125827814569,324.70198675496687,162.525832677281,675.1125827814569,42.77488179553079,42.91894763076063,nan,nan,1.026823789047939,0.00557035996202476,1.0,2.236489772796631,nan,nan,nan,nan,64.2471182346344,70.03614950180054,0.0,134.28327202796936
112,112,trpo,trpo_paper,trpo_paper,ALE/SpaceInvaders-v5,atari,0,1,1.0,11357602,100980,153,153,4,1,300.8169934640523,127.81657803164232,660.0,300.8169934640523,127.81657803164232,660.0,40.32197031590414,40.451762261091304,nan,nan,0.9963252242283435,0.004793861835356082,1.0,2.107908010482788,nan,nan,nan,nan,63.83255434036255,69.19884753227234,0.0,133.03140664100647
113,113,trpo,trpo_paper,trpo_paper,ALE/SpaceInvaders-v5,atari,0,1,1.0,11458898,101296,154,154,4,1,314.44805194805195,150.62269202662642,657.7662337662338,314.44805194805195,150.62269202662642,657.7662337662338,42.315959539369764,42.45990108814761,nan,nan,1.0003039586451772,0.006767712164607856,1.0,2.194733142852783,nan,nan,nan,nan,63.52966928482056,69.45861148834229,0.0,132.98828530311584
114,114,trpo,trpo_paper,trpo_paper,ALE/SpaceInvaders-v5,atari,0,1,1.0,11560129,101231,146,146,4,1,347.6027397260274,163.2894094097061,693.3630136986301,347.6027397260274,163.2894094097061,693.3630136986301,44.68263782215922,44.83477779163498,nan,nan,0.9863854997712533,0.004811065805164268,1.0,2.4253437519073486,nan,nan,nan,nan,63.42437696456909,69.35843873023987,0.0,132.78282022476196
115,115,trpo,trpo_paper,trpo_paper,ALE/SpaceInvaders-v5,atari,0,1,1.0,11661600,101471,157,157,4,1,310.7643312101911,156.74349772177442,646.312101910828,310.7643312101911,156.74349772177442,646.312101910828,42.449256052837754,42.60504047954588,nan,nan,0.9803795109486331,0.005265822720573459,1.0,2.4758002758026123,nan,nan,nan,nan,63.908427476882935,69.4789252281189,0.0,133.38735723495483
116,116,trpo,trpo_paper,trpo_paper,ALE/SpaceInvaders-v5,atari,0,1,1.0,11763112,101512,147,147,4,1,333.5034013605442,144.11165239416863,690.5578231292517,333.5034013605442,144.11165239416863,690.5578231292517,42.974589365050434,43.09942266677831,nan,nan,0.9965657202550561,0.004916903406840479,1.0,2.2892603874206543,nan,nan,nan,nan,63.666712522506714,69.65763521194458,0.0,133.3243534564972
117,117,trpo,trpo_paper,trpo_paper,ALE/SpaceInvaders-v5,atari,0,1,1.0,11865354,102242,148,148,4,1,335.43918918918916,156.1724716351761,690.8243243243244,335.43918918918916,156.1724716351761,690.8243243243244,43.539635436024334,43.68484698069287,nan,nan,0.9891598477371701,0.004927751593928224,1.0,2.304335594177246,nan,nan,nan,nan,64.5072889328003,69.99485850334167,0.0,134.50215196609497
118,118,trpo,trpo_paper,trpo_paper,ALE/SpaceInvaders-v5,atari,0,1,1.0,11966416,101062,153,153,4,1,316.63398692810455,146.20898963063212,660.5359477124183,316.63398692810455,146.20898963063212,660.5359477124183,42.622453141388455,42.77577192713384,nan,nan,0.9829717820573634,0.0051923751461998005,1.0,2.346367359161377,nan,nan,nan,nan,63.239094972610474,69.26220464706421,0.0,132.50130438804626
119,119,trpo,trpo_paper,trpo_paper,ALE/SpaceInvaders-v5,atari,0,1,1.0,12068097,101681,151,151,4,1,322.81456953642385,138.69851071234083,673.384105960265,322.81456953642385,138.69851071234083,673.384105960265,42.629972505925394,42.78377874184951,nan,nan,0.9803031307394572,0.006465322227593144,1.0,2.2903847694396973,nan,nan,nan,nan,63.81327819824219,69.65904140472412,0.0,133.47232460975647
120,120,trpo,trpo_paper,trpo_paper,ALE/SpaceInvaders-v5,atari,0,1,1.0,12169781,101684,151,151,4,1,335.0,155.64541974867657,673.4039735099337,335.0,155.64541974867657,673.4039735099337,44.55265685235632,44.70520758551001,nan,nan,0.9697802890918495,0.005655551787699108,1.0,2.424809694290161,nan,nan,nan,nan,64.0000491142273,69.60712218284607,0.0,133.60717630386353
121,121,trpo,trpo_paper,trpo_paper,ALE/SpaceInvaders-v5,atari,0,1,1.0,12271424,101643,146,146,4,1,355.4109589041096,149.1293302478637,696.1849315068494,355.4109589041096,149.1293302478637,696.1849315068494,45.9925440635361,46.18084881029682,nan,nan,0.9414469629226189,0.005362465295662789,1.0,2.995485305786133,nan,nan,nan,nan,63.44069862365723,69.65218567848206,0.0,133.09289002418518
122,122,trpo,trpo_paper,trpo_paper,ALE/SpaceInvaders-v5,atari,0,1,1.0,12372468,101044,144,144,4,1,356.31944444444446,149.88188186302727,701.6944444444445,356.31944444444446,149.88188186302727,701.6944444444445,45.81963179406991,45.96396580635664,nan,nan,0.9265419871038545,0.00424902737402787,1.0,2.562251091003418,nan,nan,nan,nan,64.17235541343689,69.09682965278625,0.0,133.26918959617615
123,123,trpo,trpo_paper,trpo_paper,ALE/SpaceInvaders-v5,atari,0,1,1.0,12474632,102164,143,143,4,1,361.6083916083916,155.753976476757,714.4335664335664,361.6083916083916,155.753976476757,714.4335664335664,45.758058122234836,45.9240124946165,nan,nan,0.9502028949968004,0.005194036133018087,1.0,2.6026456356048584,nan,nan,nan,nan,64.25117421150208,69.93680787086487,0.0,134.18798685073853
124,124,trpo,trpo_paper,trpo_paper,ALE/SpaceInvaders-v5,atari,0,1,1.0,12576539,101907,137,137,4,1,372.26277372262774,160.0467208279536,743.8467153284671,372.26277372262774,160.0467208279536,743.8467153284671,45.38889072880175,45.546564668030655,nan,nan,0.9586612978009361,0.003956778334704091,1.0,2.938647985458374,nan,nan,nan,nan,64.04921340942383,69.6832914352417,0.0,133.73250937461853
125,125,trpo,trpo_paper,trpo_paper,ALE/SpaceInvaders-v5,atari,0,1,1.0,12678413,101874,137,137,4,1,376.93430656934305,149.46162285440025,743.6058394160584,376.93430656934305,149.46162285440025,743.6058394160584,45.826591242613425,45.97538350069694,nan,nan,0.9755862346654937,0.0048465418676995895,1.0,2.5204925537109375,nan,nan,nan,nan,63.407745361328125,69.77209115028381,0.001981019973754883,133.18182373046875
126,126,trpo,trpo_paper,trpo_paper,ALE/SpaceInvaders-v5,atari,0,1,1.0,12779656,101243,140,140,4,1,364.92857142857144,150.72442416813647,723.1642857142857,364.92857142857144,150.72442416813647,723.1642857142857,45.56954647481801,45.734222983317366,nan,nan,0.9497710595964042,0.005462011184782211,1.0,2.5964016914367676,nan,nan,nan,nan,63.87853479385376,69.33944892883301,0.0,133.21798825263977
127,127,trpo,trpo_paper,trpo_paper,ALE/SpaceInvaders-v5,atari,0,1,1.0,12881137,101481,147,147,4,1,351.42857142857144,147.60560614687503,690.3469387755102,351.42857142857144,147.60560614687503,690.3469387755102,45.65541610005814,45.83397138380584,nan,nan,0.9109336093779254,0.005881154190738211,1.0,2.524322509765625,nan,nan,nan,nan,63.93737745285034,69.43600583076477,0.0,133.37338829040527
128,128,trpo,trpo_paper,trpo_paper,ALE/SpaceInvaders-v5,atari,0,1,1.0,12982782,101645,147,147,4,1,327.27891156462584,139.30125834207692,691.4625850340136,327.27891156462584,139.30125834207692,691.4625850340136,42.4108862339515,42.5760607537262,nan,nan,0.9353802075006764,0.005347182150349997,1.0,2.5673015117645264,nan,nan,nan,nan,63.451995611190796,69.43256306648254,0.0,132.88456344604492
129,129,trpo,trpo_paper,trpo_paper,ALE/SpaceInvaders-v5,atari,0,1,1.0,13083759,100977,151,151,4,1,334.70198675496687,163.2150409695804,668.7218543046357,334.70198675496687,163.2150409695804,668.7218543046357,44.61334658820821,44.78421462932153,nan,nan,0.9390138087216024,0.005770817979186623,1.0,2.499326705932617,nan,nan,nan,nan,63.19562792778015,69.14982533454895,0.0,132.34545874595642
130,130,trpo,trpo_paper,trpo_paper,ALE/SpaceInvaders-v5,atari,0,1,1.0,13186435,102676,149,149,4,1,355.73825503355704,169.84337024372496,689.1006711409397,355.73825503355704,169.84337024372496,689.1006711409397,46.38397163772449,46.538443897551524,nan,nan,0.939273883418776,0.004221733862703167,1.0,2.724154472351074,nan,nan,nan,nan,64.37545895576477,70.16040635108948,0.0,134.5358703136444
131,131,trpo,trpo_paper,trpo_paper,ALE/SpaceInvaders-v5,atari,0,1,1.0,13287327,100892,149,149,4,1,353.9261744966443,177.80217096385377,677.1275167785235,353.9261744966443,177.80217096385377,677.1275167785235,46.864426812829564,47.02307913412362,nan,nan,0.9537353346237499,0.004353847293671263,1.0,2.8483266830444336,nan,nan,nan,nan,62.89165496826172,69.11911249160767,0.0,132.01077222824097
132,132,trpo,trpo_paper,trpo_paper,ALE/SpaceInvaders-v5,atari,0,1,1.0,13388669,101342,148,148,4,1,353.5810810810811,156.77928251480898,684.7432432432432,353.5810810810811,156.77928251480898,684.7432432432432,46.13596102800418,46.304700759556745,nan,nan,0.9616303094310293,0.005461498555865317,1.0,2.6482181549072266,nan,nan,nan,nan,63.354090452194214,69.41750931739807,0.0,132.7716042995453
133,133,trpo,trpo_paper,trpo_paper,ALE/SpaceInvaders-v5,atari,0,1,1.0,13490171,101502,144,144,4,1,353.78472222222223,155.64744542262653,704.875,353.78472222222223,155.64744542262653,704.875,45.272034510403735,45.44908844160706,nan,nan,0.944334309126144,0.005059373948981604,1.0,2.8315420150756836,nan,nan,nan,nan,64.00185465812683,69.27820086479187,0.0,133.28006958961487
134,134,trpo,trpo_paper,trpo_paper,ALE/SpaceInvaders-v5,atari,0,1,1.0,13591529,101358,143,143,4,1,366.7132867132867,159.5175252830055,708.7972027972028,366.7132867132867,159.5175252830055,708.7972027972028,46.532984415389016,46.71326325993015,nan,nan,0.9486211476662547,0.005228905256737048,1.0,2.79608416557312,nan,nan,nan,nan,63.89053750038147,69.43168449401855,0.0,133.32222652435303
135,135,trpo,trpo_paper,trpo_paper,ALE/SpaceInvaders-v5,atari,0,1,1.0,13693342,101813,144,144,4,1,389.65277777777777,193.93463673520847,707.0347222222222,389.65277777777777,193.93463673520847,707.0347222222222,49.96712600551992,50.15605141288441,nan,nan,0.964574270430225,0.005727414062499276,1.0,2.9061264991760254,nan,nan,nan,nan,64.25118470191956,69.75343418121338,0.0,134.00462365150452
136,136,trpo,trpo_paper,trpo_paper,ALE/SpaceInvaders-v5,atari,0,1,1.0,13795567,102225,145,145,4,1,363.55172413793105,162.70866416260404,705.0,363.55172413793105,162.70866416260404,705.0,46.390970438982635,46.57840073978968,nan,nan,0.9475324446113047,0.00476613816609991,1.0,3.1375958919525146,nan,nan,nan,nan,64.78521847724915,70.1403214931488,0.0,134.92554473876953
137,137,trpo,trpo_paper,trpo_paper,ALE/SpaceInvaders-v5,atari,0,1,1.0,13896994,101427,154,154,4,1,338.57142857142856,152.49410706701744,658.6168831168832,338.57142857142856,152.49410706701744,658.6168831168832,45.79493995681623,45.9602631387599,nan,nan,0.9060557552707242,0.005242028723503087,1.0,2.6812100410461426,nan,nan,nan,nan,64.16609692573547,69.33128595352173,0.0,133.49738836288452
138,138,trpo,trpo_paper,trpo_paper,ALE/SpaceInvaders-v5,atari,0,1,1.0,13998471,101477,149,149,4,1,347.51677852348996,160.20186946545323,681.0536912751678,347.51677852348996,160.20186946545323,681.0536912751678,45.64150250795747,45.81870799540783,nan,nan,0.9172646981620527,0.004152883104823421,1.0,3.0077152252197266,nan,nan,nan,nan,63.41670274734497,69.35871696472168,0.0,132.7754249572754
139,139,trpo,trpo_paper,trpo_paper,ALE/SpaceInvaders-v5,atari,0,1,1.0,14099499,101028,145,145,4,1,378.44827586206895,170.57157183340078,696.744827586207,378.44827586206895,170.57157183340078,696.744827586207,48.90114923276221,49.133677281916896,nan,nan,0.9328679591765402,0.0058854626893111335,1.0,3.3890676498413086,nan,nan,nan,nan,63.11242604255676,69.18660712242126,0.0,132.2990381717682
140,140,trpo,trpo_paper,trpo_paper,ALE/SpaceInvaders-v5,atari,0,1,1.0,14200721,101222,144,144,4,1,388.9236111111111,170.31339902356441,702.9305555555555,388.9236111111111,170.31339902356441,702.9305555555555,49.82250276619707,50.00284183527297,nan,nan,0.9374429674456269,0.004184288621758351,1.0,3.0762646198272705,nan,nan,nan,nan,63.499512910842896,69.40313625335693,0.0,132.90266346931458
141,141,trpo,trpo_paper,trpo_paper,ALE/SpaceInvaders-v5,atari,0,1,1.0,14303092,102371,144,144,4,1,376.84027777777777,171.16912783018165,710.9097222222222,376.84027777777777,171.16912783018165,710.9097222222222,47.66873919371697,47.838897093659334,nan,nan,0.9310170267260137,0.00507878164318929,1.0,2.7129886150360107,nan,nan,nan,nan,64.17896628379822,70.07715892791748,0.0,134.2561297416687
142,142,trpo,trpo_paper,trpo_paper,ALE/SpaceInvaders-v5,atari,0,1,1.0,14405233,102141,135,135,4,1,417.81481481481484,189.8338527038134,756.6,417.81481481481484,189.8338527038134,756.6,50.11769606475362,50.314011085166584,nan,nan,0.9390850317552758,0.00514265760423359,1.0,3.2828452587127686,nan,nan,nan,nan,63.65765023231506,69.98168182373047,0.0,133.63933610916138
143,143,trpo,trpo_paper,trpo_paper,ALE/SpaceInvaders-v5,atari,0,1,1.0,14506506,101273,153,153,4,1,353.66013071895424,162.81430793378317,661.9150326797386,353.66013071895424,162.81430793378317,661.9150326797386,47.37930920630375,47.558380256830546,nan,nan,0.8958811820640434,0.004747574957094423,1.0,2.819610834121704,nan,nan,nan,nan,63.12237215042114,69.4800386428833,0.0,132.60241532325745
144,144,trpo,trpo_paper,trpo_paper,ALE/SpaceInvaders-v5,atari,0,1,1.0,14607215,100709,140,140,4,1,387.64285714285717,171.61256495076228,719.35,387.64285714285717,171.61256495076228,719.35,48.3569514020594,48.511959116116735,nan,nan,0.9199430335794219,0.004646404030484502,1.0,2.7389965057373047,nan,nan,nan,nan,62.987797021865845,68.96531009674072,0.0,131.953111410141
145,145,trpo,trpo_paper,trpo_paper,ALE/SpaceInvaders-v5,atari,0,1,1.0,14708400,101185,147,147,4,1,359.31972789115645,173.59997752259167,688.3333333333334,359.31972789115645,173.59997752259167,688.3333333333334,46.60179003804912,46.7786413808865,nan,nan,0.8926120395191975,0.005399673715673394,1.0,2.684161424636841,nan,nan,nan,nan,63.42628479003906,69.27242732048035,0.0,132.69871830940247
146,146,trpo,trpo_paper,trpo_paper,ALE/SpaceInvaders-v5,atari,0,1,1.0,14810091,101691,144,144,4,1,374.02777777777777,174.42193989657366,706.1875,374.02777777777777,174.42193989657366,706.1875,47.64614217334867,47.859086595667264,nan,nan,0.9081929119603136,0.005550127431023746,1.0,3.0317416191101074,nan,nan,nan,nan,63.1532461643219,69.59185123443604,0.0,132.74510192871094
147,147,trpo,trpo_paper,trpo_paper,ALE/SpaceInvaders-v5,atari,0,1,1.0,14912674,102583,143,143,4,1,390.0,171.80143848563745,717.3636363636364,390.0,171.80143848563745,717.3636363636364,48.98418612854957,49.18505000219334,nan,nan,0.9223424092411754,0.005251845597915998,1.0,3.066223621368408,nan,nan,nan,nan,63.869587659835815,70.19759774208069,0.0,134.0671901702881
148,148,trpo,trpo_paper,trpo_paper,ALE/SpaceInvaders-v5,atari,0,1,1.0,15015214,102540,142,142,4,1,382.78169014084506,165.69372374137853,722.112676056338,382.78169014084506,165.69372374137853,722.112676056338,47.561949300273064,47.746143273356736,nan,nan,0.9075329644605155,0.0050022736669308974,1.0,3.0069758892059326,nan,nan,nan,nan,63.51108384132385,70.13139319419861,0.0,133.64248132705688
149,149,trpo,trpo_paper,trpo_paper,ALE/SpaceInvaders-v5,atari,0,1,1.0,15116065,100851,149,149,4,1,362.81879194630875,174.03166624185508,676.8523489932886,362.81879194630875,174.03166624185508,676.8523489932886,47.71293913793616,47.90601667311182,nan,nan,0.8962568919355658,0.0069463894276925045,1.0,2.77968692779541,nan,nan,nan,nan,62.68027353286743,69.02979135513306,0.0,131.71006989479065
150,150,trpo,trpo_paper,trpo_paper,ALE/SpaceInvaders-v5,atari,0,1,1.0,15218483,102418,146,146,4,1,370.44520547945206,164.02985991204773,701.4931506849315,370.44520547945206,164.02985991204773,701.4931506849315,47.194620940654964,47.417436845818116,nan,nan,0.8913464064887581,0.006225668361230123,1.0,3.0367164611816406,nan,nan,nan,nan,64.25679659843445,70.09493255615234,0.0019190311431884766,134.3536536693573
151,151,trpo,trpo_paper,trpo_paper,ALE/SpaceInvaders-v5,atari,0,1,1.0,15320070,101587,142,142,4,1,385.28169014084506,158.89115621677624,715.4014084507043,385.28169014084506,158.89115621677624,715.4014084507043,48.13655398205479,48.33746966885527,nan,nan,0.9117347081696292,0.005567235011019646,1.0,3.097295045852661,nan,nan,nan,nan,63.85442304611206,69.51502752304077,0.0,133.36945486068726
152,152,trpo,trpo_paper,trpo_paper,ALE/SpaceInvaders-v5,atari,0,1,1.0,15421784,101714,151,151,4,1,354.0066225165563,158.81704650565075,673.6026490066225,354.0066225165563,158.81704650565075,673.6026490066225,46.55468611744696,46.7353759684016,nan,nan,0.9088271316740444,0.004821370534515615,1.0,2.9740383625030518,nan,nan,nan,nan,63.90445137023926,69.68153524398804,0.0,133.58599090576172
153,153,trpo,trpo_paper,trpo_paper,ALE/SpaceInvaders-v5,atari,0,1,1.0,15522587,100803,148,148,4,1,377.19594594594594,171.37384686401262,681.1013513513514,377.19594594594594,171.37384686401262,681.1013513513514,49.18392317502951,49.34748175277522,nan,nan,0.9307911377885579,0.004968698516158943,1.0,2.849161148071289,nan,nan,nan,nan,63.30610466003418,69.16186666488647,0.0,132.46797561645508
154,154,trpo,trpo_paper,trpo_paper,ALE/SpaceInvaders-v5,atari,0,1,1.0,15624520,101933,152,152,4,1,361.2171052631579,179.058205685189,670.6118421052631,361.2171052631579,179.058205685189,670.6118421052631,47.81136383703021,47.991849578890054,nan,nan,0.9250563463715137,0.004522370221297501,1.0,3.014714479446411,nan,nan,nan,nan,63.477118253707886,69.76182913780212,0.0,133.2389531135559
155,155,trpo,trpo_paper,trpo_paper,ALE/SpaceInvaders-v5,atari,0,1,1.0,15725518,100998,149,149,4,1,363.12080536912754,164.46524745619632,677.8389261744967,363.12080536912754,164.46524745619632,677.8389261744967,47.666141903800074,47.84975661646765,nan,nan,0.94394215262926,0.004821523990389216,1.0,3.067009925842285,nan,nan,nan,nan,63.25896430015564,69.19819045066833,0.0,132.45715999603271
156,156,trpo,trpo_paper,trpo_paper,ALE/SpaceInvaders-v5,atari,0,1,1.0,15827441,101923,148,148,4,1,379.1216216216216,189.91615879209255,688.668918918919,379.1216216216216,189.91615879209255,688.668918918919,49.02483768383976,49.21074349631585,nan,nan,0.9423672595327784,0.005484481253987287,1.0,2.8621718883514404,nan,nan,nan,nan,63.97717809677124,69.72748804092407,0.0,133.70467162132263
157,157,trpo,trpo_paper,trpo_paper,ALE/SpaceInvaders-v5,atari,0,1,1.0,15928508,101067,141,141,4,1,391.41843971631204,171.24422259875524,716.7872340425532,391.41843971631204,171.24422259875524,716.7872340425532,48.67838414121326,48.869289369922924,nan,nan,0.9499324096654324,0.0056192883514198854,1.0,2.840970754623413,nan,nan,nan,nan,63.29283285140991,69.21109890937805,0.0,132.50393629074097
158,158,trpo,trpo_paper,trpo_paper,ALE/SpaceInvaders-v5,atari,0,1,1.0,16029595,101087,146,146,4,1,381.06164383561645,190.0947933179993,692.3767123287671,381.06164383561645,190.0947933179993,692.3767123287671,49.26520209695609,49.45677454816148,nan,nan,0.9488449325364537,0.005780353889778285,1.0,2.933614492416382,nan,nan,nan,nan,64.41199588775635,69.28207731246948,0.0,133.6940793991089
159,159,trpo,trpo_paper,trpo_paper,ALE/SpaceInvaders-v5,atari,0,1,1.0,16131001,101406,143,143,4,1,390.97902097902096,187.50595211182818,709.1328671328671,390.97902097902096,187.50595211182818,709.1328671328671,49.24442802940654,49.43496840670177,nan,nan,0.9219342571761348,0.00656922399433477,1.0,2.724330425262451,nan,nan,nan,nan,63.82041954994202,69.37757706642151,0.0,133.1980016231537
160,160,trpo,trpo_paper,trpo_paper,ALE/SpaceInvaders-v5,atari,0,1,1.0,16233543,102542,147,147,4,1,384.2517006802721,178.597477853824,697.5646258503401,384.2517006802721,178.597477853824,697.5646258503401,49.41398585457666,49.61018411967779,nan,nan,0.9133107858205357,0.00573303256684046,1.0,2.966383695602417,nan,nan,nan,nan,64.20431280136108,70.164311170578,0.0,134.36862921714783
161,161,trpo,trpo_paper,trpo_paper,ALE/SpaceInvaders-v5,atari,0,1,1.0,16335125,101582,138,138,4,1,400.94202898550725,179.8344153081288,736.1014492753624,400.94202898550725,179.8344153081288,736.1014492753624,49.03609045524798,49.223119468754305,nan,nan,0.935467178763216,0.005251160093314593,1.0,2.9560701847076416,nan,nan,nan,nan,63.23047614097595,69.59272599220276,0.0,132.82320713996887
162,162,trpo,trpo_paper,trpo_paper,ALE/SpaceInvaders-v5,atari,0,1,1.0,16436448,101323,138,138,4,1,408.3333333333333,194.6432386140455,734.2246376811594,408.3333333333333,194.6432386140455,734.2246376811594,50.19763050467317,50.4012419595008,nan,nan,0.921791741162853,0.005742466392802813,1.0,3.304734230041504,nan,nan,nan,nan,63.218427896499634,69.33487391471863,0.0,132.5533058643341
163,163,trpo,trpo_paper,trpo_paper,ALE/SpaceInvaders-v5,atari,0,1,1.0,16537931,101483,145,145,4,1,385.51724137931035,153.15725988166207,699.8827586206896,385.51724137931035,153.15725988166207,699.8827586206896,49.53617046697477,49.73428369776219,nan,nan,0.9056744773832194,0.005542595219785694,1.0,3.032057285308838,nan,nan,nan,nan,63.155269622802734,69.42286920547485,0.0,132.578143119812
164,164,trpo,trpo_paper,trpo_paper,ALE/SpaceInvaders-v5,atari,0,1,1.0,16639838,101907,144,144,4,1,383.4375,170.38912649310498,707.6875,383.4375,170.38912649310498,707.6875,48.59631361192067,48.78629504106686,nan,nan,0.9078454200659056,0.006019311529139281,1.0,2.7016215324401855,nan,nan,nan,nan,64.41714787483215,69.72250843048096,0.0,134.1396610736847
165,165,trpo,trpo_paper,trpo_paper,ALE/SpaceInvaders-v5,atari,0,1,1.0,16740937,101099,143,143,4,1,387.93706293706293,172.05903267262894,706.986013986014,387.93706293706293,172.05903267262894,706.986013986014,48.920068756862086,49.11182974114482,nan,nan,0.8971988447547392,0.006089887558201392,1.0,2.6559810638427734,nan,nan,nan,nan,62.791916847229004,69.12165474891663,0.0,131.9135754108429
166,166,trpo,trpo_paper,trpo_paper,ALE/SpaceInvaders-v5,atari,0,1,1.0,16842433,101496,141,141,4,1,395.2482269503546,198.87745811911444,719.8297872340426,395.2482269503546,198.87745811911444,719.8297872340426,49.06014753660243,49.27104593407622,nan,nan,0.9026083367047716,0.006273400827319127,1.0,3.085862636566162,nan,nan,nan,nan,63.66321158409119,69.57072138786316,0.0,133.23393726348877
167,167,trpo,trpo_paper,trpo_paper,ALE/SpaceInvaders-v5,atari,0,1,1.0,16944204,101771,142,142,4,1,408.7323943661972,166.57320496579536,716.6971830985915,408.7323943661972,166.57320496579536,716.6971830985915,51.14021998531016,51.34035297383341,nan,nan,0.8822542086292386,0.005603818431815044,1.0,2.9984235763549805,nan,nan,nan,nan,63.4023802280426,69.63832068443298,0.0,133.04070568084717
168,168,trpo,trpo_paper,trpo_paper,ALE/SpaceInvaders-v5,atari,0,1,1.0,17046132,101928,139,139,4,1,426.0071942446043,170.49776877389317,733.294964028777,426.0071942446043,170.49776877389317,733.294964028777,52.42133203094341,52.628546927733304,nan,nan,0.8837651940700482,0.004963290734773127,1.0,3.3005926609039307,nan,nan,nan,nan,63.58051657676697,69.72153043746948,0.0,133.30205154418945
169,169,trpo,trpo_paper,trpo_paper,ALE/SpaceInvaders-v5,atari,0,1,1.0,17147792,101660,140,140,4,1,429.64285714285717,161.73793050260446,726.1428571428571,429.64285714285717,161.73793050260446,726.1428571428571,53.213752951013184,53.43821884836711,nan,nan,0.8636833015305307,0.007089031560626083,1.0,2.8684158325195312,nan,nan,nan,nan,63.484978914260864,69.68013048171997,0.0,133.16511416435242
170,170,trpo,trpo_paper,trpo_paper,ALE/SpaceInvaders-v5,atari,0,1,1.0,17249239,101447,144,144,4,1,397.0486111111111,172.36650752027685,704.4930555555555,397.0486111111111,172.36650752027685,704.4930555555555,50.36423267814721,50.599322953118374,nan,nan,0.8248130003189781,0.006044473567302073,1.0,2.9809889793395996,nan,nan,nan,nan,63.29823660850525,69.34641909599304,0.0,132.64466047286987
171,171,trpo,trpo_paper,trpo_paper,ALE/SpaceInvaders-v5,atari,0,1,1.0,17350431,101192,139,139,4,1,410.6474820143885,180.8322432297445,728.0,410.6474820143885,180.8322432297445,728.0,50.71462881206024,50.90107157062811,nan,nan,0.8582033459985102,0.004782843727813423,1.0,3.02091121673584,nan,nan,nan,nan,63.14163637161255,69.32061696052551,0.0,132.46225833892822
172,172,trpo,trpo_paper,trpo_paper,ALE/SpaceInvaders-v5,atari,0,1,1.0,17450889,100458,138,138,4,1,413.04347826086956,186.22239585596702,727.9565217391304,413.04347826086956,186.22239585596702,727.9565217391304,51.01432781610225,51.21544031460909,nan,nan,0.8651451644437228,0.005759127469449931,1.0,3.1187400817871094,nan,nan,nan,nan,62.16583275794983,68.73890113830566,0.0,130.90473914146423
173,173,trpo,trpo_paper,trpo_paper,ALE/SpaceInvaders-v5,atari,0,1,1.0,17551967,101078,147,147,4,1,385.4761904761905,169.42212038362476,687.6054421768707,385.4761904761905,169.42212038362476,687.6054421768707,49.84384986099844,50.040284792437525,nan,nan,0.8435770982558024,0.00620157128543724,1.0,2.6805074214935303,nan,nan,nan,nan,62.62554931640625,69.26006197929382,0.0,131.88561606407166
174,174,trpo,trpo_paper,trpo_paper,ALE/SpaceInvaders-v5,atari,0,1,1.0,17654793,102826,146,146,4,1,413.56164383561645,190.42216878404963,704.2876712328767,413.56164383561645,190.42216878404963,704.2876712328767,52.30431931126369,52.49694781718632,nan,nan,0.8610645625331264,0.0055939806476979536,1.0,2.999476671218872,nan,nan,nan,nan,64.1793601512909,70.31157231330872,0.0,134.4909372329712
175,175,trpo,trpo_paper,trpo_paper,ALE/SpaceInvaders-v5,atari,0,1,1.0,17755728,100935,141,141,4,1,393.82978723404256,191.6341060513039,715.8510638297872,393.82978723404256,191.6341060513039,715.8510638297872,49.00919542898895,49.220027431019965,nan,nan,0.8738751825703114,0.007105305758556097,1.0,2.792844295501709,nan,nan,nan,nan,63.312427043914795,69.07113361358643,0.0019164085388183594,132.38548302650452
176,176,trpo,trpo_paper,trpo_paper,ALE/SpaceInvaders-v5,atari,0,1,1.0,17856922,101194,136,136,4,1,431.9485294117647,179.9981339712484,744.0735294117648,431.9485294117647,179.9981339712484,744.0735294117648,52.22907592717948,52.42418244905824,nan,nan,0.8493755747777784,0.005575786736152583,1.0,2.9103424549102783,nan,nan,nan,nan,62.91699934005737,69.14836502075195,0.0,132.0653691291809
177,177,trpo,trpo_paper,trpo_paper,ALE/SpaceInvaders-v5,atari,0,1,1.0,17958545,101623,137,137,4,1,438.2846715328467,182.36327540816117,741.7737226277372,438.2846715328467,182.36327540816117,741.7737226277372,53.12470755882035,53.39338704697755,nan,nan,0.8375724395406305,0.006770860541069335,1.0,3.3580753803253174,nan,nan,nan,nan,63.01525926589966,69.54871463775635,0.0,132.56397771835327
178,178,trpo,trpo_paper,trpo_paper,ALE/SpaceInvaders-v5,atari,0,1,1.0,18060404,101859,144,144,4,1,407.22222222222223,169.00010044558343,707.3541666666666,407.22222222222223,169.00010044558343,707.3541666666666,51.50911278090301,51.71541742138643,nan,nan,0.8246547248179775,0.006385072543751169,1.0,2.787390947341919,nan,nan,nan,nan,63.323426485061646,69.62392020225525,0.0,132.94735193252563
179,179,trpo,trpo_paper,trpo_paper,ALE/SpaceInvaders-v5,atari,0,1,1.0,18161150,100746,144,144,4,1,397.77777777777777,182.18559083026528,699.625,397.77777777777777,182.18559083026528,699.625,50.848447612064,51.05121900000992,nan,nan,0.8296448363373298,0.006369128464270115,1.0,2.7789440155029297,nan,nan,nan,nan,62.81349992752075,68.9953441619873,0.0,131.80884885787964
180,180,trpo,trpo_paper,trpo_paper,ALE/SpaceInvaders-v5,atari,0,1,1.0,18262068,100918,140,140,4,1,419.57142857142856,194.15152929227887,720.8428571428572,419.57142857142856,194.15152929227887,720.8428571428572,52.27753922119939,52.49038095904596,nan,nan,0.8414169980129288,0.006611014721485927,1.0,2.8987507820129395,nan,nan,nan,nan,62.418028831481934,69.23221564292908,0.0,131.650249004364
181,181,trpo,trpo_paper,trpo_paper,ALE/SpaceInvaders-v5,atari,0,1,1.0,18363450,101382,144,144,4,1,412.0833333333333,165.5949920404868,704.0416666666666,412.0833333333333,165.5949920404868,704.0416666666666,52.32947046813044,52.544155551527886,nan,nan,0.8358430484840135,0.007689830569254928,1.0,2.664473533630371,nan,nan,nan,nan,63.59386444091797,69.47434544563293,0.0,133.06821417808533
182,182,trpo,trpo_paper,trpo_paper,ALE/SpaceInvaders-v5,atari,0,1,1.0,18464863,101413,136,136,4,1,436.47058823529414,172.6620271094265,745.6838235294117,436.47058823529414,172.6620271094265,745.6838235294117,52.6283701916914,52.82640539181367,nan,nan,0.8365252112648279,0.0059211413208407546,1.0,2.9142489433288574,nan,nan,nan,nan,62.91015577316284,69.43196177482605,0.0,132.34212255477905
183,183,trpo,trpo_paper,trpo_paper,ALE/SpaceInvaders-v5,atari,0,1,1.0,18566976,102113,146,146,4,1,393.4246575342466,195.277071707028,699.4041095890411,393.4246575342466,195.277071707028,699.4041095890411,50.00457061050013,50.21614504274676,nan,nan,0.8224847402127422,0.007388444940247544,1.0,2.481905460357666,nan,nan,nan,nan,65.02187037467957,69.82426166534424,0.0,134.8461377620697
184,184,trpo,trpo_paper,trpo_paper,ALE/SpaceInvaders-v5,atari,0,1,1.0,18669287,102311,142,142,4,1,414.96478873239437,192.51348633833024,720.5,414.96478873239437,192.51348633833024,720.5,51.47370120270548,51.68701129399576,nan,nan,0.8164751747276686,0.006216607211384104,1.0,3.099689483642578,nan,nan,nan,nan,63.923402070999146,70.01638269424438,0.0,133.9397897720337
185,185,trpo,trpo_paper,trpo_paper,ALE/SpaceInvaders-v5,atari,0,1,1.0,18771096,101809,143,143,4,1,410.83916083916085,181.14726267355238,711.951048951049,410.83916083916085,181.14726267355238,711.951048951049,51.47494956855484,51.7037187895962,nan,nan,0.8342602391104298,0.006407085528209207,1.0,3.0932209491729736,nan,nan,nan,nan,64.07099294662476,69.67041420936584,0.0,133.74141120910645
186,186,trpo,trpo_paper,trpo_paper,ALE/SpaceInvaders-v5,atari,0,1,1.0,18871841,100745,142,142,4,1,413.3098591549296,191.55579421454016,709.4718309859155,413.3098591549296,191.55579421454016,709.4718309859155,51.91555334631992,52.13460399709663,nan,nan,0.826968295185245,0.006566286114367069,1.0,2.8896327018737793,nan,nan,nan,nan,63.01092863082886,68.91840171813965,0.0,131.92933559417725
187,187,trpo,trpo_paper,trpo_paper,ALE/SpaceInvaders-v5,atari,0,1,1.0,18973763,101922,137,137,4,1,428.86861313868616,187.1969499376521,743.956204379562,428.86861313868616,187.1969499376521,743.956204379562,51.62833005877043,51.82355042336297,nan,nan,0.8413369429218851,0.0065201452553913485,1.0,2.4825685024261475,nan,nan,nan,nan,63.39900469779968,69.8763861656189,0.0,133.275395154953
188,188,trpo,trpo_paper,trpo_paper,ALE/SpaceInvaders-v5,atari,0,1,1.0,19074692,100929,144,144,4,1,408.09027777777777,175.98038531776632,700.8958333333334,408.09027777777777,175.98038531776632,700.8958333333334,51.948999730008225,52.173306854323336,nan,nan,0.8204428684667873,0.005804517439655626,1.0,3.116832733154297,nan,nan,nan,nan,62.95902872085571,69.13999605178833,0.0,132.09902930259705
189,189,trpo,trpo_paper,trpo_paper,ALE/SpaceInvaders-v5,atari,0,1,1.0,19176135,101443,140,140,4,1,425.32142857142856,178.92756985747624,724.5928571428572,425.32142857142856,178.92756985747624,724.5928571428572,52.571375674023834,52.801656164052716,nan,nan,0.8236597413002252,0.006227337693852831,1.0,3.348381519317627,nan,nan,nan,nan,63.439595222473145,69.36564946174622,0.0,132.80524945259094
190,190,trpo,trpo_paper,trpo_paper,ALE/SpaceInvaders-v5,atari,0,1,1.0,19277381,101246,136,136,4,1,444.70588235294116,197.7565019994159,744.4558823529412,444.70588235294116,197.7565019994159,744.4558823529412,53.72291034954468,53.9423941748316,nan,nan,0.8047834745670508,0.006076706457345038,1.0,3.036928415298462,nan,nan,nan,nan,63.29560446739197,69.25008702278137,0.0,132.54569625854492
191,191,trpo,trpo_paper,trpo_paper,ALE/SpaceInvaders-v5,atari,0,1,1.0,19378629,101248,144,144,4,1,409.65277777777777,181.33537527359982,703.1111111111111,409.65277777777777,181.33537527359982,703.1111111111111,51.83478562539507,52.02868050480009,nan,nan,0.8066014990342402,0.005075296578992408,1.0,3.104451894760132,nan,nan,nan,nan,63.414801597595215,69.37168741226196,0.0,132.7864944934845
192,192,trpo,trpo_paper,trpo_paper,ALE/SpaceInvaders-v5,atari,0,1,1.0,19480261,101632,140,140,4,1,442.85714285714283,178.68282239881978,725.9428571428572,442.85714285714283,178.68282239881978,725.9428571428572,54.714442639867364,54.94927132940413,nan,nan,0.8092457269240987,0.006458197944382351,1.0,3.17789888381958,nan,nan,nan,nan,63.386903524398804,69.65907382965088,0.0,133.04598236083984
193,193,trpo,trpo_paper,trpo_paper,ALE/SpaceInvaders-v5,atari,0,1,1.0,19581863,101602,142,142,4,1,427.0422535211268,176.7499575966416,715.5070422535211,427.0422535211268,176.7499575966416,715.5070422535211,53.34203682014134,53.569541876636286,nan,nan,0.7793880030197486,0.006904484120119258,1.0,3.0120606422424316,nan,nan,nan,nan,64.78823590278625,69.59730553627014,0.0,134.38554620742798
194,194,trpo,trpo_paper,trpo_paper,ALE/SpaceInvaders-v5,atari,0,1,1.0,19682902,101039,140,140,4,1,437.85714285714283,210.65556082411507,721.7071428571429,437.85714285714283,210.65556082411507,721.7071428571429,54.16471517186433,54.389312233395025,nan,nan,0.7676393794355552,0.006321708771292558,1.0,3.2306747436523438,nan,nan,nan,nan,62.84137463569641,69.20517325401306,0.0,132.0465521812439
195,195,trpo,trpo_paper,trpo_paper,ALE/SpaceInvaders-v5,atari,0,1,1.0,19785044,102142,132,132,4,1,464.77272727272725,173.1043034192361,773.8030303030303,464.77272727272725,173.1043034192361,773.8030303030303,54.107291809441755,54.29685847888234,nan,nan,0.7994348769092599,0.0055145030863734375,1.0,3.06284499168396,nan,nan,nan,nan,63.60635209083557,69.92065477371216,0.0,133.52701139450073
196,196,trpo,trpo_paper,trpo_paper,ALE/SpaceInvaders-v5,atari,0,1,1.0,19887060,102016,137,137,4,1,465.3649635036496,211.3880396285262,744.6423357664233,465.3649635036496,211.3880396285262,744.6423357664233,56.37309282367472,56.61530467647232,nan,nan,0.7640720496662289,0.007127876246261552,1.0,3.266490936279297,nan,nan,nan,nan,63.83845806121826,69.95905804634094,0.0,133.79752039909363
197,197,trpo,trpo_paper,trpo_paper,ALE/SpaceInvaders-v5,atari,0,1,1.0,19988611,101551,132,132,4,1,474.6212121212121,173.73200932815297,769.3257575757576,474.6212121212121,173.73200932815297,769.3257575757576,55.58464881561974,55.81132709796063,nan,nan,0.7580091232253375,0.0061276566138742375,1.0,3.3109371662139893,nan,nan,nan,nan,63.11006760597229,69.38863611221313,0.0,132.49870944023132
198,198,trpo,trpo_paper,trpo_paper,ALE/SpaceInvaders-v5,atari,0,1,1.0,20090302,101691,140,140,4,1,454.14285714285717,167.34368277071383,726.3642857142858,454.14285714285717,167.34368277071383,726.3642857142858,56.03957715653303,56.27140123019736,nan,nan,0.7307880503383104,0.007843301323326935,1.0,2.9056949615478516,nan,nan,nan,nan,63.78640937805176,69.47246527671814,0.0,133.25887966156006
199,199,trpo,trpo_paper,trpo_paper,ALE/SpaceInvaders-v5,atari,0,1,1.0,20191318,101016,146,146,4,1,412.2945205479452,179.68877842888043,691.8904109589041,412.2945205479452,179.68877842888043,691.8904109589041,53.03047119391977,53.2494361969886,nan,nan,0.707062772988159,0.0065621782003593525,1.0,2.8435988426208496,nan,nan,nan,nan,63.032559633255005,69.02445578575134,0.0,132.05701994895935
200,200,trpo,trpo_paper,trpo_paper,ALE/SpaceInvaders-v5,atari,0,1,1.0,20293635,102317,135,135,4,1,460.0740740740741,184.3697825980542,757.9037037037037,460.0740740740741,184.3697825980542,757.9037037037037,54.474986744626996,54.70861116676603,nan,nan,0.737177032473984,0.006157011999652936,1.0,3.4041876792907715,nan,nan,nan,nan,63.6490797996521,70.07817482948303,0.0020914077758789062,133.72935128211975
201,201,trpo,trpo_paper,trpo_paper,ALE/SpaceInvaders-v5,atari,0,1,1.0,20394622,100987,133,133,4,1,472.593984962406,176.1051052187871,759.3007518796992,472.593984962406,176.1051052187871,759.3007518796992,56.195917853288044,56.42709635584283,nan,nan,0.7423934675881858,0.005935326417527952,1.0,3.3758370876312256,nan,nan,nan,nan,63.125526905059814,69.18174362182617,0.0,132.3072793483734
202,202,trpo,trpo_paper,trpo_paper,ALE/SpaceInvaders-v5,atari,0,1,1.0,20496291,101669,137,137,4,1,445.985401459854,177.57987759194103,742.1094890510949,445.985401459854,177.57987759194103,742.1094890510949,53.89363369119397,54.10123722570302,nan,nan,0.7257165073132543,0.00634042086580659,1.0,2.9077134132385254,nan,nan,nan,nan,63.4750611782074,69.59079480171204,0.0,133.06586027145386
203,203,trpo,trpo_paper,trpo_paper,ALE/SpaceInvaders-v5,atari,0,1,1.0,20597662,101371,134,134,4,1,477.76119402985074,190.0172489854727,756.5,477.76119402985074,190.0172489854727,756.5,56.88424666571307,57.12909911365183,nan,nan,0.7321881602834514,0.0064647504380439804,1.0,3.1447997093200684,nan,nan,nan,nan,62.88180446624756,69.40100073814392,0.0,132.2828094959259
204,204,trpo,trpo_paper,trpo_paper,ALE/SpaceInvaders-v5,atari,0,1,1.0,20699244,101582,136,136,4,1,451.1029411764706,184.33673947632155,746.9264705882352,451.1029411764706,184.33673947632155,746.9264705882352,54.27022503986927,54.51171682729224,nan,nan,0.7336721830177837,0.00721843849298018,1.0,2.991457223892212,nan,nan,nan,nan,63.24205565452576,69.5416808128357,0.0,132.7837417125702
205,205,trpo,trpo_paper,trpo_paper,ALE/SpaceInvaders-v5,atari,0,1,1.0,20801146,101902,134,134,4,1,484.73880597014926,194.9725556310953,760.4626865671642,484.73880597014926,194.9725556310953,760.4626865671642,57.49880921130105,57.73978338256364,nan,nan,0.7543452919992983,0.006666782163771932,1.0,3.1385414600372314,nan,nan,nan,nan,63.78638005256653,69.72219371795654,0.0,133.50858783721924
206,206,trpo,trpo_paper,trpo_paper,ALE/SpaceInvaders-v5,atari,0,1,1.0,20902145,100999,132,132,4,1,463.4469696969697,186.31812621826126,765.1439393939394,463.4469696969697,186.31812621826126,765.1439393939394,54.472899948266814,54.704637236507295,nan,nan,0.7525395420839562,0.0069354387022296906,1.0,3.0109565258026123,nan,nan,nan,nan,62.68076038360596,69.17516350746155,0.0,131.85592913627625
207,207,trpo,trpo_paper,trpo_paper,ALE/SpaceInvaders-v5,atari,0,1,1.0,21004209,102064,138,138,4,1,453.6231884057971,183.81599979636815,739.5942028985507,453.6231884057971,183.81599979636815,739.5942028985507,55.135130438989265,55.358657925419344,nan,nan,0.7690581677381961,0.005651707496075916,1.0,3.2485291957855225,nan,nan,nan,nan,63.436238288879395,69.89744973182678,0.0,133.3336923122406
208,208,trpo,trpo_paper,trpo_paper,ALE/SpaceInvaders-v5,atari,0,1,1.0,21106256,102047,134,134,4,1,451.7164179104478,188.3858224194729,761.544776119403,451.7164179104478,188.3858224194729,761.544776119403,53.242413728478056,53.44969964820132,nan,nan,0.7537591703876338,0.00688585692310027,1.0,2.83236026763916,nan,nan,nan,nan,64.1303403377533,69.86347246170044,0.0,133.99381756782532
209,209,trpo,trpo_paper,trpo_paper,ALE/SpaceInvaders-v5,atari,0,1,1.0,21208218,101962,133,133,4,1,471.2781954887218,194.4479888083982,766.6315789473684,471.2781954887218,194.4479888083982,766.6315789473684,55.48356725422216,55.70584859432926,nan,nan,0.7419991255933583,0.005516598080624953,1.0,3.2741525173187256,nan,nan,nan,nan,64.32839107513428,69.74678945541382,0.0,134.07518529891968
210,210,trpo,trpo_paper,trpo_paper,ALE/SpaceInvaders-v5,atari,0,1,1.0,21308733,100515,135,135,4,1,469.0740740740741,179.9188965279811,744.5555555555555,469.0740740740741,179.9188965279811,744.5555555555555,56.716391210267126,56.94151090633239,nan,nan,0.7265671404085366,0.005975406976307467,1.0,3.3469414710998535,nan,nan,nan,nan,62.02576518058777,68.67274594306946,0.0,130.69851541519165
211,211,trpo,trpo_paper,trpo_paper,ALE/SpaceInvaders-v5,atari,0,1,1.0,21410504,101771,138,138,4,1,459.963768115942,186.38484455945843,737.4710144927536,459.963768115942,186.38484455945843,737.4710144927536,56.092036440881984,56.31682757735504,nan,nan,0.7306697700136827,0.0055373105856648605,1.0,3.4065210819244385,nan,nan,nan,nan,63.447901248931885,69.559805393219,0.0,133.00771188735962
212,212,trpo,trpo_paper,trpo_paper,ALE/SpaceInvaders-v5,atari,0,1,1.0,21511919,101415,140,140,4,1,459.5357142857143,189.29464601568654,724.3928571428571,459.5357142857143,189.29464601568654,724.3928571428571,57.1593620581275,57.39415304688656,nan,nan,0.7252827086568802,0.005496041319586797,1.0,3.453949451446533,nan,nan,nan,nan,63.07457780838013,69.45961451530457,0.0,132.5341968536377
213,213,trpo,trpo_paper,trpo_paper,ALE/SpaceInvaders-v5,atari,0,1,1.0,21613772,101853,137,137,4,1,463.57664233576645,172.32094155869447,743.4525547445255,463.57664233576645,172.32094155869447,743.4525547445255,55.91646079398741,56.13827633329406,nan,nan,0.7267483817824463,0.006682857797169197,1.0,3.062046766281128,nan,nan,nan,nan,64.89018559455872,69.74725794792175,0.0,134.6374475955963
214,214,trpo,trpo_paper,trpo_paper,ALE/SpaceInvaders-v5,atari,0,1,1.0,21715105,101333,137,137,4,1,452.18978102189783,181.68600221046785,739.6569343065694,452.18978102189783,181.68600221046785,739.6569343065694,54.78305006759891,54.9991562472245,nan,nan,0.7061201623761509,0.005227495219738468,1.0,3.489511251449585,nan,nan,nan,nan,63.40159249305725,69.36684107780457,0.0,132.76843762397766
215,215,trpo,trpo_paper,trpo_paper,ALE/SpaceInvaders-v5,atari,0,1,1.0,21817683,102578,129,129,4,1,512.2480620155038,189.45347881677736,795.1782945736434,512.2480620155038,189.45347881677736,795.1782945736434,58.3498840516485,58.63456924243015,nan,nan,0.7219353237597244,0.006322420174150104,1.0,3.5985076427459717,nan,nan,nan,nan,64.62707281112671,70.22396421432495,0.0,134.8510410785675
216,216,trpo,trpo_paper,trpo_paper,ALE/SpaceInvaders-v5,atari,0,1,1.0,21919388,101705,137,137,4,1,479.5255474452555,186.17733796610574,742.3722627737226,479.5255474452555,186.17733796610574,742.3722627737226,58.0539375522344,58.30049376874293,nan,nan,0.7337915565967442,0.006348808441091534,1.0,3.4432268142700195,nan,nan,nan,nan,63.03226709365845,69.57257509231567,0.0,132.60484647750854
217,217,trpo,trpo_paper,trpo_paper,ALE/SpaceInvaders-v5,atari,0,1,1.0,22019615,100227,133,133,4,1,477.18045112781954,201.47049018363478,753.5864661654135,477.18045112781954,201.47049018363478,753.5864661654135,56.99018594976902,57.19760378316222,nan,nan,0.7028403811921158,0.005328956444164656,1.0,3.260420083999634,nan,nan,nan,nan,62.15414786338806,68.61472153663635,0.0,130.76887369155884
218,218,trpo,trpo_paper,trpo_paper,ALE/SpaceInvaders-v5,atari,0,1,1.0,22121890,102275,137,137,4,1,470.2919708029197,180.7998918263977,746.5328467153284,470.2919708029197,180.7998918263977,746.5328467153284,56.62723249205573,56.88698346981178,nan,nan,0.7193406257638719,0.00645584688455675,1.0,3.433180809020996,nan,nan,nan,nan,63.50344467163086,69.93336486816406,0.0,133.43681406974792
219,219,trpo,trpo_paper,trpo_paper,ALE/SpaceInvaders-v5,atari,0,1,1.0,22223762,101872,132,132,4,1,481.9318181818182,185.0845913556833,771.7575757575758,481.9318181818182,185.0845913556833,771.7575757575758,56.30576575261112,56.52952540933721,nan,nan,0.763830257731516,0.006989778975676906,1.0,2.987976551055908,nan,nan,nan,nan,63.62844657897949,69.73828077316284,0.0,133.36673283576965
220,220,trpo,trpo_paper,trpo_paper,ALE/SpaceInvaders-v5,atari,0,1,1.0,22325757,101995,135,135,4,1,452.25925925925924,172.0623471395035,755.5185185185185,452.25925925925924,172.0623471395035,755.5185185185185,53.63466867248395,53.83843049904407,nan,nan,0.7775656942818888,0.005656845905409019,1.0,2.8497931957244873,nan,nan,nan,nan,63.55068039894104,69.83697652816772,0.0,133.38766193389893
221,221,trpo,trpo_paper,trpo_paper,ALE/SpaceInvaders-v5,atari,0,1,1.0,22427185,101428,138,138,4,1,463.6231884057971,191.94444406448804,734.9855072463768,463.6231884057971,191.94444406448804,734.9855072463768,56.63235219811097,56.89952031860039,nan,nan,0.7630759560122081,0.0070098392264789314,1.0,3.4529387950897217,nan,nan,nan,nan,62.96380376815796,69.429203748703,0.0,132.3930115699768
222,222,trpo,trpo_paper,trpo_paper,ALE/SpaceInvaders-v5,atari,0,1,1.0,22528805,101620,136,136,4,1,458.2352941176471,187.08535466678265,747.2058823529412,458.2352941176471,187.08535466678265,747.2058823529412,55.195976431804766,55.43352194449911,nan,nan,0.7714706183652947,0.005936784736806249,1.0,3.351412773132324,nan,nan,nan,nan,63.581374406814575,69.62410354614258,0.0,133.20548295974731
223,223,trpo,trpo_paper,trpo_paper,ALE/SpaceInvaders-v5,atari,0,1,1.0,22629770,100965,135,135,4,1,444.7037037037037,183.29773691088758,747.8888888888889,444.7037037037037,183.29773691088758,747.8888888888889,53.16666898801565,53.36884099688011,nan,nan,0.7649106943193495,0.005762554712628423,1.0,2.9094834327697754,nan,nan,nan,nan,63.09337615966797,69.13041734695435,0.0,132.2237992286682
224,224,trpo,trpo_paper,trpo_paper,ALE/SpaceInvaders-v5,atari,0,1,1.0,22732085,102315,138,138,4,1,464.27536231884056,178.90523635680208,741.4130434782609,464.27536231884056,178.90523635680208,741.4130434782609,56.29877706103699,56.54799577285833,nan,nan,0.7611007662839637,0.006633775776501286,1.0,3.193668842315674,nan,nan,nan,nan,63.260756731033325,69.99289083480835,0.0,133.25365257263184
225,225,trpo,trpo_paper,trpo_paper,ALE/SpaceInvaders-v5,atari,0,1,1.0,22832611,100526,133,133,4,1,455.4887218045113,170.52425208601278,755.8345864661654,455.4887218045113,170.52425208601278,755.8345864661654,53.99376591628037,54.21935167891888,nan,nan,0.7550730860750577,0.005547625120395538,1.0,3.3720102310180664,nan,nan,nan,nan,62.495856046676636,68.8909523487091,0.0019648075103759766,131.38877868652344
226,226,trpo,trpo_paper,trpo_paper,ALE/SpaceInvaders-v5,atari,0,1,1.0,22933882,101271,136,136,4,1,446.875,182.79985187518133,744.6397058823529,446.875,182.79985187518133,744.6397058823529,54.063991048770134,54.298983050429044,nan,nan,0.7556355065014293,0.0073263962784099555,1.0,2.838871479034424,nan,nan,nan,nan,63.19888615608215,69.32553172111511,0.0,132.5244221687317
227,227,trpo,trpo_paper,trpo_paper,ALE/SpaceInvaders-v5,atari,0,1,1.0,23036090,102208,137,137,4,1,469.6350364963504,185.59397155105432,746.043795620438,469.6350364963504,185.59397155105432,746.043795620438,56.85110357065983,57.1006307297374,nan,nan,0.7582671201893443,0.006713046622331358,1.0,3.161731719970703,nan,nan,nan,nan,63.367104291915894,69.977703332901,0.0,133.3448131084442
228,228,trpo,trpo_paper,trpo_paper,ALE/SpaceInvaders-v5,atari,0,1,1.0,23137771,101681,132,132,4,1,484.81060606060606,166.98235855721305,770.310606060606,484.81060606060606,166.98235855721305,770.310606060606,57.300785206921645,57.533079096635554,nan,nan,0.7593454613878208,0.006109606745669607,1.0,3.4064853191375732,nan,nan,nan,nan,62.750946044921875,69.66256356239319,0.0,132.41351413726807
229,229,trpo,trpo_paper,trpo_paper,ALE/SpaceInvaders-v5,atari,0,1,1.0,23238984,101213,135,135,4,1,443.2962962962963,163.04755380286267,749.7259259259259,443.2962962962963,163.04755380286267,749.7259259259259,53.19213873217867,53.40604436930039,nan,nan,0.7335593469959393,0.0061904971120850735,1.0,3.0049118995666504,nan,nan,nan,nan,64.17368483543396,69.2722499370575,0.0,133.44593954086304
230,230,trpo,trpo_paper,trpo_paper,ALE/SpaceInvaders-v5,atari,0,1,1.0,23340474,101490,132,132,4,1,474.7348484848485,186.8633782176605,768.8636363636364,474.7348484848485,186.8633782176605,768.8636363636364,55.95190043354025,56.16165939994088,nan,nan,0.7544183511383511,0.005606106448327982,1.0,3.0868687629699707,nan,nan,nan,nan,63.09886288642883,69.50923109054565,0.0,132.60809922218323
231,231,trpo,trpo_paper,trpo_paper,ALE/SpaceInvaders-v5,atari,0,1,1.0,23442330,101856,133,133,4,1,465.7894736842105,164.2685337104832,765.8345864661654,465.7894736842105,164.2685337104832,765.8345864661654,55.02960122624097,55.23998540218544,nan,nan,0.7552392895477132,0.005707537388751483,1.0,3.1048245429992676,nan,nan,nan,nan,63.19206404685974,69.75662851333618,0.0,132.94870352745056
232,232,trpo,trpo_paper,trpo_paper,ALE/SpaceInvaders-v5,atari,0,1,1.0,23544202,101872,135,135,4,1,469.44444444444446,182.40742620793284,754.6074074074074,469.44444444444446,182.40742620793284,754.6074074074074,56.30073462286006,56.554316936940474,nan,nan,0.7406609356824618,0.006298208532941801,1.0,3.430697202682495,nan,nan,nan,nan,62.962966203689575,69.75107550621033,0.0,132.7140462398529
233,233,trpo,trpo_paper,trpo_paper,ALE/SpaceInvaders-v5,atari,0,1,1.0,23645687,101485,134,134,4,1,483.65671641791045,180.89141232215712,757.3507462686567,483.65671641791045,180.89141232215712,757.3507462686567,57.78976418928906,58.06845839286594,nan,nan,0.7330735645969848,0.007624115157117543,1.0,3.0070571899414062,nan,nan,nan,nan,63.558332681655884,69.29149293899536,0.0,132.84983038902283
234,234,trpo,trpo_paper,trpo_paper,ALE/SpaceInvaders-v5,atari,0,1,1.0,23746988,101301,130,130,4,1,483.7692307692308,173.12630064877885,779.2384615384616,483.7692307692308,173.12630064877885,779.2384615384616,56.39853505888392,56.63479660862183,nan,nan,0.7457382095654288,0.006809320259519763,1.0,2.9478650093078613,nan,nan,nan,nan,63.07489252090454,69.30444979667664,0.0,132.37934732437134
235,235,trpo,trpo_paper,trpo_paper,ALE/SpaceInvaders-v5,atari,0,1,1.0,23849096,102108,132,132,4,1,497.0833333333333,175.9186296776915,773.5454545454545,497.0833333333333,175.9186296776915,773.5454545454545,58.178185720021936,58.4197354149528,nan,nan,0.7565503536046086,0.006291003105248032,1.0,3.4184930324554443,nan,nan,nan,nan,63.44450831413269,69.8425829410553,0.0,133.28709626197815
236,236,trpo,trpo_paper,trpo_paper,ALE/SpaceInvaders-v5,atari,0,1,1.0,23950476,101380,138,138,4,1,460.28985507246375,196.0670989441747,734.6376811594203,460.28985507246375,196.0670989441747,734.6376811594203,56.45775747805287,56.65689855000986,nan,nan,0.7126863854009975,0.005290003171075605,1.0,3.0133209228515625,nan,nan,nan,nan,63.08048629760742,69.51434397697449,0.0,132.59483408927917
237,237,trpo,trpo_paper,trpo_paper,ALE/SpaceInvaders-v5,atari,0,1,1.0,24051272,100796,134,134,4,1,469.55223880597015,172.32330631105248,752.2089552238806,469.55223880597015,172.32330631105248,752.2089552238806,56.32013640174213,56.53242099140839,nan,nan,0.7505484492850969,0.006978415810751465,1.0,2.850916624069214,nan,nan,nan,nan,62.540716886520386,69.07077312469482,0.0,131.6114945411682
238,238,trpo,trpo_paper,trpo_paper,ALE/SpaceInvaders-v5,atari,0,1,1.0,24152495,101223,135,135,4,1,463.51851851851853,174.5502942209495,749.8,463.51851851851853,174.5502942209495,749.8,55.682917450826395,55.9084856270314,nan,nan,0.7224527427993144,0.007970707894592184,1.0,2.5391762256622314,nan,nan,nan,nan,62.678629636764526,69.29197525978088,0.0,131.970609664917
239,239,trpo,trpo_paper,trpo_paper,ALE/SpaceInvaders-v5,atari,0,1,1.0,24254148,101653,136,136,4,1,480.625,159.5034084782406,747.4485294117648,480.625,159.5034084782406,747.4485294117648,57.99265669729373,58.23961417764355,nan,nan,0.6963616444585071,0.00734768191612553,1.0,3.0143043994903564,nan,nan,nan,nan,63.52333426475525,69.64047074317932,0.0,133.16380953788757
240,240,trpo,trpo_paper,trpo_paper,ALE/SpaceInvaders-v5,atari,0,1,1.0,24354951,100803,135,135,4,1,496.81481481481484,196.7943158312359,746.6888888888889,496.81481481481484,196.7943158312359,746.6888888888889,60.116231349761414,60.40881347777348,nan,nan,0.6858609993103039,0.007738868654466893,1.0,3.1823229789733887,nan,nan,nan,nan,62.951982259750366,69.02408647537231,0.0,131.97607350349426
241,241,trpo,trpo_paper,trpo_paper,ALE/SpaceInvaders-v5,atari,0,1,1.0,24456712,101761,136,136,4,1,489.8529411764706,170.5429706680714,748.2426470588235,489.8529411764706,170.5429706680714,748.2426470588235,59.03743928789025,59.312404033716255,nan,nan,0.6642322907466699,0.007441809283275546,1.0,3.130019187927246,nan,nan,nan,nan,63.09895324707031,69.60431718826294,0.0,132.7032754421234
242,242,trpo,trpo_paper,trpo_paper,ALE/SpaceInvaders-v5,atari,0,1,1.0,24558400,101688,130,130,4,1,488.3076923076923,157.26698739863934,782.2153846153847,488.3076923076923,157.26698739863934,782.2153846153847,56.16793678949335,56.36582518340414,nan,nan,0.6526973707258968,0.008075640599416477,1.0,2.422322988510132,nan,nan,nan,nan,63.06062030792236,69.79903078079224,0.0,132.85965514183044
243,243,trpo,trpo_paper,trpo_paper,ALE/SpaceInvaders-v5,atari,0,1,1.0,24659414,101014,134,134,4,1,474.4029850746269,155.79723329230558,753.8358208955224,474.4029850746269,155.79723329230558,753.8358208955224,56.82019107499951,57.028105015146416,nan,nan,0.6273933921365479,0.007420016798788267,1.0,2.4046947956085205,nan,nan,nan,nan,63.31183075904846,69.16383004188538,0.0,132.47566604614258
244,244,trpo,trpo_paper,trpo_paper,ALE/SpaceInvaders-v5,atari,0,1,1.0,24762270,102856,135,135,4,1,503.2962962962963,171.10443309078704,761.8962962962963,503.2962962962963,171.10443309078704,761.8962962962963,59.65060952934199,59.8806298368593,nan,nan,0.6168405865588177,0.006585655215076718,1.0,3.016695976257324,nan,nan,nan,nan,64.39411544799805,70.45073461532593,0.0,134.84485483169556
245,245,trpo,trpo_paper,trpo_paper,ALE/SpaceInvaders-v5,atari,0,1,1.0,24864136,101866,133,133,4,1,483.5338345864662,148.91308202464248,765.9097744360902,483.5338345864662,148.91308202464248,765.9097744360902,56.71243594526142,56.94698135908939,nan,nan,0.5921878364944511,0.00707567028497498,1.0,2.966357946395874,nan,nan,nan,nan,62.91397213935852,69.70704889297485,0.0,132.62102556228638
246,246,trpo,trpo_paper,trpo_paper,ALE/SpaceInvaders-v5,atari,0,1,1.0,24966023,101887,138,138,4,1,438.6231884057971,146.49871161814391,738.3115942028985,438.6231884057971,146.49871161814391,738.3115942028985,52.68070386801064,52.91901475409031,nan,nan,0.5901172487466201,0.007353648700267792,1.0,2.6192917823791504,nan,nan,nan,nan,63.07585573196411,69.71254992485046,0.0,132.788409948349
247,247,trpo,trpo_paper,trpo_paper,ALE/SpaceInvaders-v5,atari,0,1,1.0,25068268,102245,129,129,4,1,493.7596899224806,159.624111523757,792.5968992248062,493.7596899224806,159.624111523757,792.5968992248062,55.80462247542667,56.082541627952466,nan,nan,0.6100861800049819,0.007815902286333363,1.0,2.9309229850769043,nan,nan,nan,nan,63.23472762107849,69.95466756820679,0.0,133.18939971923828
248,248,trpo,trpo_paper,trpo_paper,ALE/SpaceInvaders-v5,atari,0,1,1.0,25170048,101780,129,129,4,1,496.51162790697674,171.8262650722169,788.9922480620155,496.51162790697674,171.8262650722169,788.9922480620155,56.53459545097269,56.79414269748477,nan,nan,0.6287507728641125,0.006978124113909726,1.0,3.039731502532959,nan,nan,nan,nan,62.74180793762207,69.56976008415222,0.0,132.31157207489014
249,249,trpo,trpo_paper,trpo_paper,ALE/SpaceInvaders-v5,atari,0,1,1.0,25271023,100975,126,126,4,1,516.984126984127,175.9803372912063,801.3888888888889,516.984126984127,175.9803372912063,801.3888888888889,58.03603552859619,58.253147901708346,nan,nan,0.6138632186281412,0.006566458485912653,1.0,2.9183874130249023,nan,nan,nan,nan,62.51040577888489,69.17856001853943,0.0,131.68897032737732
250,250,trpo,trpo_paper,trpo_paper,ALE/SpaceInvaders-v5,atari,0,1,1.0,25372533,101510,131,131,4,1,486.8320610687023,143.07848445012928,774.8854961832061,486.8320610687023,143.07848445012928,774.8854961832061,56.29664996059501,56.563389228893705,nan,nan,0.6196968788866245,0.007026116935434059,1.0,3.1332786083221436,nan,nan,nan,nan,63.50049662590027,69.4818663597107,0.00186920166015625,132.9842448234558
251,251,trpo,trpo_paper,trpo_paper,ALE/SpaceInvaders-v5,atari,0,1,1.0,25474471,101938,130,130,4,1,495.46153846153845,155.36117492654404,784.1384615384616,495.46153846153845,155.36117492654404,784.1384615384616,56.7780139643705,57.01611242863309,nan,nan,0.6084743251949102,0.006840609426367753,1.0,3.032589912414551,nan,nan,nan,nan,63.29909610748291,69.79403114318848,0.0,133.0931317806244
252,252,trpo,trpo_paper,trpo_paper,ALE/SpaceInvaders-v5,atari,0,1,1.0,25576877,102406,130,130,4,1,495.38461538461536,172.6385902405273,787.7384615384616,495.38461538461536,172.6385902405273,787.7384615384616,56.58259525809034,56.80630956682226,nan,nan,0.6192480739577637,0.006342452428592552,1.0,3.1455020904541016,nan,nan,nan,nan,64.17755460739136,70.07286500930786,0.0,134.25042462348938
253,253,trpo,trpo_paper,trpo_paper,ALE/SpaceInvaders-v5,atari,0,1,1.0,25678277,101400,129,129,4,1,485.0,148.47023557842556,786.046511627907,485.0,148.47023557842556,786.046511627907,55.15367264546351,55.39027074087771,nan,nan,0.6093054536296536,0.006703521578666374,1.0,3.1079859733581543,nan,nan,nan,nan,62.66757082939148,69.41547894477844,0.0,132.08305501937866
254,254,trpo,trpo_paper,trpo_paper,ALE/SpaceInvaders-v5,atari,0,1,1.0,25780174,101897,129,129,4,1,492.2093023255814,142.4629789755325,789.8992248062016,492.2093023255814,142.4629789755325,789.8992248062016,56.018490792172486,56.25900633728177,nan,nan,0.613096972310274,0.007023553344255082,1.0,2.8827738761901855,nan,nan,nan,nan,63.52338647842407,69.72074866294861,0.0,133.24413990974426
255,255,trpo,trpo_paper,trpo_paper,ALE/SpaceInvaders-v5,atari,0,1,1.0,25881111,100937,127,127,4,1,501.18110236220474,138.2247637443111,794.7795275590552,501.18110236220474,138.2247637443111,794.7795275590552,56.58234777633574,56.836193383620476,nan,nan,0.6306240482731493,0.005496029901925124,1.0,3.731207847595215,nan,nan,nan,nan,62.58410954475403,68.91284537315369,0.0,131.4969596862793
256,256,trpo,trpo_paper,trpo_paper,ALE/SpaceInvaders-v5,atari,0,1,1.0,25982568,101457,133,133,4,1,490.9398496240602,157.98204710979013,762.8345864661654,490.9398496240602,157.98204710979013,762.8345864661654,57.38116224730674,57.62186474319169,nan,nan,0.5870604332954786,0.006538499244383349,1.0,3.161961793899536,nan,nan,nan,nan,62.66113901138306,69.46449303627014,0.0,132.1256365776062
257,257,trpo,trpo_paper,trpo_paper,ALE/SpaceInvaders-v5,atari,0,1,1.0,26084580,102012,130,130,4,1,499.5,172.45049456850822,784.7076923076924,499.5,172.45049456850822,784.7076923076924,56.94183542744971,57.19547424567698,nan,nan,0.5963516585364957,0.005783725649286991,1.0,3.7006847858428955,nan,nan,nan,nan,62.925546169281006,69.85049057006836,0.0,132.77604055404663
258,258,trpo,trpo_paper,trpo_paper,ALE/SpaceInvaders-v5,atari,0,1,1.0,26186203,101623,133,133,4,1,488.796992481203,166.4615722277932,764.0827067669173,488.796992481203,166.4615722277932,764.0827067669173,57.32411062210326,57.57714573718548,nan,nan,0.5986766325505791,0.006973721348290488,1.0,3.0764834880828857,nan,nan,nan,nan,63.33336567878723,69.60731172561646,0.0,132.9406816959381
259,259,trpo,trpo_paper,trpo_paper,ALE/SpaceInvaders-v5,atari,0,1,1.0,26287719,101516,134,134,4,1,474.7014925373134,158.29521022400485,757.5820895522388,474.7014925373134,158.29521022400485,757.5820895522388,55.933570200756535,56.21349143854171,nan,nan,0.6014876772811675,0.006951404629172673,1.0,3.118004560470581,nan,nan,nan,nan,62.77029824256897,69.4675874710083,0.0,132.23789143562317
260,260,trpo,trpo_paper,trpo_paper,ALE/SpaceInvaders-v5,atari,0,1,1.0,26389697,101978,132,132,4,1,492.04545454545456,158.0623133564142,772.560606060606,492.04545454545456,158.0623133564142,772.560606060606,56.88403258545961,57.12033968110769,nan,nan,0.6103553666484745,0.007595632268344302,1.0,2.7022273540496826,nan,nan,nan,nan,63.60045552253723,69.78978371620178,0.0,133.39024353027344
261,261,trpo,trpo_paper,trpo_paper,ALE/SpaceInvaders-v5,atari,0,1,1.0,26491180,101483,127,127,4,1,529.2913385826772,157.80198447083168,799.0787401574803,529.2913385826772,157.80198447083168,799.0787401574803,59.79197285505947,60.080322720307834,nan,nan,0.6313210176096304,0.006131268322604947,1.0,3.488957643508911,nan,nan,nan,nan,62.878175258636475,69.35258936882019,0.0,132.23077011108398
262,262,trpo,trpo_paper,trpo_paper,ALE/SpaceInvaders-v5,atari,0,1,1.0,26592247,101067,128,128,4,1,511.7578125,189.38695284447354,789.5859375,511.7578125,189.38695284447354,789.5859375,58.565147532082676,58.84992860552901,nan,nan,0.6568602440668999,0.006305998860718563,1.0,3.7884345054626465,nan,nan,nan,nan,62.26142477989197,69.13772916793823,0.0,131.3991584777832
263,263,trpo,trpo_paper,trpo_paper,ALE/SpaceInvaders-v5,atari,0,1,1.0,26693212,100965,133,133,4,1,494.6616541353383,196.0197890584698,759.1353383458646,494.6616541353383,196.0197890584698,759.1353383458646,58.733986715693554,59.01260569875699,nan,nan,0.6378319105882143,0.007263993346070305,1.0,3.354861259460449,nan,nan,nan,nan,62.71427249908447,69.24724459648132,0.0,131.9615216255188
264,264,trpo,trpo_paper,trpo_paper,ALE/SpaceInvaders-v5,atari,0,1,1.0,26794863,101651,137,137,4,1,468.6861313868613,156.01126441760485,741.978102189781,468.6861313868613,156.01126441760485,741.978102189781,56.62986560633934,56.931315542886935,nan,nan,0.6095675005272329,0.007524838330080002,1.0,3.357931613922119,nan,nan,nan,nan,63.90563702583313,69.51352500915527,0.0,133.41916584968567
265,265,trpo,trpo_paper,trpo_paper,ALE/SpaceInvaders-v5,atari,0,1,1.0,26898168,103305,130,130,4,1,523.7307692307693,183.19631288116702,794.6538461538462,523.7307692307693,183.19631288116702,794.6538461538462,59.5420581046416,59.80587610715841,nan,nan,0.6481477618800215,0.0077596123493291185,1.0,3.080597400665283,nan,nan,nan,nan,63.877893686294556,70.61293292045593,0.0,134.4908320903778
266,266,trpo,trpo_paper,trpo_paper,ALE/SpaceInvaders-v5,atari,0,1,1.0,27000042,101874,133,133,4,1,488.7593984962406,168.40182657448568,765.9699248120301,488.7593984962406,168.40182657448568,765.9699248120301,57.65251499401221,57.92711830300175,nan,nan,0.6178999662535031,0.007202389488683035,1.0,3.064436197280884,nan,nan,nan,nan,63.55465745925903,69.71199989318848,0.0,133.2666618824005
267,267,trpo,trpo_paper,trpo_paper,ALE/SpaceInvaders-v5,atari,0,1,1.0,27102078,102036,135,135,4,1,489.3333333333333,162.52726267033205,755.8222222222222,489.3333333333333,162.52726267033205,755.8222222222222,58.13148346539457,58.37982397144145,nan,nan,0.6467552419841404,0.006619229303303652,1.0,3.093039035797119,nan,nan,nan,nan,64.23746705055237,69.86747598648071,0.0,134.10494804382324
268,268,trpo,trpo_paper,trpo_paper,ALE/SpaceInvaders-v5,atari,0,1,1.0,27203449,101371,136,136,4,1,481.65441176470586,169.7522580061408,745.375,481.65441176470586,169.7522580061408,745.375,57.903020526087346,58.21846731313689,nan,nan,0.6318926887374101,0.007512258109793018,1.0,3.2913103103637695,nan,nan,nan,nan,63.09282612800598,69.4163646697998,0.0,132.5091950893402
269,269,trpo,trpo_paper,trpo_paper,ALE/SpaceInvaders-v5,atari,0,1,1.0,27304721,101272,136,136,4,1,475.22058823529414,180.23561748838293,744.6470588235294,475.22058823529414,180.23561748838293,744.6470588235294,57.364457074759066,57.61581511301248,nan,nan,0.6422278201356866,0.0072825381959605974,1.0,3.0434982776641846,nan,nan,nan,nan,63.79388666152954,69.30212473869324,0.0,133.09601664543152
270,270,trpo,trpo_paper,trpo_paper,ALE/SpaceInvaders-v5,atari,0,1,1.0,27406143,101422,127,127,4,1,509.37007874015745,171.81063569461898,798.5984251968504,509.37007874015745,171.81063569461898,798.5984251968504,57.79192137800477,58.0457135471101,nan,nan,0.6711496961450363,0.006981592900702912,1.0,3.097001314163208,nan,nan,nan,nan,63.41008639335632,69.46501326560974,0.0,132.87510347366333
271,271,trpo,trpo_paper,trpo_paper,ALE/SpaceInvaders-v5,atari,0,1,1.0,27507114,100971,132,132,4,1,494.65909090909093,191.9153786669284,764.9318181818181,494.65909090909093,191.9153786669284,764.9318181818181,58.310708953560926,58.59148929519367,nan,nan,0.6367296729904967,0.006883243865189304,1.0,3.4976184368133545,nan,nan,nan,nan,62.80130124092102,68.95637536048889,0.0,131.75768089294434
272,272,trpo,trpo_paper,trpo_paper,ALE/SpaceInvaders-v5,atari,0,1,1.0,27608062,100948,133,133,4,1,525.187969924812,182.13583092820826,759.0075187969925,525.187969924812,182.13583092820826,759.0075187969925,62.75882493338154,63.00027706096208,nan,nan,0.652996156495021,0.007000997393502477,1.0,2.637573719024658,nan,nan,nan,nan,63.10802245140076,69.17956638336182,0.0,132.287593126297
273,273,trpo,trpo_paper,trpo_paper,ALE/SpaceInvaders-v5,atari,0,1,1.0,27709470,101408,131,131,4,1,498.74045801526717,181.19234382938384,774.1068702290077,498.74045801526717,181.19234382938384,774.1068702290077,58.16660344228266,58.46004198386715,nan,nan,0.6645432192657076,0.007350501758080245,1.0,3.4694483280181885,nan,nan,nan,nan,62.692970991134644,69.40780329704285,0.0,132.1007788181305
274,274,trpo,trpo_paper,trpo_paper,ALE/SpaceInvaders-v5,atari,0,1,1.0,27813095,103625,129,129,4,1,538.7596899224807,193.25850363647862,803.2945736434109,538.7596899224807,193.25850363647862,803.2945736434109,60.834033775633294,61.07103860072376,nan,nan,0.6663103419028951,0.006877463036166241,1.0,2.9834890365600586,nan,nan,nan,nan,64.56531190872192,70.88811206817627,0.0,135.45342874526978
275,275,trpo,trpo_paper,trpo_paper,ALE/SpaceInvaders-v5,atari,0,1,1.0,27915734,102639,127,127,4,1,539.2125984251968,189.77340943318129,808.1811023622047,539.2125984251968,189.77340943318129,808.1811023622047,60.57314379767924,60.843298173696155,nan,nan,0.6528874867253188,0.006371123679704167,1.0,3.570261240005493,nan,nan,nan,nan,63.58658289909363,70.17688465118408,0.002077817916870117,133.76555109024048
276,276,trpo,trpo_paper,trpo_paper,ALE/SpaceInvaders-v5,atari,0,1,1.0,28017829,102095,131,131,4,1,497.44274809160305,182.70587719587357,779.3511450381679,497.44274809160305,182.70587719587357,779.3511450381679,57.6224830427543,57.89992347813311,nan,nan,0.6399855880628949,0.0072543735354970934,1.0,2.9022133350372314,nan,nan,nan,nan,64.557697057724,69.79180145263672,0.0,134.3495032787323
277,277,trpo,trpo_paper,trpo_paper,ALE/SpaceInvaders-v5,atari,0,1,1.0,28119769,101940,131,131,4,1,501.9083969465649,179.85305496397044,778.1679389312977,501.9083969465649,179.85305496397044,778.1679389312977,58.18131008436335,58.40493212919365,nan,nan,0.6507799208058969,0.006688270880150952,1.0,3.0232346057891846,nan,nan,nan,nan,64.220876455307,69.9106388092041,0.0,134.13152027130127
278,278,trpo,trpo_paper,trpo_paper,ALE/SpaceInvaders-v5,atari,0,1,1.0,28221107,101338,129,129,4,1,513.062015503876,194.9342068270384,785.5658914728682,513.062015503876,194.9342068270384,785.5658914728682,58.95652574799187,59.236430004045864,nan,nan,0.6442504731034693,0.007210070761581056,1.0,3.253767251968384,nan,nan,nan,nan,62.7765793800354,69.22204756736755,0.0,131.99863123893738
279,279,trpo,trpo_paper,trpo_paper,ALE/SpaceInvaders-v5,atari,0,1,1.0,28322689,101582,126,126,4,1,519.0873015873016,169.70025020050912,806.2063492063492,519.0873015873016,169.70025020050912,806.2063492063492,58.249950471048024,58.47602152694375,nan,nan,0.6667364120896481,0.00697101386296532,1.0,2.8545539379119873,nan,nan,nan,nan,63.418105125427246,69.61460161209106,0.0,133.0327115058899
280,280,trpo,trpo_paper,trpo_paper,ALE/SpaceInvaders-v5,atari,0,1,1.0,28424384,101695,129,129,4,1,513.6046511627907,185.38246317487878,788.3333333333334,513.6046511627907,185.38246317487878,788.3333333333334,58.70582578420768,58.94129059319534,nan,nan,0.6423979321976867,0.007397734538198544,1.0,2.8601560592651367,nan,nan,nan,nan,63.70238184928894,69.7035882472992,0.0,133.40597486495972
281,281,trpo,trpo_paper,trpo_paper,ALE/SpaceInvaders-v5,atari,0,1,1.0,28525971,101587,132,132,4,1,511.59090909090907,209.00405804910042,769.5984848484849,511.59090909090907,209.00405804910042,769.5984848484849,60.138337859420986,60.428174403466976,nan,nan,0.6241798420780956,0.0069921085898,1.0,3.199401617050171,nan,nan,nan,nan,63.08846735954285,69.61844038963318,0.0,132.70691323280334
282,282,trpo,trpo_paper,trpo_paper,ALE/SpaceInvaders-v5,atari,0,1,1.0,28627466,101495,134,134,4,1,502.3880597014925,170.98563745425585,757.4253731343283,502.3880597014925,170.98563745425585,757.4253731343283,59.79101987782649,60.04117598157545,nan,nan,0.6178980046642538,0.006325264441408153,1.0,3.4046225547790527,nan,nan,nan,nan,62.86271262168884,69.35480117797852,0.0,132.21752548217773
283,283,trpo,trpo_paper,trpo_paper,ALE/SpaceInvaders-v5,atari,0,1,1.0,28729969,102503,141,141,4,1,488.12056737588654,183.5336162679396,726.9716312056737,488.12056737588654,183.5336162679396,726.9716312056737,60.05681784923368,60.339084435333596,nan,nan,0.6097601497410442,0.007366509998856448,1.0,2.883870840072632,nan,nan,nan,nan,64.14278244972229,70.16042280197144,0.0,134.3032100200653
284,284,trpo,trpo_paper,trpo_paper,ALE/SpaceInvaders-v5,atari,0,1,1.0,28831166,101197,137,137,4,1,473.3211678832117,179.28719098471814,738.6642335766423,473.3211678832117,179.28719098471814,738.6642335766423,57.479060026483,57.70444729710367,nan,nan,0.6390116771966128,0.007619203149514626,1.0,2.643326997756958,nan,nan,nan,nan,63.94986581802368,69.23904967308044,0.0,133.18892168998718
285,285,trpo,trpo_paper,trpo_paper,ALE/SpaceInvaders-v5,atari,0,1,1.0,28932158,100992,138,138,4,1,483.6231884057971,172.36396454564405,731.8260869565217,483.6231884057971,172.36396454564405,731.8260869565217,59.29764857612484,59.55147592136011,nan,nan,0.5993058285634629,0.007691726052522168,1.0,2.9446144104003906,nan,nan,nan,nan,62.99060368537903,69.17842245101929,0.0,132.16903066635132
286,286,trpo,trpo_paper,trpo_paper,ALE/SpaceInvaders-v5,atari,0,1,1.0,29034639,102481,130,130,4,1,519.7692307692307,192.47863171957312,788.3153846153846,519.7692307692307,192.47863171957312,788.3153846153846,59.57548594373591,59.82470317668641,nan,nan,0.6194558654088929,0.0075773302606592045,1.0,2.7898497581481934,nan,nan,nan,nan,63.57244372367859,69.82340884208679,0.0,133.39585661888123
287,287,trpo,trpo_paper,trpo_paper,ALE/SpaceInvaders-v5,atari,0,1,1.0,29135741,101102,137,137,4,1,482.11678832116786,175.16178405709587,737.970802919708,482.11678832116786,175.16178405709587,737.970802919708,58.525884131866825,58.790592514243045,nan,nan,0.5854683234022787,0.006818791288012982,1.0,2.913761615753174,nan,nan,nan,nan,63.28197145462036,69.14523816108704,0.0,132.42721438407898
288,288,trpo,trpo_paper,trpo_paper,ALE/SpaceInvaders-v5,atari,0,1,1.0,29236089,100348,137,137,4,1,482.88321167883214,195.61779603837527,732.4671532846716,482.88321167883214,195.61779603837527,732.4671532846716,59.23697485874158,59.520588663949454,nan,nan,0.5871447757312366,0.007086616854595115,1.0,3.234379291534424,nan,nan,nan,nan,62.29693365097046,68.63644695281982,0.0,130.9333987236023
289,289,trpo,trpo_paper,trpo_paper,ALE/SpaceInvaders-v5,atari,0,1,1.0,29338149,102060,139,139,4,1,458.021582733813,178.48343806550233,734.2446043165468,458.021582733813,178.48343806550233,734.2446043165468,55.86317331716637,56.12270539388595,nan,nan,0.5972567932619293,0.00739165851833562,1.0,2.7578423023223877,nan,nan,nan,nan,63.70610785484314,69.84092307090759,0.0,133.54704523086548
290,290,trpo,trpo_paper,trpo_paper,ALE/SpaceInvaders-v5,atari,0,1,1.0,29439129,100980,134,134,4,1,494.73880597014926,180.73473301492794,753.5820895522388,494.73880597014926,180.73473301492794,753.5820895522388,59.52041323158051,59.75390269112695,nan,nan,0.6077638519945936,0.006839195173381313,1.0,3.231849193572998,nan,nan,nan,nan,62.86467742919922,69.13524436950684,0.0,131.99992656707764
291,291,trpo,trpo_paper,trpo_paper,ALE/SpaceInvaders-v5,atari,0,1,1.0,29541399,102270,137,137,4,1,483.1021897810219,186.11778252844903,746.4963503649635,483.1021897810219,186.11778252844903,746.4963503649635,58.4032652537401,58.645964420162315,nan,nan,0.5635523804940354,0.007061818938210958,1.0,3.0632102489471436,nan,nan,nan,nan,63.31127190589905,69.96259808540344,0.0,133.2738742828369
292,292,trpo,trpo_paper,trpo_paper,ALE/SpaceInvaders-v5,atari,0,1,1.0,29643215,101816,136,136,4,1,506.9852941176471,205.45437397080897,748.6470588235294,506.9852941176471,205.45437397080897,748.6470588235294,61.48203085099591,61.77740759065373,nan,nan,0.5761011524849361,0.007451838152349192,1.0,3.424381732940674,nan,nan,nan,nan,63.314263582229614,69.82401156425476,0.0,133.1382794380188
293,293,trpo,trpo_paper,trpo_paper,ALE/SpaceInvaders-v5,atari,0,1,1.0,29744358,101143,138,138,4,1,466.19565217391306,157.44282876308625,732.9202898550725,466.19565217391306,157.44282876308625,732.9202898550725,57.556717191253966,57.808563586951145,nan,nan,0.572831541824601,0.007923763483876847,1.0,2.7057340145111084,nan,nan,nan,nan,62.56137824058533,69.3085389137268,0.0,131.8699345588684
294,294,trpo,trpo_paper,trpo_paper,ALE/SpaceInvaders-v5,atari,0,1,1.0,29845355,100997,135,135,4,1,505.2962962962963,171.1602703153706,748.1259259259259,505.2962962962963,171.1602703153706,748.1259259259259,61.508819259482955,61.76778626469103,nan,nan,0.5633628935335022,0.0059482533325095266,1.0,3.5993106365203857,nan,nan,nan,nan,62.637441635131836,69.13336181640625,0.0,131.7708170413971
295,295,trpo,trpo_paper,trpo_paper,ALE/SpaceInvaders-v5,atari,0,1,1.0,29947179,101824,128,128,4,1,528.0078125,168.66009160872895,795.5,528.0078125,168.66009160872895,795.5,60.60437249567882,60.9094979449835,nan,nan,0.5823877935211738,0.0068562665013543736,1.0,3.478881597518921,nan,nan,nan,nan,62.99676966667175,69.79615879058838,0.0,132.79293298721313
296,296,trpo,trpo_paper,trpo_paper,ALE/SpaceInvaders-v5,atari,0,1,1.0,30049044,101865,133,133,4,1,512.4436090225564,171.76725875719134,765.9022556390977,512.4436090225564,171.76725875719134,765.9022556390977,61.15156978599126,61.403485618220195,nan,nan,0.5747207404177711,0.007214801978976879,1.0,3.2175776958465576,nan,nan,nan,nan,64.22045111656189,69.87824869155884,0.0,134.0987048149109
297,297,trpo,trpo_paper,trpo_paper,ALE/SpaceInvaders-v5,atari,0,1,1.0,30150388,101344,136,136,4,1,502.3529411764706,193.3013697576223,745.1764705882352,502.3529411764706,193.3013697576223,745.1764705882352,61.65872979653457,61.934933555513894,nan,nan,0.5711884783162731,0.00765119346148647,1.0,3.2624802589416504,nan,nan,nan,nan,63.56439661979675,69.29868268966675,0.0,132.86308360099792
298,298,trpo,trpo_paper,trpo_paper,ALE/SpaceInvaders-v5,atari,0,1,1.0,30252397,102009,135,135,4,1,513.5925925925926,191.15405058810927,755.6222222222223,513.5925925925926,191.15405058810927,755.6222222222223,62.14290911218618,62.41085927467184,nan,nan,0.53292315750594,0.007790291501786563,1.0,2.859884023666382,nan,nan,nan,nan,63.1637544631958,69.7826235294342,0.0,132.9463827610016
299,299,trpo,trpo_paper,trpo_paper,ALE/SpaceInvaders-v5,atari,0,1,1.0,30354055,101658,134,134,4,1,515.6716417910447,165.427748404192,758.6417910447761,515.6716417910447,165.427748404192,758.6417910447761,62.07063558082,62.34981875504141,nan,nan,0.5518498941841149,0.00788253302359205,1.0,2.981572389602661,nan,nan,nan,nan,63.196913719177246,69.56834244728088,0.0,132.76526141166687
300,300,trpo,trpo_paper,trpo_paper,ALE/SpaceInvaders-v5,atari,0,1,1.0,30454997,100942,128,128,4,1,528.9453125,169.91341124754499,788.609375,528.9453125,169.91341124754499,788.609375,61.43073745319094,61.69888896594084,nan,nan,0.5844114723484464,0.008227274998886968,1.0,2.7579448223114014,nan,nan,nan,nan,63.44393873214722,68.98881006240845,0.002137899398803711,132.43489122390747
