iteration,epoch,method,method_variant,estimator,env_id,suite,seed,trainable,did_update,env_steps,batch_env_steps,episodes_in_batch,episodes_in_epoch,num_workers,parallel_rollouts,train_return_mean,train_return_std,train_len_mean,ep_return_mean,ep_return_std,ep_len_mean,policy_loss_before,policy_loss_after,value_loss_before,value_loss_after,entropy,approx_kl,line_search_success,cg_norm,clip_fraction,kl_coef,value_explained_variance_before,value_explained_variance_after,collect_time_sec,update_time_sec,checkpoint_time_sec,wall_time_sec
1,1,trpo,trpo_paper,trpo_paper,ALE/Seaquest-v5,atari,0,1,1.0,101540,101540,203,203,4,1,70.44334975369458,56.01988117013544,500.1970443349754,70.44334975369458,56.01988117013544,500.1970443349754,12.608368430852373,12.656303627265117,nan,nan,2.8813714211302197,0.003554739819722929,1.0,0.8966184854507446,nan,nan,nan,nan,69.05854296684265,70.48828029632568,0.0,139.54684281349182
2,2,trpo,trpo_paper,trpo_paper,ALE/Seaquest-v5,atari,0,1,1.0,202188,100648,172,172,4,1,110.81395348837209,83.73150772974002,585.1627906976744,110.81395348837209,83.73150772974002,585.1627906976744,17.301221754903228,17.36645614542763,nan,nan,2.8790374457499777,0.009417593382848517,1.0,0.7827266454696655,nan,nan,nan,nan,66.8717851638794,68.18615913391113,0.0,135.05795073509216
3,3,trpo,trpo_paper,trpo_paper,ALE/Seaquest-v5,atari,0,1,1.0,304434,102246,131,131,4,1,206.25954198473283,100.1093743683949,780.5038167938932,206.25954198473283,100.1093743683949,780.5038167938932,24.571906694393913,24.628058493730805,nan,nan,2.863473743013174,0.007658279674038834,1.0,0.6620559692382812,nan,nan,nan,nan,67.2858681678772,74.9679262638092,0.0,142.25380039215088
4,4,trpo,trpo_paper,trpo_paper,ALE/Seaquest-v5,atari,0,1,1.0,406764,102330,113,113,4,1,269.7345132743363,112.89011163254786,905.5752212389381,269.7345132743363,112.89011163254786,905.5752212389381,27.824455117634123,27.8782670038112,nan,nan,2.8319203381523015,0.007165624091473959,1.0,0.5652686953544617,nan,nan,nan,nan,66.89845132827759,75.02870726585388,0.0,141.92716455459595
5,5,trpo,trpo_paper,trpo_paper,ALE/Seaquest-v5,atari,0,1,1.0,508296,101532,99,99,4,1,312.1212121212121,134.83452430288506,1025.5757575757575,312.1212121212121,134.83452430288506,1025.5757575757575,28.63735086290529,28.685185150986882,nan,nan,2.795886376185587,0.006692164609666531,1.0,0.5166400074958801,nan,nan,nan,nan,66.24783658981323,68.82961821556091,0.0,135.07746028900146
6,6,trpo,trpo_paper,trpo_paper,ALE/Seaquest-v5,atari,0,1,1.0,609513,101217,108,108,4,1,283.7037037037037,117.6356001843278,937.1944444444445,283.7037037037037,117.6356001843278,937.1944444444445,28.360022741980103,28.406847031007636,nan,nan,2.8094719393882697,0.008717540869610971,1.0,0.4718793034553528,nan,nan,nan,nan,66.49272274971008,68.5583119392395,0.0,135.0510401725769
7,7,trpo,trpo_paper,trpo_paper,ALE/Seaquest-v5,atari,0,1,1.0,713094,103581,93,93,4,1,346.8817204301075,125.14059615345563,1113.774193548387,346.8817204301075,125.14059615345563,1113.774193548387,29.373941951226577,29.432592005290545,nan,nan,2.7819632382356563,0.007670643085158548,1.0,0.5786609649658203,nan,nan,nan,nan,68.60881853103638,70.04898309707642,0.0,138.65780591964722
8,8,trpo,trpo_paper,trpo_paper,ALE/Seaquest-v5,atari,0,1,1.0,817234,104140,95,95,4,1,343.1578947368421,130.14375175890564,1096.2105263157894,343.1578947368421,130.14375175890564,1096.2105263157894,29.51766282168235,29.57783887675245,nan,nan,2.785597334792707,0.006207960421322849,1.0,0.7154210805892944,nan,nan,nan,nan,68.28997993469238,70.57345771789551,0.0,138.86344265937805
9,9,trpo,trpo_paper,trpo_paper,ALE/Seaquest-v5,atari,0,1,1.0,918707,101473,99,99,4,1,320.0,120.43691504289914,1024.979797979798,320.0,120.43691504289914,1024.979797979798,29.299511631172823,29.35761421757512,nan,nan,2.7887235955777645,0.009781919922795122,1.0,0.5187052488327026,nan,nan,nan,nan,66.28614687919617,68.74215245246887,0.0,135.02830457687378
10,10,trpo,trpo_paper,trpo_paper,ALE/Seaquest-v5,atari,0,1,1.0,1021301,102594,95,95,4,1,336.42105263157896,128.3081470890227,1079.9368421052632,336.42105263157896,128.3081470890227,1079.9368421052632,29.374175755892157,29.420814387293603,nan,nan,2.7687359427695575,0.007564949554696199,1.0,0.5141993761062622,nan,nan,nan,nan,67.14371848106384,69.61204123497009,0.0,136.75576496124268
11,11,trpo,trpo_paper,trpo_paper,ALE/Seaquest-v5,atari,0,1,1.0,1122363,101062,96,96,4,1,329.5833333333333,134.8758431134188,1052.7291666666667,329.5833333333333,134.8758431134188,1052.7291666666667,29.40979748199125,29.46726096975124,nan,nan,2.7680253723039447,0.006791451667624732,1.0,0.5743050575256348,nan,nan,nan,nan,66.03960347175598,74.19191479682922,0.0,140.23152351379395
12,12,trpo,trpo_paper,trpo_paper,ALE/Seaquest-v5,atari,0,1,1.0,1225312,102949,92,92,4,1,360.6521739130435,123.65629388354331,1119.0108695652175,360.6521739130435,123.65629388354331,1119.0108695652175,30.421547167772392,30.46778532331543,nan,nan,2.7303390874213203,0.007269721518136721,1.0,0.47716525197029114,nan,nan,nan,nan,67.69799065589905,69.73264527320862,0.0,137.43064093589783
13,13,trpo,trpo_paper,trpo_paper,ALE/Seaquest-v5,atari,0,1,1.0,1327717,102405,95,95,4,1,344.0,122.89833196589773,1077.9473684210527,344.0,122.89833196589773,1077.9473684210527,30.0628730591768,30.095497503783996,nan,nan,2.702679970536717,0.006204120752875792,1.0,0.3598659038543701,nan,nan,nan,nan,67.6837568283081,75.10885548591614,0.0,142.79261803627014
14,14,trpo,trpo_paper,trpo_paper,ALE/Seaquest-v5,atari,0,1,1.0,1430232,102515,85,85,4,1,385.6470588235294,115.67141147459881,1206.0588235294117,385.6470588235294,115.67141147459881,1206.0588235294117,30.300870756718528,30.350017375506024,nan,nan,2.6711865527300884,0.009562350750359763,1.0,0.4456125795841217,nan,nan,nan,nan,67.58928918838501,69.61793041229248,0.0,137.20722603797913
15,15,trpo,trpo_paper,trpo_paper,ALE/Seaquest-v5,atari,0,1,1.0,1533276,103044,82,82,4,1,402.9268292682927,139.0603291159952,1256.6341463414635,402.9268292682927,139.0603291159952,1256.6341463414635,30.404491042661387,30.46362749165405,nan,nan,2.6250322601873957,0.008725594960488308,1.0,0.5022961497306824,nan,nan,nan,nan,68.09538197517395,69.93783593177795,0.0,138.03322315216064
16,16,trpo,trpo_paper,trpo_paper,ALE/Seaquest-v5,atari,0,1,1.0,1637273,103997,76,76,4,1,444.2105263157895,133.98019450939614,1368.3815789473683,444.2105263157895,133.98019450939614,1368.3815789473683,30.877372364106655,30.912445491216094,nan,nan,2.6229816500115386,0.007277797654483223,1.0,0.3588809370994568,nan,nan,nan,nan,69.77592420578003,70.44233083724976,0.0,140.21826004981995
17,17,trpo,trpo_paper,trpo_paper,ALE/Seaquest-v5,atari,0,1,1.0,1741962,104689,72,72,4,1,465.55555555555554,126.54477566029182,1454.013888888889,465.55555555555554,126.54477566029182,1454.013888888889,30.60362299286458,30.657403714812446,nan,nan,2.5942092471510856,0.007748145817737665,1.0,0.5107098817825317,nan,nan,nan,nan,68.93333959579468,70.97052049636841,0.0,139.90386700630188
18,18,trpo,trpo_paper,trpo_paper,ALE/Seaquest-v5,atari,0,1,1.0,1845386,103424,79,79,4,1,416.2025316455696,111.42692215498256,1309.1645569620252,416.2025316455696,111.42692215498256,1309.1645569620252,30.298118817924273,30.3435859302483,nan,nan,2.5893966750343247,0.0076859810776860995,1.0,0.4214375913143158,nan,nan,nan,nan,68.10704302787781,70.23946762084961,0.0,138.34651565551758
19,19,trpo,trpo_paper,trpo_paper,ALE/Seaquest-v5,atari,0,1,1.0,1948903,103517,81,81,4,1,412.5925925925926,112.7630288963145,1277.9876543209878,412.5925925925926,112.7630288963145,1277.9876543209878,30.570812493358577,30.59775824864515,nan,nan,2.6079939900420945,0.008435191729518954,1.0,0.24933257699012756,nan,nan,nan,nan,68.38494634628296,70.1734881401062,0.0,138.55843949317932
20,20,trpo,trpo_paper,trpo_paper,ALE/Seaquest-v5,atari,0,1,1.0,2052220,103317,76,76,4,1,437.10526315789474,120.81756352662346,1359.4342105263158,437.10526315789474,120.81756352662346,1359.4342105263158,30.66264854162432,30.710949371836193,nan,nan,2.6119607161696528,0.009768705125849266,1.0,0.38337820768356323,nan,nan,nan,nan,67.43189263343811,70.11284756660461,0.0,137.5447449684143
21,21,trpo,trpo_paper,trpo_paper,ALE/Seaquest-v5,atari,0,1,1.0,2156736,104516,71,71,4,1,474.92957746478874,114.16411758907387,1472.056338028169,474.92957746478874,114.16411758907387,1472.056338028169,30.880745382285966,30.938537819568296,nan,nan,2.5617111143568927,0.007724943388851687,1.0,0.5547246336936951,nan,nan,nan,nan,69.41557359695435,70.87291026115417,0.0,140.28848838806152
22,22,trpo,trpo_paper,trpo_paper,ALE/Seaquest-v5,atari,0,1,1.0,2259520,102784,73,73,4,1,454.7945205479452,135.93017535748027,1408.0,454.7945205479452,135.93017535748027,1408.0,30.837925741117296,30.890589731864882,nan,nan,2.5704373541388983,0.009893990686606352,1.0,0.40030062198638916,nan,nan,nan,nan,67.89144039154053,69.7433249950409,0.0,137.63477063179016
23,23,trpo,trpo_paper,trpo_paper,ALE/Seaquest-v5,atari,0,1,1.0,2361097,101577,72,72,4,1,459.44444444444446,125.34273999373002,1410.7916666666667,459.44444444444446,125.34273999373002,1410.7916666666667,31.020526530981424,31.06227157107416,nan,nan,2.551779059466587,0.00693190284004588,1.0,0.4506738483905792,nan,nan,nan,nan,66.68146133422852,74.4477367401123,0.0,141.12920331954956
24,24,trpo,trpo_paper,trpo_paper,ALE/Seaquest-v5,atari,0,1,1.0,2462344,101247,83,83,4,1,393.73493975903614,131.23795039007098,1219.8433734939758,393.73493975903614,131.23795039007098,1219.8433734939758,30.59907778131698,30.666501924131087,nan,nan,2.5116754954390625,0.006955552159726148,1.0,0.6456049084663391,nan,nan,nan,nan,67.47003746032715,68.58947777748108,0.0,136.05952048301697
25,25,trpo,trpo_paper,trpo_paper,ALE/Seaquest-v5,atari,0,1,1.0,2566170,103826,75,75,4,1,450.6666666666667,141.50932438849705,1384.3466666666666,450.6666666666667,141.50932438849705,1384.3466666666666,30.997429744235546,31.06718482123938,nan,nan,2.5270248006580722,0.008764898997577562,1.0,0.5783265829086304,nan,nan,nan,nan,68.61124730110168,70.33462142944336,0.013763666152954102,138.95964074134827
26,26,trpo,trpo_paper,trpo_paper,ALE/Seaquest-v5,atari,0,1,1.0,2670374,104204,77,77,4,1,435.3246753246753,139.2333779916745,1353.2987012987012,435.3246753246753,139.2333779916745,1353.2987012987012,30.61832124366627,30.670082992255576,nan,nan,2.5333108895022023,0.009825518305081058,1.0,0.4757045805454254,nan,nan,nan,nan,68.69356441497803,70.71027731895447,0.0,139.4038565158844
27,27,trpo,trpo_paper,trpo_paper,ALE/Seaquest-v5,atari,0,1,1.0,2773714,103340,76,76,4,1,441.8421052631579,131.83632721869657,1359.7368421052631,441.8421052631579,131.83632721869657,1359.7368421052631,30.961364034981614,31.001335246516355,nan,nan,2.493681071735291,0.008584334924117738,1.0,0.3104144334793091,nan,nan,nan,nan,69.51937317848206,70.02668285369873,0.0,139.54606175422668
28,28,trpo,trpo_paper,trpo_paper,ALE/Seaquest-v5,atari,0,1,1.0,2876321,102607,80,80,4,1,408.0,106.98598038995577,1282.5875,408.0,106.98598038995577,1282.5875,30.22939833539622,30.293085510735136,nan,nan,2.45455473843768,0.00937774711572582,1.0,0.38818874955177307,nan,nan,nan,nan,67.812753200531,69.49986267089844,0.0,137.3126208782196
29,29,trpo,trpo_paper,trpo_paper,ALE/Seaquest-v5,atari,0,1,1.0,2978186,101865,83,83,4,1,388.43373493975906,120.48578307084536,1227.289156626506,388.43373493975906,120.48578307084536,1227.289156626506,29.937394391474008,29.987078486231777,nan,nan,2.442165498223752,0.007963182356089525,1.0,0.3659454882144928,nan,nan,nan,nan,66.63845610618591,69.02661514282227,0.0,135.6650767326355
30,30,trpo,trpo_paper,trpo_paper,ALE/Seaquest-v5,atari,0,1,1.0,3081405,103219,76,76,4,1,436.3157894736842,122.37606088205449,1358.1447368421052,436.3157894736842,122.37606088205449,1358.1447368421052,30.632588386101396,30.676449769422295,nan,nan,2.4375028761662096,0.008406721586606677,1.0,0.41950592398643494,nan,nan,nan,nan,68.84964632987976,69.9247362613678,0.0,138.77438688278198
31,31,trpo,trpo_paper,trpo_paper,ALE/Seaquest-v5,atari,0,1,1.0,3185741,104336,76,76,4,1,441.8421052631579,111.31641159462836,1372.842105263158,441.8421052631579,111.31641159462836,1372.842105263158,30.731443515421333,30.768888345106195,nan,nan,2.4298701468392983,0.009238964244477671,1.0,0.2883252501487732,nan,nan,nan,nan,68.1264386177063,70.69578385353088,0.0,138.82222867012024
32,32,trpo,trpo_paper,trpo_paper,ALE/Seaquest-v5,atari,0,1,1.0,3287894,102153,78,78,4,1,416.9230769230769,109.45444775851864,1309.6538461538462,416.9230769230769,109.45444775851864,1309.6538461538462,30.275408119438488,30.34172416314254,nan,nan,2.414569781357376,0.009485234809767006,1.0,0.5972886085510254,nan,nan,nan,nan,67.35958862304688,69.22157335281372,0.0,136.58116722106934
33,33,trpo,trpo_paper,trpo_paper,ALE/Seaquest-v5,atari,0,1,1.0,3391530,103636,76,76,4,1,436.3157894736842,115.5176234591064,1363.6315789473683,436.3157894736842,115.5176234591064,1363.6315789473683,30.522588524981668,30.582025671581302,nan,nan,2.406626580954012,0.007537208444971341,1.0,0.5241522789001465,nan,nan,nan,nan,67.63931608200073,70.34039807319641,0.0,137.97971892356873
34,34,trpo,trpo_paper,trpo_paper,ALE/Seaquest-v5,atari,0,1,1.0,3495480,103950,74,74,4,1,455.94594594594594,130.03033865237424,1404.7297297297298,455.94594594594594,130.03033865237424,1404.7297297297298,30.96063477032227,31.010098304473303,nan,nan,2.415421345147908,0.00843243458477163,1.0,0.4734010100364685,nan,nan,nan,nan,69.3429274559021,70.35331606864929,0.0,139.6962492465973
35,35,trpo,trpo_paper,trpo_paper,ALE/Seaquest-v5,atari,0,1,1.0,3598972,103492,75,75,4,1,450.4,125.23513883890574,1379.8933333333334,450.4,125.23513883890574,1379.8933333333334,31.139515916689213,31.212936144822788,nan,nan,2.3811855720883015,0.007522605181878404,1.0,0.6240845918655396,nan,nan,nan,nan,68.02093839645386,70.05284142494202,0.0,138.07378482818604
36,36,trpo,trpo_paper,trpo_paper,ALE/Seaquest-v5,atari,0,1,1.0,3702008,103036,75,75,4,1,448.53333333333336,136.08520206922654,1373.8133333333333,448.53333333333336,136.08520206922654,1373.8133333333333,31.110937409012383,31.17722764980201,nan,nan,2.4029904255248167,0.008454042751611197,1.0,0.5812932848930359,nan,nan,nan,nan,68.39448046684265,69.90352201461792,0.0,138.29800868034363
37,37,trpo,trpo_paper,trpo_paper,ALE/Seaquest-v5,atari,0,1,1.0,3804611,102603,82,82,4,1,409.5121951219512,131.63977491276668,1251.2560975609756,409.5121951219512,131.63977491276668,1251.2560975609756,31.050358085289904,31.102313193814997,nan,nan,2.37961108669459,0.009340204118926892,1.0,0.43923041224479675,nan,nan,nan,nan,67.49410724639893,69.49832439422607,0.0,136.9924373626709
38,38,trpo,trpo_paper,trpo_paper,ALE/Seaquest-v5,atari,0,1,1.0,3906997,102386,68,68,4,1,486.7647058823529,129.4608863991995,1505.6764705882354,486.7647058823529,129.4608863991995,1505.6764705882354,30.94858702605825,31.03041294097826,nan,nan,2.347825855555203,0.008971321447049917,1.0,0.6500365734100342,nan,nan,nan,nan,68.22126531600952,69.44491028785706,0.0,137.6661810874939
39,39,trpo,trpo_paper,trpo_paper,ALE/Seaquest-v5,atari,0,1,1.0,4009061,102064,66,66,4,1,506.06060606060606,115.25832367074521,1546.4242424242425,506.06060606060606,115.25832367074521,1546.4242424242425,31.26600956262737,31.321560185275906,nan,nan,2.4019118250864655,0.006625790143498532,1.0,0.5195638537406921,nan,nan,nan,nan,66.61516523361206,74.80700302124023,0.0,141.4221739768982
40,40,trpo,trpo_paper,trpo_paper,ALE/Seaquest-v5,atari,0,1,1.0,4111048,101987,68,68,4,1,486.47058823529414,148.46037999771437,1499.8088235294117,486.47058823529414,148.46037999771437,1499.8088235294117,31.038276477639307,31.10251965324012,nan,nan,2.401230968392418,0.009767826145688404,1.0,0.43470680713653564,nan,nan,nan,nan,67.18256855010986,69.04687476158142,0.0,136.22944903373718
41,41,trpo,trpo_paper,trpo_paper,ALE/Seaquest-v5,atari,0,1,1.0,4215354,104306,79,79,4,1,434.43037974683546,139.58117129780953,1320.3291139240507,434.43037974683546,139.58117129780953,1320.3291139240507,31.283504484401664,31.346585557158743,nan,nan,2.4317650710409757,0.00845898127658435,1.0,0.41511136293411255,nan,nan,nan,nan,68.28080463409424,70.7938585281372,0.0,139.07466840744019
42,42,trpo,trpo_paper,trpo_paper,ALE/Seaquest-v5,atari,0,1,1.0,4317114,101760,89,89,4,1,371.46067415730334,117.68889250804526,1143.370786516854,371.46067415730334,117.68889250804526,1143.370786516854,30.4855332092669,30.521072637210104,nan,nan,2.4901103661495183,0.006324775140943392,1.0,0.3691895604133606,nan,nan,nan,nan,68.39553666114807,74.68308925628662,0.0,143.078631401062
43,43,trpo,trpo_paper,trpo_paper,ALE/Seaquest-v5,atari,0,1,1.0,4419544,102430,92,92,4,1,359.3478260869565,125.15906703268243,1113.3695652173913,359.3478260869565,125.15906703268243,1113.3695652173913,30.417016193986136,30.46315646966221,nan,nan,2.5004605183875572,0.006969373691603388,1.0,0.36285269260406494,nan,nan,nan,nan,68.8384997844696,75.11464428901672,0.0,143.95314979553223
44,44,trpo,trpo_paper,trpo_paper,ALE/Seaquest-v5,atari,0,1,1.0,4522842,103298,76,76,4,1,445.7894736842105,117.06119809622227,1359.1842105263158,445.7894736842105,117.06119809622227,1359.1842105263158,31.268567487995895,31.308397185811923,nan,nan,2.469599276032692,0.007243831177194334,1.0,0.30136436223983765,nan,nan,nan,nan,68.2773380279541,75.6934609413147,0.0,143.97080397605896
45,45,trpo,trpo_paper,trpo_paper,ALE/Seaquest-v5,atari,0,1,1.0,4624974,102132,74,74,4,1,448.64864864864865,129.2004970738108,1380.162162162162,448.64864864864865,129.2004970738108,1380.162162162162,31.0325037390338,31.082197701259155,nan,nan,2.4571379210849686,0.007481692354747967,1.0,0.36504703760147095,nan,nan,nan,nan,66.67515063285828,69.36804437637329,0.0,136.0432004928589
46,46,trpo,trpo_paper,trpo_paper,ALE/Seaquest-v5,atari,0,1,1.0,4727312,102338,76,76,4,1,434.2105263157895,147.92657458396056,1346.5526315789473,434.2105263157895,147.92657458396056,1346.5526315789473,30.680042939817078,30.721053793556646,nan,nan,2.476887995386611,0.006531331038156419,1.0,0.3062099516391754,nan,nan,nan,nan,67.60105657577515,75.03157711029053,0.0,142.63263869285583
47,47,trpo,trpo_paper,trpo_paper,ALE/Seaquest-v5,atari,0,1,1.0,4829924,102612,74,74,4,1,450.81081081081084,97.04772797313696,1386.6486486486488,450.81081081081084,97.04772797313696,1386.6486486486488,30.96998325610065,31.013556071658286,nan,nan,2.49019638297665,0.006355126464737772,1.0,0.31431466341018677,nan,nan,nan,nan,67.65252208709717,75.31514596939087,0.0,142.9676742553711
48,48,trpo,trpo_paper,trpo_paper,ALE/Seaquest-v5,atari,0,1,1.0,4932860,102936,74,74,4,1,456.4864864864865,121.18148588001246,1391.027027027027,456.4864864864865,121.18148588001246,1391.027027027027,31.21036873032758,31.25798266034235,nan,nan,2.489538364554189,0.008383326074643375,1.0,0.33610767126083374,nan,nan,nan,nan,68.25992965698242,69.78077983856201,0.0,138.04071474075317
49,49,trpo,trpo_paper,trpo_paper,ALE/Seaquest-v5,atari,0,1,1.0,5036770,103910,74,74,4,1,454.05405405405406,143.94930525558172,1404.1891891891892,454.05405405405406,143.94930525558172,1404.1891891891892,30.91586709652584,30.9693087768261,nan,nan,2.433105459351843,0.007945471348983268,1.0,0.35835281014442444,nan,nan,nan,nan,68.07765102386475,70.44077110290527,0.0,138.51842784881592
50,50,trpo,trpo_paper,trpo_paper,ALE/Seaquest-v5,atari,0,1,1.0,5139594,102824,77,77,4,1,436.1038961038961,135.1493242859551,1335.3766233766235,436.1038961038961,135.1493242859551,1335.3766233766235,31.0129139050708,31.059026528339686,nan,nan,2.438033450969618,0.006776331596638485,1.0,0.3917258679866791,nan,nan,nan,nan,67.68148994445801,75.45339703559875,0.0021424293518066406,143.13703680038452
51,51,trpo,trpo_paper,trpo_paper,ALE/Seaquest-v5,atari,0,1,1.0,5240857,101263,77,77,4,1,430.38961038961037,124.5296768306114,1315.1038961038962,430.38961038961037,124.5296768306114,1315.1038961038962,31.111970962987467,31.174714373092836,nan,nan,2.4089061741995472,0.0091553437824058,1.0,0.4660338759422302,nan,nan,nan,nan,66.31045436859131,68.77381038665771,0.0,135.08427000045776
52,52,trpo,trpo_paper,trpo_paper,ALE/Seaquest-v5,atari,0,1,1.0,5342991,102134,79,79,4,1,418.73417721518985,125.70174755446752,1292.8354430379748,418.73417721518985,125.70174755446752,1292.8354430379748,30.715780402461473,30.7551644775491,nan,nan,2.3719414893210145,0.008181233770298698,1.0,0.27862563729286194,nan,nan,nan,nan,67.72600936889648,69.19130277633667,0.0,136.9173183441162
53,53,trpo,trpo_paper,trpo_paper,ALE/Seaquest-v5,atari,0,1,1.0,5444570,101579,82,82,4,1,398.780487804878,129.74073813366934,1238.7682926829268,398.780487804878,129.74073813366934,1238.7682926829268,30.513494115417558,30.544316646403292,nan,nan,2.40516199406681,0.00676956671084827,1.0,0.2422615885734558,nan,nan,nan,nan,67.97732377052307,74.53351187705994,0.0,142.5108404159546
54,54,trpo,trpo_paper,trpo_paper,ALE/Seaquest-v5,atari,0,1,1.0,5547729,103159,72,72,4,1,473.05555555555554,138.93082700163424,1432.763888888889,473.05555555555554,138.93082700163424,1432.763888888889,31.47008486293004,31.526041868620286,nan,nan,2.3890660821523086,0.00926624908152426,1.0,0.3524605631828308,nan,nan,nan,nan,69.69971704483032,69.86499691009521,0.0,139.5647189617157
55,55,trpo,trpo_paper,trpo_paper,ALE/Seaquest-v5,atari,0,1,1.0,5650912,103183,71,71,4,1,478.0281690140845,136.97557835490812,1453.281690140845,478.0281690140845,136.97557835490812,1453.281690140845,31.400352862147834,31.476970376660883,nan,nan,2.3545086555107186,0.007611499290027394,1.0,0.515907883644104,nan,nan,nan,nan,68.49281597137451,70.02180910110474,0.0,138.514630317688
56,56,trpo,trpo_paper,trpo_paper,ALE/Seaquest-v5,atari,0,1,1.0,5752607,101695,75,75,4,1,446.1333333333333,118.52305917227903,1355.9333333333334,446.1333333333333,118.52305917227903,1355.9333333333334,31.315070031712473,31.361403891538423,nan,nan,2.3873938740304954,0.007794694009248118,1.0,0.5312619805335999,nan,nan,nan,nan,66.20543217658997,68.87203288078308,0.0,135.0774700641632
57,57,trpo,trpo_paper,trpo_paper,ALE/Seaquest-v5,atari,0,1,1.0,5855454,102847,72,72,4,1,470.55555555555554,141.9300384079041,1428.4305555555557,470.55555555555554,141.9300384079041,1428.4305555555557,31.468936259686718,31.50640818400148,nan,nan,2.369153177778642,0.008685309300507487,1.0,0.40009474754333496,nan,nan,nan,nan,68.25990200042725,69.6437840461731,0.0,137.90369129180908
58,58,trpo,trpo_paper,trpo_paper,ALE/Seaquest-v5,atari,0,1,1.0,5959030,103576,74,74,4,1,456.7567567567568,159.05215962498988,1399.6756756756756,456.7567567567568,159.05215962498988,1399.6756756756756,31.09308518020584,31.15187127085425,nan,nan,2.330542043101201,0.008719151399956574,1.0,0.4130990207195282,nan,nan,nan,nan,68.75367593765259,70.17971515655518,0.0,138.93339657783508
59,59,trpo,trpo_paper,trpo_paper,ALE/Seaquest-v5,atari,0,1,1.0,6062578,103548,72,72,4,1,465.27777777777777,132.2872739136542,1438.1666666666667,465.27777777777777,132.2872739136542,1438.1666666666667,30.909179951568355,30.95497408206822,nan,nan,2.353595354781116,0.008660056652534972,1.0,0.3107917904853821,nan,nan,nan,nan,68.61319351196289,70.27077746391296,0.0,138.88397693634033
60,60,trpo,trpo_paper,trpo_paper,ALE/Seaquest-v5,atari,0,1,1.0,6164795,102217,79,79,4,1,419.746835443038,111.58211693232704,1293.886075949367,419.746835443038,111.58211693232704,1293.886075949367,30.820419961332263,30.88876559794359,nan,nan,2.3788697926347866,0.006370271745825304,1.0,0.5431922078132629,nan,nan,nan,nan,67.22590923309326,69.24814748764038,0.0,136.47406244277954
61,61,trpo,trpo_paper,trpo_paper,ALE/Seaquest-v5,atari,0,1,1.0,6268086,103291,87,87,4,1,388.04597701149424,117.14848697724159,1187.2528735632184,388.04597701149424,117.14848697724159,1187.2528735632184,30.926788151920302,30.99269433566332,nan,nan,2.4055655808740597,0.009604667861906264,1.0,0.4485425353050232,nan,nan,nan,nan,68.39437294006348,69.94186425209045,0.0,138.33624243736267
62,62,trpo,trpo_paper,trpo_paper,ALE/Seaquest-v5,atari,0,1,1.0,6372347,104261,85,85,4,1,398.3529411764706,141.76075171444174,1226.6,398.3529411764706,141.76075171444174,1226.6,30.746728462704176,30.800021700348164,nan,nan,2.434861676765521,0.008602950284558292,1.0,0.5520434975624084,nan,nan,nan,nan,68.8747205734253,70.64901065826416,0.0,139.52373623847961
63,63,trpo,trpo_paper,trpo_paper,ALE/Seaquest-v5,atari,0,1,1.0,6473110,100763,93,93,4,1,349.89247311827955,136.58267513724837,1083.47311827957,349.89247311827955,136.58267513724837,1083.47311827957,30.38409808163711,30.429857840923752,nan,nan,2.4181520390048927,0.008829127840875077,1.0,0.3208639323711395,nan,nan,nan,nan,66.20631456375122,68.35769867897034,0.0,134.5640184879303
64,64,trpo,trpo_paper,trpo_paper,ALE/Seaquest-v5,atari,0,1,1.0,6574823,101713,98,98,4,1,322.6530612244898,138.16989704639929,1037.8877551020407,322.6530612244898,138.16989704639929,1037.8877551020407,29.171812554073718,29.21756345059137,nan,nan,2.39972926368956,0.0099232610607063,1.0,0.29687294363975525,nan,nan,nan,nan,67.12402987480164,68.92604374885559,0.0,136.0500783920288
65,65,trpo,trpo_paper,trpo_paper,ALE/Seaquest-v5,atari,0,1,1.0,6676948,102125,90,90,4,1,363.55555555555554,142.41029231774186,1134.7222222222222,363.55555555555554,142.41029231774186,1134.7222222222222,30.201396190330478,30.239879666462667,nan,nan,2.3829722115973073,0.006324963007924789,1.0,0.3393925428390503,nan,nan,nan,nan,67.96502208709717,74.91955280303955,0.0,142.88458061218262
66,66,trpo,trpo_paper,trpo_paper,ALE/Seaquest-v5,atari,0,1,1.0,6780072,103124,92,92,4,1,363.9130434782609,130.29195078193942,1120.9130434782608,363.9130434782609,130.29195078193942,1120.9130434782608,30.72512066783678,30.78566170944688,nan,nan,2.3766279229828897,0.009907541918412581,1.0,0.37467896938323975,nan,nan,nan,nan,67.74625706672668,69.89158177375793,0.0,137.63784384727478
67,67,trpo,trpo_paper,trpo_paper,ALE/Seaquest-v5,atari,0,1,1.0,6882583,102511,90,90,4,1,370.22222222222223,138.6680911607744,1139.0111111111112,370.22222222222223,138.6680911607744,1139.0111111111112,30.646955418199024,30.697921747422228,nan,nan,2.370299304007619,0.007446666106378836,1.0,0.3382774591445923,nan,nan,nan,nan,67.01069164276123,69.3982048034668,0.0,136.40890097618103
68,68,trpo,trpo_paper,trpo_paper,ALE/Seaquest-v5,atari,0,1,1.0,6983924,101341,95,95,4,1,335.7894736842105,126.25437103318897,1066.7473684210527,335.7894736842105,126.25437103318897,1066.7473684210527,29.53645242300747,29.57513686772876,nan,nan,2.4145084051771986,0.00993564409428973,1.0,0.3039906620979309,nan,nan,nan,nan,67.67438864707947,68.70477867126465,0.0,136.3791732788086
69,69,trpo,trpo_paper,trpo_paper,ALE/Seaquest-v5,atari,0,1,1.0,7086646,102722,98,98,4,1,337.3469387755102,134.5176645740835,1048.1836734693877,337.3469387755102,134.5176645740835,1048.1836734693877,30.237973760489478,30.27218868037032,nan,nan,2.3890719612157083,0.006525363116325743,1.0,0.3228707015514374,nan,nan,nan,nan,67.57806873321533,75.31226706504822,0.0,142.89034128189087
70,70,trpo,trpo_paper,trpo_paper,ALE/Seaquest-v5,atari,0,1,1.0,7189929,103283,93,93,4,1,351.39784946236557,133.55029174615348,1110.5698924731182,351.39784946236557,133.55029174615348,1110.5698924731182,29.916048321117707,29.966014948006933,nan,nan,2.3699862422905995,0.00958131130396614,1.0,0.3283616900444031,nan,nan,nan,nan,68.36803913116455,69.99414849281311,0.0,138.36219215393066
71,71,trpo,trpo_paper,trpo_paper,ALE/Seaquest-v5,atari,0,1,1.0,7293362,103433,77,77,4,1,441.038961038961,111.56018020204507,1343.2857142857142,441.038961038961,111.56018020204507,1343.2857142857142,31.208710892558468,31.259677007096382,nan,nan,2.365188612057443,0.006348694077013593,1.0,0.37927982211112976,nan,nan,nan,nan,67.84207916259766,75.57101488113403,0.0,143.4130997657776
72,72,trpo,trpo_paper,trpo_paper,ALE/Seaquest-v5,atari,0,1,1.0,7394871,101509,83,83,4,1,400.96385542168673,127.4742067728395,1223.0,400.96385542168673,127.4742067728395,1223.0,30.966300401934802,31.01710870464688,nan,nan,2.373255229947283,0.007414650393313753,1.0,0.36141565442085266,nan,nan,nan,nan,66.82488751411438,68.79798817634583,0.0,135.62288188934326
73,73,trpo,trpo_paper,trpo_paper,ALE/Seaquest-v5,atari,0,1,1.0,7497939,103068,82,82,4,1,406.5853658536585,138.10758895623792,1256.9268292682927,406.5853658536585,138.10758895623792,1256.9268292682927,30.698781387045447,30.754012217662126,nan,nan,2.4043438517228917,0.008722114738633687,1.0,0.3780883550643921,nan,nan,nan,nan,67.84782695770264,69.88745832443237,0.0,137.73529076576233
74,74,trpo,trpo_paper,trpo_paper,ALE/Seaquest-v5,atari,0,1,1.0,7600194,102255,82,82,4,1,403.9024390243902,132.38668507178153,1247.0121951219512,403.9024390243902,132.38668507178153,1247.0121951219512,30.659312808664613,30.706155414160676,nan,nan,2.425526009577771,0.007159322723320963,1.0,0.4673316478729248,nan,nan,nan,nan,67.22360730171204,69.19795370101929,0.0,136.4215657711029
75,75,trpo,trpo_paper,trpo_paper,ALE/Seaquest-v5,atari,0,1,1.0,7701022,100828,84,84,4,1,392.6190476190476,129.97361497461384,1200.3333333333333,392.6190476190476,129.97361497461384,1200.3333333333333,30.910268058599794,30.97985306660848,nan,nan,2.4132062499070197,0.008303273560136194,1.0,0.4608705937862396,nan,nan,nan,nan,65.71353483200073,68.37446546554565,0.002093076705932617,134.09010004997253
76,76,trpo,trpo_paper,trpo_paper,ALE/Seaquest-v5,atari,0,1,1.0,7804127,103105,85,85,4,1,388.0,142.8516301457359,1213.0,388.0,142.8516301457359,1213.0,30.324679331749188,30.37645497914747,nan,nan,2.471271900080622,0.008432986728531242,1.0,0.47833114862442017,nan,nan,nan,nan,68.6730272769928,69.85361075401306,0.0,138.52664303779602
77,77,trpo,trpo_paper,trpo_paper,ALE/Seaquest-v5,atari,0,1,1.0,7907840,103713,87,87,4,1,384.367816091954,149.24870202500952,1192.103448275862,384.367816091954,149.24870202500952,1192.103448275862,30.572644882994418,30.626473718338104,nan,nan,2.453092081633932,0.006258524681099436,1.0,0.48826104402542114,nan,nan,nan,nan,68.06792187690735,75.95097041130066,0.0,144.01889753341675
78,78,trpo,trpo_paper,trpo_paper,ALE/Seaquest-v5,atari,0,1,1.0,8011470,103630,76,76,4,1,440.7894736842105,131.7270219440541,1363.5526315789473,440.7894736842105,131.7270219440541,1363.5526315789473,30.791576401621153,30.840302186866737,nan,nan,2.4049136934737767,0.007840800155477239,1.0,0.38071542978286743,nan,nan,nan,nan,69.40969896316528,70.08831024169922,0.0,139.49801445007324
79,79,trpo,trpo_paper,trpo_paper,ALE/Seaquest-v5,atari,0,1,1.0,8114899,103429,82,82,4,1,405.1219512195122,137.1419409122109,1261.3292682926829,405.1219512195122,137.1419409122109,1261.3292682926829,30.443632830250703,30.50224761672258,nan,nan,2.3756095100564156,0.008499007329739794,1.0,0.4618130028247833,nan,nan,nan,nan,68.01969885826111,70.01877927780151,0.0,138.0384840965271
80,80,trpo,trpo_paper,trpo_paper,ALE/Seaquest-v5,atari,0,1,1.0,8217577,102678,75,75,4,1,444.0,124.75041750097138,1369.04,444.0,124.75041750097138,1369.04,30.907863052455248,30.994408642795925,nan,nan,2.3130206659410972,0.007848345987591205,1.0,0.65071702003479,nan,nan,nan,nan,69.33060455322266,69.42313694953918,0.0,138.75374746322632
81,81,trpo,trpo_paper,trpo_paper,ALE/Seaquest-v5,atari,0,1,1.0,8319810,102233,72,72,4,1,464.44444444444446,130.86134401734031,1419.9027777777778,464.44444444444446,130.86134401734031,1419.9027777777778,31.154823112400106,31.21046874847163,nan,nan,2.3523636818743703,0.00836415987776786,1.0,0.5152493715286255,nan,nan,nan,nan,67.54262280464172,69.170569896698,0.0,136.71319770812988
82,82,trpo,trpo_paper,trpo_paper,ALE/Seaquest-v5,atari,0,1,1.0,8423027,103217,77,77,4,1,433.5064935064935,130.86888683812498,1340.4805194805194,433.5064935064935,130.86888683812498,1340.4805194805194,30.827847671652925,30.884772493872134,nan,nan,2.336112741390711,0.008828201741986388,1.0,0.4869988262653351,nan,nan,nan,nan,68.9960732460022,69.91135811805725,0.0,138.90743708610535
83,83,trpo,trpo_paper,trpo_paper,ALE/Seaquest-v5,atari,0,1,1.0,8527248,104221,82,82,4,1,415.8536585365854,134.48139974308347,1270.9878048780488,415.8536585365854,134.48139974308347,1270.9878048780488,31.128803216242407,31.174303583250975,nan,nan,2.3817993565806077,0.006389269213733162,1.0,0.44439759850502014,nan,nan,nan,nan,68.37840175628662,76.21812558174133,0.0,144.59653234481812
84,84,trpo,trpo_paper,trpo_paper,ALE/Seaquest-v5,atari,0,1,1.0,8631722,104474,85,85,4,1,391.29411764705884,142.85976863627383,1229.105882352941,391.29411764705884,142.85976863627383,1229.105882352941,30.152999490303806,30.203866063566053,nan,nan,2.4213913737658412,0.007990807643951145,1.0,0.3825863003730774,nan,nan,nan,nan,68.39162349700928,70.72862458229065,0.0,139.12025380134583
85,85,trpo,trpo_paper,trpo_paper,ALE/Seaquest-v5,atari,0,1,1.0,8735393,103671,81,81,4,1,415.0617283950617,133.05641110177388,1279.888888888889,415.0617283950617,133.05641110177388,1279.888888888889,30.754896499503236,30.797462043387252,nan,nan,2.449938038286382,0.007512105279010326,1.0,0.3795010447502136,nan,nan,nan,nan,68.67937803268433,70.12622380256653,0.0,138.8056080341339
86,86,trpo,trpo_paper,trpo_paper,ALE/Seaquest-v5,atari,0,1,1.0,8837766,102373,78,78,4,1,424.35897435897436,133.92104202246918,1312.474358974359,424.35897435897436,133.92104202246918,1312.474358974359,30.710495107352525,30.75273547773827,nan,nan,2.4527334897568207,0.008459627807762464,1.0,0.35651978850364685,nan,nan,nan,nan,67.33017158508301,69.3494644165039,0.0,136.67964148521423
87,87,trpo,trpo_paper,trpo_paper,ALE/Seaquest-v5,atari,0,1,1.0,8941187,103421,83,83,4,1,402.4096385542169,136.40469872702008,1246.0361445783133,402.4096385542169,136.40469872702008,1246.0361445783133,30.60251318035022,30.650074392531497,nan,nan,2.4522729003297203,0.007860830400088557,1.0,0.4622901976108551,nan,nan,nan,nan,67.42008399963379,69.94416999816895,0.0,137.36425876617432
88,88,trpo,trpo_paper,trpo_paper,ALE/Seaquest-v5,atari,0,1,1.0,9046944,105757,86,86,4,1,400.2325581395349,136.92619590865024,1229.7325581395348,400.2325581395349,136.92619590865024,1229.7325581395348,30.89737366675492,30.945410232892385,nan,nan,2.458908397464234,0.006568252693739352,1.0,0.5119412541389465,nan,nan,nan,nan,70.01745057106018,77.53037405014038,0.0,147.54783058166504
89,89,trpo,trpo_paper,trpo_paper,ALE/Seaquest-v5,atari,0,1,1.0,9148624,101680,81,81,4,1,408.8888888888889,130.75280607427246,1255.3086419753085,408.8888888888889,130.75280607427246,1255.3086419753085,30.822019140932337,30.879428568794257,nan,nan,2.4556910312991738,0.00984325995456272,1.0,0.3805021047592163,nan,nan,nan,nan,66.94836568832397,69.06146359443665,0.0,136.0098340511322
90,90,trpo,trpo_paper,trpo_paper,ALE/Seaquest-v5,atari,0,1,1.0,9252565,103941,79,79,4,1,429.36708860759495,134.51593263264436,1315.7088607594937,429.36708860759495,134.51593263264436,1315.7088607594937,31.07073363735196,31.132147835069894,nan,nan,2.409960084401848,0.008352020353388074,1.0,0.45558562874794006,nan,nan,nan,nan,67.8046407699585,70.39656662940979,0.0,138.20121383666992
91,91,trpo,trpo_paper,trpo_paper,ALE/Seaquest-v5,atari,0,1,1.0,9356212,103647,85,85,4,1,399.05882352941177,146.7741244178139,1219.3764705882354,399.05882352941177,146.7741244178139,1219.3764705882354,30.975103596823836,31.017460104971683,nan,nan,2.458945678827535,0.006345973762381468,1.0,0.37787848711013794,nan,nan,nan,nan,69.2604730129242,75.99220156669617,0.0,145.25268077850342
92,92,trpo,trpo_paper,trpo_paper,ALE/Seaquest-v5,atari,0,1,1.0,9458126,101914,86,86,4,1,383.25581395348837,120.65173656423428,1185.046511627907,383.25581395348837,120.65173656423428,1185.046511627907,30.532039421718313,30.574521624850362,nan,nan,2.423928163390211,0.00639709837476889,1.0,0.4356972575187683,nan,nan,nan,nan,66.44432425498962,74.78684663772583,0.0,141.23117589950562
93,93,trpo,trpo_paper,trpo_paper,ALE/Seaquest-v5,atari,0,1,1.0,9560319,102193,91,91,4,1,363.0769230769231,138.24402940184368,1123.0,363.0769230769231,138.24402940184368,1123.0,30.49252983631462,30.561816550546514,nan,nan,2.4001242498110194,0.008380682507628771,1.0,0.46057939529418945,nan,nan,nan,nan,67.0180869102478,69.23935961723328,0.0,136.25745844841003
94,94,trpo,trpo_paper,trpo_paper,ALE/Seaquest-v5,atari,0,1,1.0,9662759,102440,83,83,4,1,400.96385542168673,149.5987763128173,1234.2168674698796,400.96385542168673,149.5987763128173,1234.2168674698796,30.811918485820968,30.8889256821066,nan,nan,2.457988527201899,0.009333152892718972,1.0,0.5583403706550598,nan,nan,nan,nan,67.36316990852356,69.39343190193176,0.0,136.75660681724548
95,95,trpo,trpo_paper,trpo_paper,ALE/Seaquest-v5,atari,0,1,1.0,9764374,101615,89,89,4,1,368.314606741573,139.6563676407136,1141.741573033708,368.314606741573,139.6563676407136,1141.741573033708,30.424005514072725,30.464602912955765,nan,nan,2.445232469254355,0.007909908477299997,1.0,0.3646658957004547,nan,nan,nan,nan,68.42209672927856,68.89468002319336,0.0,137.31678700447083
96,96,trpo,trpo_paper,trpo_paper,ALE/Seaquest-v5,atari,0,1,1.0,9867560,103186,84,84,4,1,394.5238095238095,143.8700203879874,1228.404761904762,394.5238095238095,143.8700203879874,1228.404761904762,30.39617626179908,30.439578316099084,nan,nan,2.4674869403007675,0.006648659607492249,1.0,0.39450740814208984,nan,nan,nan,nan,68.00424528121948,75.56773090362549,0.0,143.5719814300537
97,97,trpo,trpo_paper,trpo_paper,ALE/Seaquest-v5,atari,0,1,1.0,9970824,103264,82,82,4,1,409.5121951219512,140.9108214700935,1259.3170731707316,409.5121951219512,140.9108214700935,1259.3170731707316,30.83827737643322,30.901059269203206,nan,nan,2.474207889638451,0.008932004203061164,1.0,0.41199222207069397,nan,nan,nan,nan,67.91633772850037,70.01661515235901,0.0,137.93295860290527
98,98,trpo,trpo_paper,trpo_paper,ALE/Seaquest-v5,atari,0,1,1.0,10073907,103083,83,83,4,1,398.5542168674699,125.79513398868049,1241.9638554216867,398.5542168674699,125.79513398868049,1241.9638554216867,30.48079854340677,30.533015415975477,nan,nan,2.4521753992383566,0.00865180031257721,1.0,0.4236329197883606,nan,nan,nan,nan,67.98820185661316,69.89053606987,0.0,137.87874245643616
99,99,trpo,trpo_paper,trpo_paper,ALE/Seaquest-v5,atari,0,1,1.0,10174800,100893,84,84,4,1,382.6190476190476,119.03499933111956,1201.107142857143,382.6190476190476,119.03499933111956,1201.107142857143,30.147708618288682,30.192401154564738,nan,nan,2.4484776386323257,0.008835989940508071,1.0,0.35423120856285095,nan,nan,nan,nan,65.86407685279846,68.34178590774536,0.0,134.2058732509613
100,100,trpo,trpo_paper,trpo_paper,ALE/Seaquest-v5,atari,0,1,1.0,10277126,102326,90,90,4,1,369.3333333333333,125.47509713086497,1136.9555555555555,369.3333333333333,125.47509713086497,1136.9555555555555,30.612256873863924,30.661781951801107,nan,nan,2.4210363430970623,0.006602384855323549,1.0,0.3289823532104492,nan,nan,nan,nan,67.60855531692505,75.1632833480835,0.002081155776977539,142.77392601966858
101,101,trpo,trpo_paper,trpo_paper,ALE/Seaquest-v5,atari,0,1,1.0,10380192,103066,94,94,4,1,358.0851063829787,124.18480219950068,1096.4468085106382,358.0851063829787,124.18480219950068,1096.4468085106382,30.788864053131004,30.85043958482914,nan,nan,2.3832091094844565,0.00869316539327915,1.0,0.504389226436615,nan,nan,nan,nan,67.65196084976196,69.74124836921692,0.0,137.39321374893188
102,102,trpo,trpo_paper,trpo_paper,ALE/Seaquest-v5,atari,0,1,1.0,10482683,102491,103,103,4,1,316.31067961165047,111.18942370656629,995.0582524271845,316.31067961165047,111.18942370656629,995.0582524271845,29.75817617522514,29.81491286430028,nan,nan,2.3341515962377186,0.00846708595499992,1.0,0.40775972604751587,nan,nan,nan,nan,67.40791463851929,69.43002939224243,0.0,136.83794903755188
103,103,trpo,trpo_paper,trpo_paper,ALE/Seaquest-v5,atari,0,1,1.0,10584962,102279,88,88,4,1,376.59090909090907,130.5311384274785,1162.2613636363637,376.59090909090907,130.5311384274785,1162.2613636363637,30.621670107011216,30.662811097586015,nan,nan,2.318190957378225,0.009104983995492696,1.0,0.364078551530838,nan,nan,nan,nan,67.51784181594849,69.30662870407104,0.0,136.8244752883911
104,104,trpo,trpo_paper,trpo_paper,ALE/Seaquest-v5,atari,0,1,1.0,10688250,103288,92,92,4,1,367.82608695652175,134.5186756628216,1122.695652173913,367.82608695652175,134.5186756628216,1122.695652173913,30.87113731750058,30.92855656029742,nan,nan,2.344512563626704,0.009066542557074762,1.0,0.4341306686401367,nan,nan,nan,nan,70.13710713386536,70.00340914726257,0.0,140.1405212879181
105,105,trpo,trpo_paper,trpo_paper,ALE/Seaquest-v5,atari,0,1,1.0,10791920,103670,90,90,4,1,366.22222222222223,149.0605975044883,1151.888888888889,366.22222222222223,149.0605975044883,1151.888888888889,30.045413933635576,30.098838411546254,nan,nan,2.379491735344121,0.008377035424829081,1.0,0.3485378623008728,nan,nan,nan,nan,68.15309023857117,70.10198783874512,0.0,138.25508308410645
106,106,trpo,trpo_paper,trpo_paper,ALE/Seaquest-v5,atari,0,1,1.0,10893847,101927,85,85,4,1,395.29411764705884,146.637514141618,1199.1411764705883,395.29411764705884,146.637514141618,1199.1411764705883,31.21885393467874,31.268910976115258,nan,nan,2.398809290671878,0.008394162023261518,1.0,0.3660510778427124,nan,nan,nan,nan,67.95866417884827,68.97385811805725,0.0,136.93252682685852
107,107,trpo,trpo_paper,trpo_paper,ALE/Seaquest-v5,atari,0,1,1.0,10996792,102945,70,70,4,1,486.2857142857143,138.00798557196845,1470.642857142857,486.2857142857143,138.00798557196845,1470.642857142857,31.56717634416436,31.625508159696924,nan,nan,2.3759461780258877,0.007679474809929816,1.0,0.5298087000846863,nan,nan,nan,nan,68.60523295402527,69.65062308311462,0.0,138.25586104393005
108,108,trpo,trpo_paper,trpo_paper,ALE/Seaquest-v5,atari,0,1,1.0,11097996,101204,73,73,4,1,450.13698630136986,110.6951032895651,1386.3561643835617,450.13698630136986,110.6951032895651,1386.3561643835617,30.96162129831825,31.02393162881408,nan,nan,2.3950331080200633,0.009816800756727815,1.0,0.48047053813934326,nan,nan,nan,nan,67.15770077705383,68.65606117248535,0.0,135.8137674331665
109,109,trpo,trpo_paper,trpo_paper,ALE/Seaquest-v5,atari,0,1,1.0,11199956,101960,76,76,4,1,426.8421052631579,124.58574014789754,1341.578947368421,426.8421052631579,124.58574014789754,1341.578947368421,30.30910973053158,30.358118073264023,nan,nan,2.3492277532243038,0.007738494397155289,1.0,0.458413302898407,nan,nan,nan,nan,67.53338289260864,69.10774493217468,0.0,136.64113235473633
110,110,trpo,trpo_paper,trpo_paper,ALE/Seaquest-v5,atari,0,1,1.0,11304233,104277,73,73,4,1,455.3424657534247,143.44186156319424,1428.4520547945206,455.3424657534247,143.44186156319424,1428.4520547945206,30.489421954266042,30.54565873826443,nan,nan,2.345226067798987,0.009574076588237527,1.0,0.4398605525493622,nan,nan,nan,nan,68.76478695869446,70.60575318336487,0.0,139.3705461025238
111,111,trpo,trpo_paper,trpo_paper,ALE/Seaquest-v5,atari,0,1,1.0,11408902,104669,81,81,4,1,421.2345679012346,137.39537178441003,1292.20987654321,421.2345679012346,137.39537178441003,1292.20987654321,30.953397734763875,31.02295271283761,nan,nan,2.362416059793253,0.008914818708215696,1.0,0.5721785426139832,nan,nan,nan,nan,69.75174307823181,70.82188820838928,0.0,140.5736358165741
112,112,trpo,trpo_paper,trpo_paper,ALE/Seaquest-v5,atari,0,1,1.0,11512962,104060,81,81,4,1,412.5925925925926,149.94466286079995,1284.6913580246915,412.5925925925926,149.94466286079995,1284.6913580246915,30.497104735248893,30.553547232365943,nan,nan,2.3856496740161925,0.007691419963223182,1.0,0.4091951549053192,nan,nan,nan,nan,68.44355154037476,70.56615018844604,0.0,139.00970792770386
113,113,trpo,trpo_paper,trpo_paper,ALE/Seaquest-v5,atari,0,1,1.0,11616032,103070,83,83,4,1,407.71084337349396,133.78030273733702,1241.8072289156626,407.71084337349396,133.78030273733702,1241.8072289156626,31.09381306393713,31.140065004365965,nan,nan,2.420407654915955,0.007605999146653295,1.0,0.44667139649391174,nan,nan,nan,nan,67.5988917350769,69.78116798400879,0.0,137.38006496429443
114,114,trpo,trpo_paper,trpo_paper,ALE/Seaquest-v5,atari,0,1,1.0,11718345,102313,83,83,4,1,408.1927710843373,139.15532258294851,1232.686746987952,408.1927710843373,139.15532258294851,1232.686746987952,31.377252279768943,31.4294723972027,nan,nan,2.4302686669826903,0.006193478215935957,1.0,0.5651038885116577,nan,nan,nan,nan,67.87649202346802,75.13740468025208,0.0,143.01390194892883
115,115,trpo,trpo_paper,trpo_paper,ALE/Seaquest-v5,atari,0,1,1.0,11820295,101950,95,95,4,1,345.89473684210526,154.34407725217537,1073.157894736842,345.89473684210526,154.34407725217537,1073.157894736842,30.34684204879843,30.398198871996076,nan,nan,2.419088132969593,0.007909358326325585,1.0,0.4582759737968445,nan,nan,nan,nan,66.62015962600708,68.94194626808167,0.0,135.56211185455322
116,116,trpo,trpo_paper,trpo_paper,ALE/Seaquest-v5,atari,0,1,1.0,11921979,101684,93,93,4,1,354.19354838709677,112.85467466075696,1093.3763440860216,354.19354838709677,112.85467466075696,1093.3763440860216,30.501795083297274,30.555435528205027,nan,nan,2.42018664959427,0.008772234873606061,1.0,0.4077697992324829,nan,nan,nan,nan,66.47576427459717,68.75223183631897,0.0,135.22800135612488
117,117,trpo,trpo_paper,trpo_paper,ALE/Seaquest-v5,atari,0,1,1.0,12025069,103090,80,80,4,1,421.5,114.0953548572421,1288.625,421.5,114.0953548572421,1288.625,31.053506493112813,31.12170024371908,nan,nan,2.391314021728587,0.009234520680523049,1.0,0.6569057106971741,nan,nan,nan,nan,67.96317195892334,69.8332781791687,0.0,137.79645657539368
118,118,trpo,trpo_paper,trpo_paper,ALE/Seaquest-v5,atari,0,1,1.0,12129739,104670,71,71,4,1,484.50704225352115,134.82162166624659,1474.225352112676,484.50704225352115,134.82162166624659,1474.225352112676,31.377062882153435,31.42559383061049,nan,nan,2.328558430663036,0.0076987302636995865,1.0,0.4978187084197998,nan,nan,nan,nan,69.12090277671814,70.91046071052551,0.0,140.0313684940338
119,119,trpo,trpo_paper,trpo_paper,ALE/Seaquest-v5,atari,0,1,1.0,12234156,104417,77,77,4,1,437.14285714285717,139.5619970493693,1356.064935064935,437.14285714285717,139.5619970493693,1356.064935064935,30.692946311424386,30.743102027208213,nan,nan,2.3048633648615646,0.00976662155683455,1.0,0.45762869715690613,nan,nan,nan,nan,69.23357820510864,70.70449042320251,0.0,139.93808102607727
120,120,trpo,trpo_paper,trpo_paper,ALE/Seaquest-v5,atari,0,1,1.0,12337181,103025,79,79,4,1,420.0,134.33379924744617,1304.113924050633,420.0,134.33379924744617,1304.113924050633,30.585271323707836,30.641819643290464,nan,nan,2.2521460393411794,0.009764413182772614,1.0,0.4006845951080322,nan,nan,nan,nan,68.64526581764221,69.85623598098755,0.0,138.50150680541992
121,121,trpo,trpo_paper,trpo_paper,ALE/Seaquest-v5,atari,0,1,1.0,12440285,103104,73,73,4,1,459.45205479452056,123.59778349476545,1412.3835616438357,459.45205479452056,123.59778349476545,1412.3835616438357,31.035250360073324,31.09739271148549,nan,nan,2.252841696096902,0.00833104246467685,1.0,0.4865472614765167,nan,nan,nan,nan,68.42434978485107,69.94483518600464,0.0,138.36919021606445
122,122,trpo,trpo_paper,trpo_paper,ALE/Seaquest-v5,atari,0,1,1.0,12542855,102570,86,86,4,1,387.90697674418607,140.8703533854904,1192.6744186046512,387.90697674418607,140.8703533854904,1192.6744186046512,30.7539506556498,30.803338116652043,nan,nan,2.27734786304475,0.008888221320999352,1.0,0.350816547870636,nan,nan,nan,nan,69.4598548412323,69.42119216918945,0.0,138.88105249404907
123,123,trpo,trpo_paper,trpo_paper,ALE/Seaquest-v5,atari,0,1,1.0,12644372,101517,87,87,4,1,381.37931034482756,118.83701205435592,1166.8620689655172,381.37931034482756,118.83701205435592,1166.8620689655172,30.93178967254253,30.989824056561954,nan,nan,2.2639083751828513,0.009425742105109715,1.0,0.3540363311767578,nan,nan,nan,nan,66.22836112976074,68.75493502616882,0.0,134.98330211639404
124,124,trpo,trpo_paper,trpo_paper,ALE/Seaquest-v5,atari,0,1,1.0,12748191,103819,78,78,4,1,433.84615384615387,108.99577466793615,1331.0128205128206,433.84615384615387,108.99577466793615,1331.0128205128206,30.99437031034782,31.057533423554457,nan,nan,2.2636971593891775,0.00855337548094047,1.0,0.4083634912967682,nan,nan,nan,nan,68.1888542175293,70.27160143852234,0.0,138.4604606628418
125,125,trpo,trpo_paper,trpo_paper,ALE/Seaquest-v5,atari,0,1,1.0,12851016,102825,77,77,4,1,439.2207792207792,121.73812893155724,1335.3896103896104,439.2207792207792,121.73812893155724,1335.3896103896104,31.370072939460247,31.419549902747388,nan,nan,2.3014397185752493,0.008953467591584396,1.0,0.41376715898513794,nan,nan,nan,nan,68.23521447181702,69.60044884681702,0.0020439624786376953,137.83771419525146
126,126,trpo,trpo_paper,trpo_paper,ALE/Seaquest-v5,atari,0,1,1.0,12953493,102477,82,82,4,1,407.8048780487805,126.4431270036001,1249.719512195122,407.8048780487805,126.4431270036001,1249.719512195122,30.964551954340973,31.019027592776915,nan,nan,2.3469154301849438,0.008300534963250589,1.0,0.45143112540245056,nan,nan,nan,nan,68.21196746826172,69.41187906265259,0.0,137.62385153770447
127,127,trpo,trpo_paper,trpo_paper,ALE/Seaquest-v5,atari,0,1,1.0,13056454,102961,76,76,4,1,445.7894736842105,141.11644275389196,1354.75,445.7894736842105,141.11644275389196,1354.75,31.382618175814144,31.439978486999934,nan,nan,2.3586340109968824,0.008996302875099508,1.0,0.5299320220947266,nan,nan,nan,nan,67.93126511573792,69.81544280052185,0.0,137.746728181839
128,128,trpo,trpo_paper,trpo_paper,ALE/Seaquest-v5,atari,0,1,1.0,13159616,103162,75,75,4,1,450.4,128.1815379322103,1375.4933333333333,450.4,128.1815379322103,1375.4933333333333,31.170689364785485,31.226625810618252,nan,nan,2.3073746040814447,0.008135762185880843,1.0,0.4802103340625763,nan,nan,nan,nan,68.05267143249512,69.87968397140503,0.0,137.93236112594604
129,129,trpo,trpo_paper,trpo_paper,ALE/Seaquest-v5,atari,0,1,1.0,13262286,102670,81,81,4,1,413.58024691358025,150.48324333092978,1267.530864197531,413.58024691358025,150.48324333092978,1267.530864197531,30.935747266728352,31.00580394102464,nan,nan,2.3219293306223823,0.008642574116203753,1.0,0.5562436580657959,nan,nan,nan,nan,68.10650491714478,69.53384494781494,0.0,137.64035606384277
130,130,trpo,trpo_paper,trpo_paper,ALE/Seaquest-v5,atari,0,1,1.0,13366390,104104,90,90,4,1,376.8888888888889,124.54043916597662,1156.7111111111112,376.8888888888889,124.54043916597662,1156.7111111111112,30.76003308590448,30.80540793341274,nan,nan,2.3596621321136797,0.009703195502130306,1.0,0.37350091338157654,nan,nan,nan,nan,68.84593558311462,70.48907899856567,0.0,139.33501958847046
131,131,trpo,trpo_paper,trpo_paper,ALE/Seaquest-v5,atari,0,1,1.0,13469511,103121,85,85,4,1,402.11764705882354,125.25826606652784,1213.1882352941177,402.11764705882354,125.25826606652784,1213.1882352941177,31.372672485478226,31.430074105904716,nan,nan,2.353773097108009,0.007716083539118855,1.0,0.43608081340789795,nan,nan,nan,nan,67.76803469657898,69.83891534805298,0.0,137.6070384979248
132,132,trpo,trpo_paper,trpo_paper,ALE/Seaquest-v5,atari,0,1,1.0,13572905,103394,89,89,4,1,378.4269662921348,138.08399069516435,1161.7303370786517,378.4269662921348,138.08399069516435,1161.7303370786517,30.73750728403002,30.80163153205215,nan,nan,2.3765530983875998,0.008812517267878755,1.0,0.41537711024284363,nan,nan,nan,nan,68.38579154014587,70.05726742744446,0.0,138.4430637359619
133,133,trpo,trpo_paper,trpo_paper,ALE/Seaquest-v5,atari,0,1,1.0,13675105,102200,86,86,4,1,386.51162790697674,129.01926520882196,1188.3720930232557,386.51162790697674,129.01926520882196,1188.3720930232557,30.710363105430527,30.75592794459393,nan,nan,2.444893820327789,0.00795472967801087,1.0,0.41975662112236023,nan,nan,nan,nan,67.76637983322144,69.19656276702881,0.0,136.96294856071472
134,134,trpo,trpo_paper,trpo_paper,ALE/Seaquest-v5,atari,0,1,1.0,13777235,102130,88,88,4,1,373.1818181818182,128.6251199711911,1160.5681818181818,373.1818181818182,128.6251199711911,1160.5681818181818,30.260618130691277,30.300663140727504,nan,nan,2.4344364355631303,0.00944941269754882,1.0,0.43021002411842346,nan,nan,nan,nan,68.06891322135925,69.19586324691772,0.0,137.26478123664856
135,135,trpo,trpo_paper,trpo_paper,ALE/Seaquest-v5,atari,0,1,1.0,13879738,102503,83,83,4,1,401.2048192771084,139.20079620290093,1234.9759036144578,401.2048192771084,139.20079620290093,1234.9759036144578,30.780640642834843,30.83489233241954,nan,nan,2.390248143651893,0.008598974528474558,1.0,0.44703027606010437,nan,nan,nan,nan,67.49599409103394,69.50945544242859,0.0,137.00545477867126
136,136,trpo,trpo_paper,trpo_paper,ALE/Seaquest-v5,atari,0,1,1.0,13982953,103215,85,85,4,1,394.3529411764706,128.17678103787688,1214.2941176470588,394.3529411764706,128.17678103787688,1214.2941176470588,30.777751235285567,30.822144764569103,nan,nan,2.3923189193976167,0.007314343771748871,1.0,0.3485497832298279,nan,nan,nan,nan,69.38163638114929,69.848708152771,0.0,139.23034930229187
137,137,trpo,trpo_paper,trpo_paper,ALE/Seaquest-v5,atari,0,1,1.0,14085317,102364,86,86,4,1,387.90697674418607,129.0494431934301,1190.2790697674418,387.90697674418607,129.0494431934301,1190.2790697674418,30.811046241842835,30.856691485165683,nan,nan,2.4434864967939167,0.008323050507930117,1.0,0.4264836311340332,nan,nan,nan,nan,68.09550023078918,69.431715965271,0.0,137.5272228717804
138,138,trpo,trpo_paper,trpo_paper,ALE/Seaquest-v5,atari,0,1,1.0,14188636,103319,89,89,4,1,373.4831460674157,138.78364961816726,1160.887640449438,373.4831460674157,138.78364961816726,1160.887640449438,30.398298897105082,30.451539044125475,nan,nan,2.4448706607388284,0.008488916164372305,1.0,0.46332621574401855,nan,nan,nan,nan,67.91897559165955,69.95892071723938,0.0,137.8779013156891
139,139,trpo,trpo_paper,trpo_paper,ALE/Seaquest-v5,atari,0,1,1.0,14291835,103199,90,90,4,1,370.22222222222223,139.721769382964,1146.6555555555556,370.22222222222223,139.721769382964,1146.6555555555556,30.443474046502388,30.486595830628204,nan,nan,2.4257201953265053,0.006267097069782036,1.0,0.4581001400947571,nan,nan,nan,nan,68.75489950180054,75.65457487106323,0.0,144.40947914123535
140,140,trpo,trpo_paper,trpo_paper,ALE/Seaquest-v5,atari,0,1,1.0,14393160,101325,95,95,4,1,344.0,111.7365322156498,1066.578947368421,344.0,111.7365322156498,1066.578947368421,30.322723445595855,30.381387552430297,nan,nan,2.4059254766916482,0.00797064678078481,1.0,0.4636148512363434,nan,nan,nan,nan,66.9481852054596,68.65845441818237,0.0,135.60664582252502
141,141,trpo,trpo_paper,trpo_paper,ALE/Seaquest-v5,atari,0,1,1.0,14497026,103866,96,96,4,1,347.7083333333333,112.52295290542084,1081.9375,347.7083333333333,112.52295290542084,1081.9375,30.211159841767277,30.25739835461075,nan,nan,2.4169883796339757,0.008804206798721471,1.0,0.39515557885169983,nan,nan,nan,nan,67.90901231765747,70.31801199913025,0.0,138.22702956199646
142,142,trpo,trpo_paper,trpo_paper,ALE/Seaquest-v5,atari,0,1,1.0,14599493,102467,81,81,4,1,409.87654320987656,128.85530048129445,1265.0246913580247,409.87654320987656,128.85530048129445,1265.0246913580247,30.782615683585934,30.828786188480194,nan,nan,2.4372162577341974,0.007615138689718609,1.0,0.3897820711135864,nan,nan,nan,nan,66.89470601081848,69.45574617385864,0.0,136.35045742988586
143,143,trpo,trpo_paper,trpo_paper,ALE/Seaquest-v5,atari,0,1,1.0,14701420,101927,84,84,4,1,389.2857142857143,131.2375682483026,1213.4166666666667,389.2857142857143,131.2375682483026,1213.4166666666667,30.34090919542908,30.3797986242605,nan,nan,2.453695136516208,0.006567519895776407,1.0,0.4342570900917053,nan,nan,nan,nan,67.34246182441711,74.72689652442932,0.0,142.06936311721802
144,144,trpo,trpo_paper,trpo_paper,ALE/Seaquest-v5,atari,0,1,1.0,14804591,103171,80,80,4,1,427.25,142.52170887271876,1289.6375,427.25,142.52170887271876,1289.6375,31.47907600003877,31.547292995366917,nan,nan,2.4647795930118446,0.00874050478761437,1.0,0.5335373282432556,nan,nan,nan,nan,69.61159992218018,69.90363717079163,0.0,139.51524186134338
145,145,trpo,trpo_paper,trpo_paper,ALE/Seaquest-v5,atari,0,1,1.0,14909404,104813,77,77,4,1,446.4935064935065,125.72662813727823,1361.2077922077922,446.4935064935065,125.72662813727823,1361.2077922077922,31.23670608607711,31.281807540572256,nan,nan,2.4503344367617803,0.008339840459155826,1.0,0.3913751542568207,nan,nan,nan,nan,69.20243692398071,70.90821957588196,0.0,140.11066246032715
146,146,trpo,trpo_paper,trpo_paper,ALE/Seaquest-v5,atari,0,1,1.0,15013351,103947,74,74,4,1,461.8918918918919,125.59776719133095,1404.6891891891892,461.8918918918919,125.59776719133095,1404.6891891891892,31.35752670230983,31.418405683906222,nan,nan,2.427038576450018,0.007368123708519251,1.0,0.611493706703186,nan,nan,nan,nan,69.75001072883606,70.28745794296265,0.0,140.03747367858887
147,147,trpo,trpo_paper,trpo_paper,ALE/Seaquest-v5,atari,0,1,1.0,15115545,102194,76,76,4,1,437.63157894736844,124.6876985137861,1344.657894736842,437.63157894736844,124.6876985137861,1344.657894736842,30.940084468633188,30.999827228115155,nan,nan,2.408848439457062,0.008034760148106826,1.0,0.508486270904541,nan,nan,nan,nan,66.94638061523438,69.10430455207825,0.0,136.0506911277771
148,148,trpo,trpo_paper,trpo_paper,ALE/Seaquest-v5,atari,0,1,1.0,15218313,102768,78,78,4,1,430.5128205128205,130.9423188326657,1317.5384615384614,430.5128205128205,130.9423188326657,1317.5384615384614,30.99491968560252,31.04566155685622,nan,nan,2.4554482034929404,0.008191174786481627,1.0,0.4273889362812042,nan,nan,nan,nan,67.03020882606506,69.70463037490845,0.0,136.7348449230194
149,149,trpo,trpo_paper,trpo_paper,ALE/Seaquest-v5,atari,0,1,1.0,15321938,103625,67,67,4,1,513.7313432835821,114.30302513456066,1546.641791044776,513.7313432835821,114.30302513456066,1546.641791044776,31.820247436670687,31.88177110977081,nan,nan,2.4320463849517493,0.009129869398435148,1.0,0.49910175800323486,nan,nan,nan,nan,68.11755895614624,70.21329689025879,0.0,138.3308620452881
150,150,trpo,trpo_paper,trpo_paper,ALE/Seaquest-v5,atari,0,1,1.0,15426032,104094,71,71,4,1,482.8169014084507,131.31172564476935,1466.112676056338,482.8169014084507,131.31172564476935,1466.112676056338,31.502510201116298,31.549654939285645,nan,nan,2.4077373031676896,0.008480252029244439,1.0,0.42146652936935425,nan,nan,nan,nan,70.14214062690735,70.57383847236633,0.0021169185638427734,140.71810173988342
151,151,trpo,trpo_paper,trpo_paper,ALE/Seaquest-v5,atari,0,1,1.0,15529316,103284,74,74,4,1,453.2432432432432,124.86866731077039,1395.7297297297298,453.2432432432432,124.86866731077039,1395.7297297297298,30.977062789250997,31.029421455646567,nan,nan,2.3819991612174927,0.007904295308576673,1.0,0.5139737129211426,nan,nan,nan,nan,68.17840552330017,69.9712302684784,0.0,138.149640083313
152,152,trpo,trpo_paper,trpo_paper,ALE/Seaquest-v5,atari,0,1,1.0,15632488,103172,73,73,4,1,461.09589041095893,144.4836023671001,1413.3150684931506,461.09589041095893,144.4836023671001,1413.3150684931506,31.209161642693754,31.264733588085914,nan,nan,2.410480392042536,0.0066663777104071995,1.0,0.5086605548858643,nan,nan,nan,nan,67.31887197494507,75.7083170413971,0.0,143.0271942615509
153,153,trpo,trpo_paper,trpo_paper,ALE/Seaquest-v5,atari,0,1,1.0,15735650,103162,80,80,4,1,420.25,102.98027723792552,1289.525,420.25,102.98027723792552,1289.525,31.000589939851885,31.0531404792947,nan,nan,2.386461437017749,0.00847927896330727,1.0,0.5018275380134583,nan,nan,nan,nan,68.59755039215088,69.81968355178833,0.0,138.4172396659851
154,154,trpo,trpo_paper,trpo_paper,ALE/Seaquest-v5,atari,0,1,1.0,15837267,101617,77,77,4,1,430.90909090909093,121.99831612827528,1319.7012987012988,430.90909090909093,121.99831612827528,1319.7012987012988,31.054129568625328,31.092063827902813,nan,nan,2.36562030252074,0.008116592124704405,1.0,0.37843742966651917,nan,nan,nan,nan,67.27701258659363,68.85052561759949,0.0,136.12754368782043
155,155,trpo,trpo_paper,trpo_paper,ALE/Seaquest-v5,atari,0,1,1.0,15939758,102491,80,80,4,1,414.25,124.46661198891854,1281.1375,414.25,124.46661198891854,1281.1375,30.683375247582713,30.74137957845079,nan,nan,2.383521680028612,0.008229541547274488,1.0,0.45850634574890137,nan,nan,nan,nan,67.45875430107117,69.64342665672302,0.0,137.1021854877472
156,156,trpo,trpo_paper,trpo_paper,ALE/Seaquest-v5,atari,0,1,1.0,16041538,101780,75,75,4,1,445.6,103.77205789614081,1357.0666666666666,445.6,103.77205789614081,1357.0666666666666,31.202502179946944,31.258615319193357,nan,nan,2.3910664776355866,0.007474545645843229,1.0,0.45692041516304016,nan,nan,nan,nan,67.8310489654541,68.98456358909607,0.0,136.8156180381775
157,157,trpo,trpo_paper,trpo_paper,ALE/Seaquest-v5,atari,0,1,1.0,16145279,103741,78,78,4,1,433.0769230769231,114.48107773673041,1330.0128205128206,433.0769230769231,114.48107773673041,1330.0128205128206,30.988945426591222,31.049665302291285,nan,nan,2.425715911124218,0.007531769557919735,1.0,0.5691729187965393,nan,nan,nan,nan,69.82377290725708,70.20950365066528,0.0,140.03328132629395
158,158,trpo,trpo_paper,trpo_paper,ALE/Seaquest-v5,atari,0,1,1.0,16248085,102806,69,69,4,1,496.231884057971,126.04463724256478,1489.9420289855072,496.231884057971,126.04463724256478,1489.9420289855072,31.794693707079354,31.85524449570064,nan,nan,2.443278081866574,0.008873402116412162,1.0,0.5870242714881897,nan,nan,nan,nan,67.99374103546143,69.656898021698,0.0,137.65064454078674
159,159,trpo,trpo_paper,trpo_paper,ALE/Seaquest-v5,atari,0,1,1.0,16351457,103372,69,69,4,1,484.3478260869565,127.85270352879492,1498.144927536232,484.3478260869565,127.85270352879492,1498.144927536232,30.96030643573695,31.027562468560152,nan,nan,2.4122865736883536,0.008078553314308021,1.0,0.5812132954597473,nan,nan,nan,nan,69.24814534187317,70.04681181907654,0.0,139.29496216773987
160,160,trpo,trpo_paper,trpo_paper,ALE/Seaquest-v5,atari,0,1,1.0,16455225,103768,67,67,4,1,500.2985074626866,114.26559985929785,1548.7761194029852,500.2985074626866,114.26559985929785,1548.7761194029852,30.918437192824378,30.979174998554466,nan,nan,2.4426554779200957,0.009027378642090798,1.0,0.519122302532196,nan,nan,nan,nan,68.80778694152832,70.32010626792908,0.0,139.12789869308472
161,161,trpo,trpo_paper,trpo_paper,ALE/Seaquest-v5,atari,0,1,1.0,16557837,102612,69,69,4,1,486.6666666666667,135.33283358228567,1487.1304347826087,486.6666666666667,135.33283358228567,1487.1304347826087,31.24828647599696,31.302623596655362,nan,nan,2.4360447494262365,0.008695819625718904,1.0,0.5019391179084778,nan,nan,nan,nan,68.52087903022766,69.53731298446655,0.0,138.05819749832153
162,162,trpo,trpo_paper,trpo_paper,ALE/Seaquest-v5,atari,0,1,1.0,16660657,102820,72,72,4,1,464.72222222222223,119.97652805424325,1428.0555555555557,464.72222222222223,119.97652805424325,1428.0555555555557,31.078748814676132,31.146496152256372,nan,nan,2.442329187992365,0.008040654152252058,1.0,0.5609941482543945,nan,nan,nan,nan,67.87017345428467,69.74549651145935,0.0,137.61567568778992
163,163,trpo,trpo_paper,trpo_paper,ALE/Seaquest-v5,atari,0,1,1.0,16764538,103881,76,76,4,1,451.05263157894734,136.43563112487593,1366.8552631578948,451.05263157894734,136.43563112487593,1366.8552631578948,31.435157325449314,31.493820453210887,nan,nan,2.474576152641003,0.008561394389953052,1.0,0.48268309235572815,nan,nan,nan,nan,68.54026055335999,70.31560516357422,0.0,138.85587167739868
164,164,trpo,trpo_paper,trpo_paper,ALE/Seaquest-v5,atari,0,1,1.0,16868061,103523,86,86,4,1,393.72093023255815,127.27050948739532,1203.7558139534883,393.72093023255815,127.27050948739532,1203.7558139534883,30.851852215208215,30.91410906272036,nan,nan,2.488045729043908,0.008085209034939195,1.0,0.4869402348995209,nan,nan,nan,nan,67.86466407775879,70.0053551197052,0.0,137.87002444267273
165,165,trpo,trpo_paper,trpo_paper,ALE/Seaquest-v5,atari,0,1,1.0,16969015,100954,81,81,4,1,413.82716049382714,136.25111077798047,1246.3456790123457,413.82716049382714,136.25111077798047,1246.3456790123457,31.45940214726509,31.49234622018444,nan,nan,2.4972164863607436,0.0061135620834704375,1.0,0.39930814504623413,nan,nan,nan,nan,66.58633804321289,68.38467979431152,0.0,134.9710235595703
166,166,trpo,trpo_paper,trpo_paper,ALE/Seaquest-v5,atari,0,1,1.0,17071997,102982,78,78,4,1,430.5128205128205,114.29715472934659,1320.2820512820513,430.5128205128205,114.29715472934659,1320.2820512820513,31.011384574488744,31.07324307888757,nan,nan,2.504613556556,0.006484802272808895,1.0,0.5998076796531677,nan,nan,nan,nan,67.20963382720947,75.55230283737183,0.0,142.76194214820862
167,167,trpo,trpo_paper,trpo_paper,ALE/Seaquest-v5,atari,0,1,1.0,17175831,103834,80,80,4,1,426.5,108.34089717184365,1297.925,426.5,108.34089717184365,1297.925,31.23872087899917,31.300322359487257,nan,nan,2.5023195451995495,0.008900244308497715,1.0,0.5391511917114258,nan,nan,nan,nan,68.198406457901,70.27930283546448,0.0,138.47771406173706
168,168,trpo,trpo_paper,trpo_paper,ALE/Seaquest-v5,atari,0,1,1.0,17279795,103964,80,80,4,1,425.75,119.29768438657977,1299.55,425.75,119.29768438657977,1299.55,31.083233739563696,31.15208043769959,nan,nan,2.5432842795192325,0.00954586122378344,1.0,0.5804160237312317,nan,nan,nan,nan,68.74236369132996,70.41670322418213,0.0,139.15907335281372
169,169,trpo,trpo_paper,trpo_paper,ALE/Seaquest-v5,atari,0,1,1.0,17381092,101297,97,97,4,1,337.9381443298969,124.6350395398203,1044.298969072165,337.9381443298969,124.6350395398203,1044.298969072165,30.328324675829492,30.37983772347651,nan,nan,2.5577485694140742,0.00712326270813859,1.0,0.5063827633857727,nan,nan,nan,nan,66.8614752292633,68.57139611244202,0.0,135.43287706375122
170,170,trpo,trpo_paper,trpo_paper,ALE/Seaquest-v5,atari,0,1,1.0,17484323,103231,95,95,4,1,350.10526315789474,131.03229603375692,1086.6421052631579,350.10526315789474,131.03229603375692,1086.6421052631579,30.318108931667812,30.376517076992375,nan,nan,2.5422213648122898,0.008564264086418215,1.0,0.4541321396827698,nan,nan,nan,nan,67.35939192771912,69.87492823600769,0.0,137.2343258857727
171,171,trpo,trpo_paper,trpo_paper,ALE/Seaquest-v5,atari,0,1,1.0,17586657,102334,93,93,4,1,350.752688172043,128.23228720576202,1100.3655913978494,350.752688172043,128.23228720576202,1100.3655913978494,30.025133539439484,30.07627711403346,nan,nan,2.534909423050379,0.00649146612618823,1.0,0.5096194744110107,nan,nan,nan,nan,67.07151484489441,80.67161965370178,0.0,147.7431402206421
172,172,trpo,trpo_paper,trpo_paper,ALE/Seaquest-v5,atari,0,1,1.0,17689797,103140,84,84,4,1,395.95238095238096,129.4596742473726,1227.857142857143,395.95238095238096,129.4596742473726,1227.857142857143,30.608518003441922,30.659920981190616,nan,nan,2.527464830873085,0.008100436993748013,1.0,0.5040614008903503,nan,nan,nan,nan,68.10502314567566,69.88786816596985,0.0,137.9928982257843
173,173,trpo,trpo_paper,trpo_paper,ALE/Seaquest-v5,atari,0,1,1.0,17794172,104375,81,81,4,1,420.4938271604938,122.88608832018697,1288.5802469135801,420.4938271604938,122.88608832018697,1288.5802469135801,30.983375598802397,31.046825598802396,nan,nan,2.4997720434131736,0.008500321467827537,1.0,0.5799249410629272,nan,nan,nan,nan,69.26534271240234,70.75571775436401,0.0,140.02106547355652
174,174,trpo,trpo_paper,trpo_paper,ALE/Seaquest-v5,atari,0,1,1.0,17897131,102959,82,82,4,1,409.7560975609756,154.73798160317534,1255.5975609756097,409.7560975609756,154.73798160317534,1255.5975609756097,30.931234459833526,30.975151213104244,nan,nan,2.4961492180746707,0.007838708716464526,1.0,0.5150513052940369,nan,nan,nan,nan,67.71482491493225,69.71102213859558,0.0,137.42585253715515
175,175,trpo,trpo_paper,trpo_paper,ALE/Seaquest-v5,atari,0,1,1.0,18000082,102951,78,78,4,1,435.12820512820514,136.59544976600952,1319.8846153846155,435.12820512820514,136.59544976600952,1319.8846153846155,31.28330528600985,31.332705911064487,nan,nan,2.45686798209828,0.0066596104120140815,1.0,0.5183147192001343,nan,nan,nan,nan,68.33830714225769,75.4442081451416,0.002044677734375,143.78456568717957
176,176,trpo,trpo_paper,trpo_paper,ALE/Seaquest-v5,atari,0,1,1.0,18103393,103311,81,81,4,1,418.2716049382716,150.79042871234014,1275.4444444444443,418.2716049382716,150.79042871234014,1275.4444444444443,31.106324441492195,31.15221606363311,nan,nan,2.45376984072969,0.00752826158864181,1.0,0.44688865542411804,nan,nan,nan,nan,68.73820757865906,70.08618426322937,0.0,138.82439732551575
177,177,trpo,trpo_paper,trpo_paper,ALE/Seaquest-v5,atari,0,1,1.0,18205671,102278,79,79,4,1,421.26582278481015,125.94319684650682,1294.6582278481012,421.26582278481015,125.94319684650682,1294.6582278481012,30.900458951338507,30.958470724398207,nan,nan,2.43239767624758,0.00788062435395755,1.0,0.4841339886188507,nan,nan,nan,nan,68.78039264678955,69.3598062992096,0.0,138.14020419120789
178,178,trpo,trpo_paper,trpo_paper,ALE/Seaquest-v5,atari,0,1,1.0,18307140,101469,82,82,4,1,409.2682926829268,137.65262471964354,1237.4268292682927,409.2682926829268,137.65262471964354,1237.4268292682927,31.31526054139688,31.377466655456345,nan,nan,2.4481897738625835,0.007178827787615767,1.0,0.5233334898948669,nan,nan,nan,nan,67.1526505947113,69.00831604003906,0.0,136.16097235679626
179,179,trpo,trpo_paper,trpo_paper,ALE/Seaquest-v5,atari,0,1,1.0,18409550,102410,80,80,4,1,423.5,137.21424853126587,1280.125,423.5,137.21424853126587,1280.125,31.37822463016307,31.427725106190803,nan,nan,2.4774360661953176,0.008335639196262965,1.0,0.4939623177051544,nan,nan,nan,nan,67.59377884864807,69.3867073059082,0.0,136.98049116134644
180,180,trpo,trpo_paper,trpo_paper,ALE/Seaquest-v5,atari,0,1,1.0,18511824,102274,87,87,4,1,377.7011494252874,129.4169164929411,1175.5632183908046,377.7011494252874,129.4169164929411,1175.5632183908046,30.447791135821422,30.512852881719695,nan,nan,2.463728428810108,0.008117657721274003,1.0,0.5961002707481384,nan,nan,nan,nan,68.62406539916992,69.50028204917908,0.0,138.12435340881348
181,181,trpo,trpo_paper,trpo_paper,ALE/Seaquest-v5,atari,0,1,1.0,18613605,101781,78,78,4,1,427.43589743589746,142.36496883854446,1304.8846153846155,427.43589743589746,142.36496883854446,1304.8846153846155,31.12627379803205,31.207987462050873,nan,nan,2.487851942835598,0.009314515698926643,1.0,0.7806201577186584,nan,nan,nan,nan,67.91752362251282,69.07931089401245,0.0,136.99684071540833
182,182,trpo,trpo_paper,trpo_paper,ALE/Seaquest-v5,atari,0,1,1.0,18716999,103394,82,82,4,1,416.0975609756098,129.25448614718607,1260.9024390243903,416.0975609756098,129.25448614718607,1260.9024390243903,31.39066383808538,31.44700082330696,nan,nan,2.463700614427578,0.00801316654956694,1.0,0.7218051552772522,nan,nan,nan,nan,68.77897715568542,70.13480234146118,0.0,138.9137852191925
183,183,trpo,trpo_paper,trpo_paper,ALE/Seaquest-v5,atari,0,1,1.0,18819063,102064,83,83,4,1,395.421686746988,150.83144030707487,1229.686746987952,395.421686746988,150.83144030707487,1229.686746987952,30.514071976284487,30.566400126391283,nan,nan,2.4364783524308278,0.007967002814082885,1.0,0.5933068990707397,nan,nan,nan,nan,67.87798237800598,69.22159457206726,0.0,137.09958171844482
184,184,trpo,trpo_paper,trpo_paper,ALE/Seaquest-v5,atari,0,1,1.0,18921384,102321,79,79,4,1,429.873417721519,141.2376905884175,1295.2025316455697,429.873417721519,141.2376905884175,1295.2025316455697,31.57689373393536,31.626605547737025,nan,nan,2.4177409035504684,0.006350982259175339,1.0,0.5626344084739685,nan,nan,nan,nan,67.76254343986511,75.02018308639526,0.0,142.78273248672485
185,185,trpo,trpo_paper,trpo_paper,ALE/Seaquest-v5,atari,0,1,1.0,19023718,102334,84,84,4,1,397.85714285714283,122.78583201745096,1218.2619047619048,397.85714285714283,122.78583201745096,1218.2619047619048,30.85787638394864,30.9283632517052,nan,nan,2.4157676529031162,0.006768620788582473,1.0,0.6684550046920776,nan,nan,nan,nan,68.65649724006653,69.3499014377594,0.0,138.00640416145325
186,186,trpo,trpo_paper,trpo_paper,ALE/Seaquest-v5,atari,0,1,1.0,19125314,101596,93,93,4,1,344.51612903225805,135.84079968159008,1092.4301075268818,344.51612903225805,135.84079968159008,1092.4301075268818,29.658603992775305,29.72465589811607,nan,nan,2.4326352248196903,0.008322712616453249,1.0,0.6136288046836853,nan,nan,nan,nan,66.81895279884338,68.90188360214233,0.0,135.72084164619446
187,187,trpo,trpo_paper,trpo_paper,ALE/Seaquest-v5,atari,0,1,1.0,19229760,104446,87,87,4,1,386.2068965517241,149.15271337277295,1200.528735632184,386.2068965517241,149.15271337277295,1200.528735632184,30.4853852409379,30.535690093445417,nan,nan,2.4243634270340655,0.007261982124444405,1.0,0.5513060092926025,nan,nan,nan,nan,70.20243406295776,70.74849677085876,0.0,140.9509356021881
188,188,trpo,trpo_paper,trpo_paper,ALE/Seaquest-v5,atari,0,1,1.0,19332363,102603,84,84,4,1,397.14285714285717,126.15722832443413,1221.4642857142858,397.14285714285717,126.15722832443413,1221.4642857142858,30.815665416703215,30.86446097153592,nan,nan,2.433885758396441,0.008063263750110612,1.0,0.5686944723129272,nan,nan,nan,nan,68.37034320831299,69.5613226890564,0.0,137.9316713809967
189,189,trpo,trpo_paper,trpo_paper,ALE/Seaquest-v5,atari,0,1,1.0,19433837,101474,83,83,4,1,401.2048192771084,131.3268486700029,1222.578313253012,401.2048192771084,131.3268486700029,1222.578313253012,31.079794839688,31.125723553570374,nan,nan,2.404857382648511,0.006362470277915183,1.0,0.4277191460132599,nan,nan,nan,nan,67.20691657066345,74.5415289402008,0.0,141.74845147132874
190,190,trpo,trpo_paper,trpo_paper,ALE/Seaquest-v5,atari,0,1,1.0,19536698,102861,78,78,4,1,431.79487179487177,108.10421834962577,1318.7307692307693,431.79487179487177,108.10421834962577,1318.7307692307693,31.070469340906662,31.137227666462508,nan,nan,2.367123700309155,0.006532575742194239,1.0,0.5914241671562195,nan,nan,nan,nan,68.0106770992279,75.36971592903137,0.0,143.38039875030518
191,191,trpo,trpo_paper,trpo_paper,ALE/Seaquest-v5,atari,0,1,1.0,19639711,103013,75,75,4,1,454.4,128.5637585013755,1373.5066666666667,454.4,128.5637585013755,1373.5066666666667,31.351672543756614,31.405918731131024,nan,nan,2.3807351491741335,0.00805795706711143,1.0,0.4833243489265442,nan,nan,nan,nan,68.29435706138611,69.73721170425415,0.0,138.03157424926758
192,192,trpo,trpo_paper,trpo_paper,ALE/Seaquest-v5,atari,0,1,1.0,19742281,102570,76,76,4,1,436.3157894736842,137.6766052945429,1349.6052631578948,436.3157894736842,137.6766052945429,1349.6052631578948,30.743489659500828,30.80331709442332,nan,nan,2.4106812915874523,0.006998623398893425,1.0,0.5481935143470764,nan,nan,nan,nan,69.09652137756348,75.2744460105896,0.0,144.3709728717804
193,193,trpo,trpo_paper,trpo_paper,ALE/Seaquest-v5,atari,0,1,1.0,19845525,103244,78,78,4,1,428.46153846153845,123.18504865858418,1323.6410256410256,428.46153846153845,123.18504865858418,1323.6410256410256,30.798063325713844,30.845927638652125,nan,nan,2.4272944754204846,0.00844117415956551,1.0,0.5348081588745117,nan,nan,nan,nan,68.34821891784668,70.0094347000122,0.0,138.35765933990479
194,194,trpo,trpo_paper,trpo_paper,ALE/Seaquest-v5,atari,0,1,1.0,19949125,103600,83,83,4,1,406.0240963855422,131.7074135835116,1248.1927710843374,406.0240963855422,131.7074135835116,1248.1927710843374,30.850648980453666,30.922107112693052,nan,nan,2.435670528927365,0.009310627111798317,1.0,0.6034195423126221,nan,nan,nan,nan,68.06623387336731,70.16870260238647,0.0,138.23494219779968
195,195,trpo,trpo_paper,trpo_paper,ALE/Seaquest-v5,atari,0,1,1.0,20051161,102036,85,85,4,1,392.47058823529414,128.84925877896728,1200.4235294117648,392.47058823529414,128.84925877896728,1200.4235294117648,30.946079922159825,31.02058158395076,nan,nan,2.462864783936552,0.006845700560957123,1.0,0.619561493396759,nan,nan,nan,nan,67.66183924674988,69.23103952407837,0.0,136.89288425445557
196,196,trpo,trpo_paper,trpo_paper,ALE/Seaquest-v5,atari,0,1,1.0,20155908,104747,84,84,4,1,408.57142857142856,137.4005515441108,1246.9880952380952,408.57142857142856,137.4005515441108,1246.9880952380952,31.096255143345395,31.1541796841437,nan,nan,2.4768067361863584,0.008394684645291807,1.0,0.7222403287887573,nan,nan,nan,nan,69.5458836555481,70.98789024353027,0.0,140.53377842903137
197,197,trpo,trpo_paper,trpo_paper,ALE/Seaquest-v5,atari,0,1,1.0,20260306,104398,86,86,4,1,396.51162790697674,124.83260830948744,1213.9302325581396,396.51162790697674,124.83260830948744,1213.9302325581396,30.88342868158394,30.93587161631449,nan,nan,2.4701819449366846,0.005601395204119174,1.0,0.6941397786140442,nan,nan,nan,nan,68.29850554466248,70.61305713653564,0.0,138.91156768798828
198,198,trpo,trpo_paper,trpo_paper,ALE/Seaquest-v5,atari,0,1,1.0,20363908,103602,84,84,4,1,402.3809523809524,113.02779944204885,1233.357142857143,402.3809523809524,113.02779944204885,1233.357142857143,30.96174618371267,31.014678167409894,nan,nan,2.4950447196663674,0.005974752318580558,1.0,0.7722934484481812,nan,nan,nan,nan,67.62606358528137,70.21878147125244,0.0,137.84485006332397
199,199,trpo,trpo_paper,trpo_paper,ALE/Seaquest-v5,atari,0,1,1.0,20467588,103680,80,80,4,1,428.75,129.41575445053047,1296.0,428.75,129.41575445053047,1296.0,31.385736008632332,31.446933925298996,nan,nan,2.4862333038706836,0.007541650317517328,1.0,0.572928786277771,nan,nan,nan,nan,68.73736429214478,70.46047234535217,0.0,139.19784283638
200,200,trpo,trpo_paper,trpo_paper,ALE/Seaquest-v5,atari,0,1,1.0,20570797,103209,77,77,4,1,438.4415584415584,124.20202368915069,1340.3766233766235,438.4415584415584,124.20202368915069,1340.3766233766235,31.160359834171437,31.21916723589997,nan,nan,2.4790521671287147,0.007724419843547445,1.0,0.6498638391494751,nan,nan,nan,nan,68.14239454269409,69.940434217453,0.0020029544830322266,138.0848376750946
201,201,trpo,trpo_paper,trpo_paper,ALE/Seaquest-v5,atari,0,1,1.0,20673520,102723,79,79,4,1,428.60759493670884,135.89584784423795,1300.2911392405063,428.60759493670884,135.89584784423795,1300.2911392405063,31.39266644276355,31.45016893125201,nan,nan,2.484454628588534,0.007359016793842179,1.0,0.7964701652526855,nan,nan,nan,nan,67.53800797462463,69.49589395523071,0.0,137.03390789031982
202,202,trpo,trpo_paper,trpo_paper,ALE/Seaquest-v5,atari,0,1,1.0,20777127,103607,77,77,4,1,438.1818181818182,120.0944138619697,1345.5454545454545,438.1818181818182,120.0944138619697,1345.5454545454545,30.929791785304083,30.978418597440328,nan,nan,2.4656685313854276,0.005297317232277944,1.0,0.6666054725646973,nan,nan,nan,nan,68.08110165596008,70.22945594787598,0.0,138.31056261062622
203,203,trpo,trpo_paper,trpo_paper,ALE/Seaquest-v5,atari,0,1,1.0,20879675,102548,70,70,4,1,471.7142857142857,140.46831293489473,1464.9714285714285,471.7142857142857,140.46831293489473,1464.9714285714285,30.747592895522097,30.799829409154736,nan,nan,2.4436399791134398,0.006056763745749041,1.0,0.7779141068458557,nan,nan,nan,nan,68.62475609779358,75.17882061004639,0.0,143.8035819530487
204,204,trpo,trpo_paper,trpo_paper,ALE/Seaquest-v5,atari,0,1,1.0,20982480,102805,74,74,4,1,448.9189189189189,119.23820772980045,1389.2567567567567,448.9189189189189,119.23820772980045,1389.2567567567567,30.763148223578618,30.845102074315452,nan,nan,2.443724371230728,0.007501621331218198,1.0,0.8298076391220093,nan,nan,nan,nan,69.00596785545349,69.6416642665863,0.0,138.64763808250427
205,205,trpo,trpo_paper,trpo_paper,ALE/Seaquest-v5,atari,0,1,1.0,21086432,103952,78,78,4,1,435.8974358974359,114.19097698239825,1332.7179487179487,435.8974358974359,114.19097698239825,1332.7179487179487,31.164396939212327,31.247754672829767,nan,nan,2.478021613190463,0.007349705870229019,1.0,0.9020412564277649,nan,nan,nan,nan,69.08603882789612,70.52400922775269,0.0,139.61005282402039
206,206,trpo,trpo_paper,trpo_paper,ALE/Seaquest-v5,atari,0,1,1.0,21189836,103404,75,75,4,1,450.6666666666667,120.23680338768528,1378.72,450.6666666666667,120.23680338768528,1378.72,31.17051534515106,31.23623406130324,nan,nan,2.4952773413322986,0.007450104167946538,1.0,0.7921987771987915,nan,nan,nan,nan,68.49132633209229,70.17308473587036,0.0,138.6644163131714
207,207,trpo,trpo_paper,trpo_paper,ALE/Seaquest-v5,atari,0,1,1.0,21292416,102580,81,81,4,1,418.2716049382716,125.79416975495228,1266.4197530864199,418.2716049382716,125.79416975495228,1266.4197530864199,31.383951397689607,31.44320256141548,nan,nan,2.4951989643753656,0.009749876593251772,1.0,0.9307484030723572,nan,nan,nan,nan,66.99243474006653,69.58881878852844,0.0,136.58125948905945
208,208,trpo,trpo_paper,trpo_paper,ALE/Seaquest-v5,atari,0,1,1.0,21396336,103920,87,87,4,1,386.6666666666667,113.24540199406302,1194.4827586206898,386.6666666666667,113.24540199406302,1194.4827586206898,30.648529066830253,30.72372227434565,nan,nan,2.493414113996945,0.00747716689655834,1.0,0.8566496968269348,nan,nan,nan,nan,67.8283863067627,70.51614832878113,0.0,138.34453988075256
209,209,trpo,trpo_paper,trpo_paper,ALE/Seaquest-v5,atari,0,1,1.0,21498062,101726,91,91,4,1,352.3076923076923,114.78672936159344,1117.868131868132,352.3076923076923,114.78672936159344,1117.868131868132,29.67685152701866,29.736349513644495,nan,nan,2.5113143145404075,0.007211267452542666,1.0,0.8343415856361389,nan,nan,nan,nan,68.12874460220337,68.94044303894043,0.0,137.06919264793396
210,210,trpo,trpo_paper,trpo_paper,ALE/Seaquest-v5,atari,0,1,1.0,21601450,103388,79,79,4,1,426.0759493670886,132.41111393101838,1308.7088607594937,426.0759493670886,132.41111393101838,1308.7088607594937,30.929672840416682,31.002352938687274,nan,nan,2.5013425042376776,0.008956062336145203,1.0,0.9639034271240234,nan,nan,nan,nan,67.62011122703552,70.03763508796692,0.0,137.65775227546692
211,211,trpo,trpo_paper,trpo_paper,ALE/Seaquest-v5,atari,0,1,1.0,21703870,102420,78,78,4,1,432.8205128205128,118.53699450552847,1313.076923076923,432.8205128205128,118.53699450552847,1313.076923076923,31.368738100468658,31.440246884763717,nan,nan,2.5032831455343194,0.005993045197050161,1.0,1.045823335647583,nan,nan,nan,nan,67.76646566390991,69.5114688873291,0.0,137.27794003486633
212,212,trpo,trpo_paper,trpo_paper,ALE/Seaquest-v5,atari,0,1,1.0,21806930,103060,81,81,4,1,414.0740740740741,116.7648029347439,1272.3456790123457,414.0740740740741,116.7648029347439,1272.3456790123457,30.866783609062683,30.942559704298468,nan,nan,2.482659088910586,0.0054889757776090346,1.0,1.0837656259536743,nan,nan,nan,nan,67.60995125770569,69.89965581893921,0.0,137.50961208343506
213,213,trpo,trpo_paper,trpo_paper,ALE/Seaquest-v5,atari,0,1,1.0,21910391,103461,79,79,4,1,431.6455696202532,132.19117705239756,1309.632911392405,431.6455696202532,132.19117705239756,1309.632911392405,31.28073652149119,31.3500372422942,nan,nan,2.5016113597454597,0.006777567441480288,1.0,0.9435360431671143,nan,nan,nan,nan,68.12837719917297,70.15552067756653,0.0,138.28390336036682
214,214,trpo,trpo_paper,trpo_paper,ALE/Seaquest-v5,atari,0,1,1.0,22013686,103295,82,82,4,1,407.0731707317073,111.8959425677142,1259.6951219512196,407.0731707317073,111.8959425677142,1259.6951219512196,30.636978889346047,30.702838805121253,nan,nan,2.471739040415194,0.005209391626896668,1.0,0.9790895581245422,nan,nan,nan,nan,68.60615658760071,69.99321055412292,0.0,138.59937238693237
215,215,trpo,trpo_paper,trpo_paper,ALE/Seaquest-v5,atari,0,1,1.0,22116758,103072,82,82,4,1,412.4390243902439,103.43562833378198,1256.9756097560976,412.4390243902439,103.43562833378198,1256.9756097560976,31.081282077091743,31.15576808565857,nan,nan,2.4786822447233487,0.007166315329997566,1.0,0.9701191186904907,nan,nan,nan,nan,67.79964590072632,69.8581132888794,0.0,137.6577651500702
216,216,trpo,trpo_paper,trpo_paper,ALE/Seaquest-v5,atari,0,1,1.0,22217735,100977,80,80,4,1,417.5,119.4309423893155,1262.2125,417.5,119.4309423893155,1262.2125,31.40768364949444,31.484711865078186,nan,nan,2.4431621998388247,0.007873438266633465,1.0,0.9413618445396423,nan,nan,nan,nan,66.04260730743408,68.6287624835968,0.0,134.6713743209839
217,217,trpo,trpo_paper,trpo_paper,ALE/Seaquest-v5,atari,0,1,1.0,22321438,103703,77,77,4,1,445.7142857142857,109.86920880151824,1346.7922077922078,445.7142857142857,109.86920880151824,1346.7922077922078,31.509543027925904,31.56658784581931,nan,nan,2.418640986006914,0.005941778240181008,1.0,0.8410409688949585,nan,nan,nan,nan,68.61748099327087,70.25226187705994,0.0,138.86974811553955
218,218,trpo,trpo_paper,trpo_paper,ALE/Seaquest-v5,atari,0,1,1.0,22423276,101838,92,92,4,1,361.0869565217391,117.30169687918942,1106.9347826086957,361.0869565217391,117.30169687918942,1106.9347826086957,30.79953309729669,30.87313950833677,nan,nan,2.429086418963206,0.007058924660184302,1.0,0.9723070859909058,nan,nan,nan,nan,66.5249719619751,69.06319379806519,0.0,135.58817100524902
219,219,trpo,trpo_paper,trpo_paper,ALE/Seaquest-v5,atari,0,1,1.0,22527096,103820,80,80,4,1,428.75,125.81111834810149,1297.75,428.75,125.81111834810149,1297.75,31.359840499181274,31.439176730157964,nan,nan,2.4438341299845887,0.0051725283964099145,1.0,1.1675175428390503,nan,nan,nan,nan,68.83317136764526,70.45731806755066,0.0,139.29049491882324
220,220,trpo,trpo_paper,trpo_paper,ALE/Seaquest-v5,atari,0,1,1.0,22630696,103600,75,75,4,1,452.8,143.76425146746323,1381.3333333333333,452.8,143.76425146746323,1381.3333333333333,31.266129041988417,31.355294552364864,nan,nan,2.457208407486728,0.007081314187036633,1.0,1.0620124340057373,nan,nan,nan,nan,69.66215300559998,70.44148015975952,0.0,140.10363912582397
221,221,trpo,trpo_paper,trpo_paper,ALE/Seaquest-v5,atari,0,1,1.0,22735361,104665,80,80,4,1,427.75,133.21012536590453,1308.3125,427.75,133.21012536590453,1308.3125,31.108809654612333,31.182824368222423,nan,nan,2.4252849493025366,0.005939191687236928,1.0,1.0031706094741821,nan,nan,nan,nan,69.27838134765625,70.95007038116455,0.0,140.22845840454102
222,222,trpo,trpo_paper,trpo_paper,ALE/Seaquest-v5,atari,0,1,1.0,22837011,101650,71,71,4,1,475.77464788732397,124.78332738747633,1431.6901408450703,475.77464788732397,124.78332738747633,1431.6901408450703,31.75280350774717,31.84484413428431,nan,nan,2.455344799096163,0.0073235970490006935,1.0,1.1457219123840332,nan,nan,nan,nan,67.5756196975708,69.05040264129639,0.0,136.62602758407593
223,223,trpo,trpo_paper,trpo_paper,ALE/Seaquest-v5,atari,0,1,1.0,22939302,102291,80,80,4,1,422.25,116.53298889155809,1278.6375,422.25,116.53298889155809,1278.6375,31.29833605840201,31.36085576321475,nan,nan,2.4259553569137315,0.004752324076683497,1.0,1.0034160614013672,nan,nan,nan,nan,68.10717368125916,69.52824783325195,0.0,137.6354284286499
224,224,trpo,trpo_paper,trpo_paper,ALE/Seaquest-v5,atari,0,1,1.0,23042690,103388,85,85,4,1,396.70588235294116,141.183137097502,1216.3294117647058,396.70588235294116,141.183137097502,1216.3294117647058,30.810924926006887,30.885312034520446,nan,nan,2.4249761914009604,0.006706912491872549,1.0,0.9861944317817688,nan,nan,nan,nan,68.81752347946167,70.2119197845459,0.0,139.02944922447205
225,225,trpo,trpo_paper,trpo_paper,ALE/Seaquest-v5,atari,0,1,1.0,23145401,102711,82,82,4,1,410.0,116.6294946588994,1252.5731707317073,410.0,116.6294946588994,1252.5731707317073,31.063110937484787,31.130113026477204,nan,nan,2.3998758881108158,0.0054586111062850775,1.0,1.02802312374115,nan,nan,nan,nan,68.53272557258606,69.7273862361908,0.0021028518676757812,138.2622208595276
226,226,trpo,trpo_paper,trpo_paper,ALE/Seaquest-v5,atari,0,1,1.0,23248711,103310,80,80,4,1,427.25,123.13584977576595,1291.375,427.25,123.13584977576595,1291.375,31.498084950634013,31.580692817733038,nan,nan,2.3946115510205934,0.006921775716846168,1.0,0.9672564268112183,nan,nan,nan,nan,69.04064583778381,70.04420256614685,0.0,139.08485412597656
227,227,trpo,trpo_paper,trpo_paper,ALE/Seaquest-v5,atari,0,1,1.0,23351489,102778,82,82,4,1,414.8780487804878,133.35487135184042,1253.3902439024391,414.8780487804878,133.35487135184042,1253.3902439024391,31.38258248360544,31.45540372818113,nan,nan,2.387432372823586,0.005559266398816207,1.0,1.154466986656189,nan,nan,nan,nan,67.87314319610596,69.67988157272339,0.0,137.55303025245667
228,228,trpo,trpo_paper,trpo_paper,ALE/Seaquest-v5,atari,0,1,1.0,23453810,102321,88,88,4,1,380.0,118.16783134015942,1162.7386363636363,380.0,118.16783134015942,1162.7386363636363,30.860042934734807,30.935609503425493,nan,nan,2.394194409856603,0.007526392572009029,1.0,0.9292575120925903,nan,nan,nan,nan,67.1323573589325,69.55482053756714,0.0,136.68718361854553
229,229,trpo,trpo_paper,trpo_paper,ALE/Seaquest-v5,atari,0,1,1.0,23556879,103069,81,81,4,1,422.962962962963,112.92349037131558,1272.4567901234568,422.962962962963,112.92349037131558,1272.4567901234568,31.596867602043293,31.67634727706682,nan,nan,2.3448426008911505,0.00753964356955946,1.0,1.029887080192566,nan,nan,nan,nan,67.76977491378784,70.0273551940918,0.0,137.79713535308838
230,230,trpo,trpo_paper,trpo_paper,ALE/Seaquest-v5,atari,0,1,1.0,23659809,102930,73,73,4,1,463.013698630137,105.50186561366566,1410.0,463.013698630137,105.50186561366566,1410.0,31.31647038642767,31.397749228844845,nan,nan,2.3674661993436072,0.00638315435709774,1.0,1.0466904640197754,nan,nan,nan,nan,69.0325038433075,69.88898944854736,0.0,138.92149925231934
231,231,trpo,trpo_paper,trpo_paper,ALE/Seaquest-v5,atari,0,1,1.0,23762729,102920,82,82,4,1,412.9268292682927,110.53625169475826,1255.121951219512,412.9268292682927,110.53625169475826,1255.121951219512,31.22444434998057,31.29081856660513,nan,nan,2.3737118142428586,0.005331671624663411,1.0,1.032512903213501,nan,nan,nan,nan,68.51003527641296,69.87550950050354,0.0,138.38554978370667
232,232,trpo,trpo_paper,trpo_paper,ALE/Seaquest-v5,atari,0,1,1.0,23864484,101755,80,80,4,1,423.5,125.13093142784481,1271.9375,423.5,125.13093142784481,1271.9375,31.576760816421796,31.651647185641984,nan,nan,2.3781052777658345,0.006576559590501123,1.0,1.1539909839630127,nan,nan,nan,nan,66.9830424785614,69.03301429748535,0.0,136.01606154441833
233,233,trpo,trpo_paper,trpo_paper,ALE/Seaquest-v5,atari,0,1,1.0,23967215,102731,84,84,4,1,405.0,110.83557104794384,1222.9880952380952,405.0,110.83557104794384,1222.9880952380952,31.350991226479834,31.439832243918584,nan,nan,2.3593993639182673,0.008154629142678716,1.0,1.0081369876861572,nan,nan,nan,nan,68.41299533843994,69.7072639465332,0.0,138.12026524543762
234,234,trpo,trpo_paper,trpo_paper,ALE/Seaquest-v5,atari,0,1,1.0,24070752,103537,88,88,4,1,380.6818181818182,115.26447310568238,1176.5568181818182,380.6818181818182,115.26447310568238,1176.5568181818182,30.64325464568222,30.740845663868956,nan,nan,2.3550592307882687,0.009052501974696332,1.0,1.1022300720214844,nan,nan,nan,nan,68.46718716621399,70.31286644935608,0.0,138.78005838394165
235,235,trpo,trpo_paper,trpo_paper,ALE/Seaquest-v5,atari,0,1,1.0,24174728,103976,82,82,4,1,411.9512195121951,126.60134303982876,1268.0,411.9512195121951,126.60134303982876,1268.0,30.839383156930445,30.91146183975148,nan,nan,2.3733035823771833,0.007126861805152304,1.0,0.9971458315849304,nan,nan,nan,nan,68.79554080963135,70.51113033294678,0.0,139.3066759109497
236,236,trpo,trpo_paper,trpo_paper,ALE/Seaquest-v5,atari,0,1,1.0,24277671,102943,72,72,4,1,475.0,112.73124382057236,1429.763888888889,475.0,112.73124382057236,1429.763888888889,31.729259456689626,31.80061341591949,nan,nan,2.3798075376057626,0.007805698385917716,1.0,0.9894967079162598,nan,nan,nan,nan,67.95117616653442,69.75730395317078,0.0,137.70848560333252
237,237,trpo,trpo_paper,trpo_paper,ALE/Seaquest-v5,atari,0,1,1.0,24379562,101891,71,71,4,1,470.98591549295776,128.03119040733634,1435.0845070422536,470.98591549295776,128.03119040733634,1435.0845070422536,31.348824739795468,31.413396270279023,nan,nan,2.3609014090425062,0.0054433355901105755,1.0,0.9710986018180847,nan,nan,nan,nan,68.20565247535706,69.12086462974548,0.0,137.32652187347412
238,238,trpo,trpo_paper,trpo_paper,ALE/Seaquest-v5,atari,0,1,1.0,24482272,102710,68,68,4,1,498.8235294117647,133.14663976856832,1510.4411764705883,498.8235294117647,133.14663976856832,1510.4411764705883,31.559563029403176,31.63570033346315,nan,nan,2.347730459622359,0.007356069451095519,1.0,0.8381559252738953,nan,nan,nan,nan,69.582937002182,69.69907569885254,0.0,139.2820177078247
239,239,trpo,trpo_paper,trpo_paper,ALE/Seaquest-v5,atari,0,1,1.0,24584130,101858,71,71,4,1,476.90140845070425,136.2949530370379,1434.619718309859,476.90140845070425,136.2949530370379,1434.619718309859,31.725331389655206,31.80654854675136,nan,nan,2.3507354639854015,0.00616156096394477,1.0,1.0776509046554565,nan,nan,nan,nan,67.25464653968811,69.17942380905151,0.0,136.43407559394836
240,240,trpo,trpo_paper,trpo_paper,ALE/Seaquest-v5,atari,0,1,1.0,24686990,102860,66,66,4,1,512.4242424242424,132.37985526118214,1558.4848484848485,512.4242424242424,132.37985526118214,1558.4848484848485,31.492571972827143,31.570365818831423,nan,nan,2.3459673076572525,0.00812036238908449,1.0,0.8898745179176331,nan,nan,nan,nan,68.57580232620239,69.78571224212646,0.0,138.36151933670044
241,241,trpo,trpo_paper,trpo_paper,ALE/Seaquest-v5,atari,0,1,1.0,24789046,102056,63,63,4,1,535.5555555555555,149.55784332786374,1619.936507936508,535.5555555555555,149.55784332786374,1619.936507936508,31.691886684761307,31.785259593997413,nan,nan,2.292888792366446,0.009105974635751893,1.0,0.9171804189682007,nan,nan,nan,nan,67.0609302520752,69.25742316246033,0.0,136.31835913658142
242,242,trpo,trpo_paper,trpo_paper,ALE/Seaquest-v5,atari,0,1,1.0,24894126,105080,66,66,4,1,530.9090909090909,130.74063235145533,1592.121212121212,530.9090909090909,130.74063235145533,1592.121212121212,31.91884471949943,32.00067671654929,nan,nan,2.286758990917634,0.007483433908596777,1.0,0.9242190718650818,nan,nan,nan,nan,69.50711297988892,71.30499982833862,0.0,140.81211829185486
243,243,trpo,trpo_paper,trpo_paper,ALE/Seaquest-v5,atari,0,1,1.0,24997398,103272,68,68,4,1,498.8235294117647,134.64036423621596,1518.7058823529412,498.8235294117647,134.64036423621596,1518.7058823529412,31.41686880277326,31.49776061638198,nan,nan,2.273813649422157,0.00906413898881427,1.0,1.0073646306991577,nan,nan,nan,nan,67.87119221687317,70.0235104560852,0.0,137.89470791816711
244,244,trpo,trpo_paper,trpo_paper,ALE/Seaquest-v5,atari,0,1,1.0,25102498,105100,62,62,4,1,557.741935483871,115.90345474600986,1695.1612903225807,557.741935483871,115.90345474600986,1695.1612903225807,31.61413237392959,31.69915363344434,nan,nan,2.288485631244053,0.006286368639067482,1.0,1.1471277475357056,nan,nan,nan,nan,68.72817540168762,72.03828620910645,0.0,140.76646614074707
245,245,trpo,trpo_paper,trpo_paper,ALE/Seaquest-v5,atari,0,1,1.0,25207190,104692,64,64,4,1,542.5,121.21777922400658,1635.8125,542.5,121.21777922400658,1635.8125,31.832129006991938,31.90422187822374,nan,nan,2.2879674351311468,0.007073855289485334,1.0,0.9036520719528198,nan,nan,nan,nan,69.32844662666321,72.32990097999573,0.0,141.65835237503052
246,246,trpo,trpo_paper,trpo_paper,ALE/Seaquest-v5,atari,0,1,1.0,25310286,103096,75,75,4,1,444.8,163.555169081669,1374.6133333333332,444.8,163.555169081669,1374.6133333333332,30.88829146499379,30.969404274899123,nan,nan,2.285152366332108,0.005912610224175765,1.0,1.1149863004684448,nan,nan,nan,nan,68.43932008743286,71.2946207523346,0.0,139.7339460849762
247,247,trpo,trpo_paper,trpo_paper,ALE/Seaquest-v5,atari,0,1,1.0,25412229,101943,68,68,4,1,495.5882352941176,134.900642663419,1499.1617647058824,495.5882352941176,134.900642663419,1499.1617647058824,31.556744332617246,31.629225247196963,nan,nan,2.2961207201113614,0.00618302163337273,1.0,1.0106157064437866,nan,nan,nan,nan,66.79162573814392,70.442631483078,0.0,137.23426222801208
248,248,trpo,trpo_paper,trpo_paper,ALE/Seaquest-v5,atari,0,1,1.0,25515686,103457,66,66,4,1,518.7878787878788,123.6749791151663,1567.530303030303,518.7878787878788,123.6749791151663,1567.530303030303,31.703403950433515,31.791684135679557,nan,nan,2.294692424298259,0.0060033556833720015,1.0,1.2697869539260864,nan,nan,nan,nan,67.9386842250824,71.54575395584106,0.0,139.48444318771362
249,249,trpo,trpo_paper,trpo_paper,ALE/Seaquest-v5,atari,0,1,1.0,25617936,102250,65,65,4,1,519.3846153846154,161.79642406504752,1573.076923076923,519.3846153846154,161.79642406504752,1573.076923076923,31.69509077017115,31.79275106968215,nan,nan,2.3038060246026895,0.00798795815314961,1.0,1.1114572286605835,nan,nan,nan,nan,66.8587896823883,70.64010739326477,0.0,137.49890160560608
250,250,trpo,trpo_paper,trpo_paper,ALE/Seaquest-v5,atari,0,1,1.0,25720854,102918,62,62,4,1,543.2258064516129,142.02196778677254,1659.967741935484,543.2258064516129,142.02196778677254,1659.967741935484,31.460718120251073,31.53305088759984,nan,nan,2.310988538053353,0.006231970184054663,1.0,0.9782736301422119,nan,nan,nan,nan,67.87945866584778,71.10038256645203,0.002070188522338867,138.98191666603088
251,251,trpo,trpo_paper,trpo_paper,ALE/Seaquest-v5,atari,0,1,1.0,25822898,102044,59,59,4,1,560.3389830508474,133.09823187322726,1729.5593220338983,560.3389830508474,133.09823187322726,1729.5593220338983,31.117968336575398,31.203993880703422,nan,nan,2.3050597735413154,0.00799544840562058,1.0,0.9964122772216797,nan,nan,nan,nan,66.16726016998291,70.46563816070557,0.0,136.6329026222229
252,252,trpo,trpo_paper,trpo_paper,ALE/Seaquest-v5,atari,0,1,1.0,25926648,103750,57,57,4,1,596.8421052631579,118.10132276004842,1820.1754385964912,596.8421052631579,118.10132276004842,1820.1754385964912,31.549240210843372,31.643761746987952,nan,nan,2.2874638554216866,0.008180556617749024,1.0,1.0454777479171753,nan,nan,nan,nan,67.96087789535522,71.62425661087036,0.0,139.5851399898529
253,253,trpo,trpo_paper,trpo_paper,ALE/Seaquest-v5,atari,0,1,1.0,26030752,104104,53,53,4,1,640.0,107.10601343158818,1964.2264150943397,640.0,107.10601343158818,1964.2264150943397,31.444551992478676,31.534559791170366,nan,nan,2.2851567471741,0.00832848591489671,1.0,1.0906753540039062,nan,nan,nan,nan,68.28321695327759,71.9313657283783,0.0,140.21458840370178
254,254,trpo,trpo_paper,trpo_paper,ALE/Seaquest-v5,atari,0,1,1.0,26135476,104724,57,57,4,1,603.859649122807,129.2590814070434,1837.2631578947369,603.859649122807,129.2590814070434,1837.2631578947369,31.631750034614797,31.715642277558153,nan,nan,2.3119571388990345,0.005494773912353713,1.0,1.2525217533111572,nan,nan,nan,nan,68.6944227218628,72.31481766700745,0.0,141.00924515724182
255,255,trpo,trpo_paper,trpo_paper,ALE/Seaquest-v5,atari,0,1,1.0,26238658,103182,57,57,4,1,590.5263157894736,128.91478285015953,1810.2105263157894,590.5263157894736,128.91478285015953,1810.2105263157894,31.404311828855807,31.50302953761315,nan,nan,2.327572218416245,0.006567135256384785,1.0,1.2434428930282593,nan,nan,nan,nan,67.71999001502991,71.28378677368164,0.0,139.0037817955017
256,256,trpo,trpo_paper,trpo_paper,ALE/Seaquest-v5,atari,0,1,1.0,26341624,102966,59,59,4,1,566.1016949152543,129.99370192243987,1745.1864406779662,566.1016949152543,129.99370192243987,1745.1864406779662,31.1737116196123,31.26734689727677,nan,nan,2.3203434852736584,0.007869797391641538,1.0,0.9992920160293579,nan,nan,nan,nan,66.98129367828369,71.22140097618103,0.0,138.2026994228363
257,257,trpo,trpo_paper,trpo_paper,ALE/Seaquest-v5,atari,0,1,1.0,26443944,102320,57,57,4,1,592.9824561403509,132.26720578926853,1795.0877192982457,592.9824561403509,132.26720578926853,1795.0877192982457,31.797481247556686,31.885924825302972,nan,nan,2.311763607737979,0.007625085577016305,1.0,0.9994953870773315,nan,nan,nan,nan,67.52024435997009,70.75640869140625,0.0,138.27665829658508
258,258,trpo,trpo_paper,trpo_paper,ALE/Seaquest-v5,atari,0,1,1.0,26549149,105205,60,60,4,1,574.3333333333334,141.47280853773827,1753.4166666666667,574.3333333333334,141.47280853773827,1753.4166666666667,31.534245193907132,31.628144604581532,nan,nan,2.277133854735992,0.006216201528526697,1.0,1.2127933502197266,nan,nan,nan,nan,69.28520178794861,72.60636138916016,0.0,141.89156770706177
259,259,trpo,trpo_paper,trpo_paper,ALE/Seaquest-v5,atari,0,1,1.0,26652271,103122,58,58,4,1,579.6551724137931,123.98505912826448,1777.9655172413793,579.6551724137931,123.98505912826448,1777.9655172413793,31.356918867942824,31.469858820135375,nan,nan,2.301244483172844,0.007059859429011033,1.0,1.305555820465088,nan,nan,nan,nan,67.35333061218262,71.31576013565063,0.0,138.66909503936768
260,260,trpo,trpo_paper,trpo_paper,ALE/Seaquest-v5,atari,0,1,1.0,26756463,104192,58,58,4,1,580.0,131.88291568006775,1796.4137931034484,580.0,131.88291568006775,1796.4137931034484,31.119259846005452,31.22239201426213,nan,nan,2.299181129774239,0.007016870341920442,1.0,1.3871773481369019,nan,nan,nan,nan,67.88674902915955,72.1541998386383,0.0,140.04095363616943
261,261,trpo,trpo_paper,trpo_paper,ALE/Seaquest-v5,atari,0,1,1.0,26860885,104422,56,56,4,1,608.5714285714286,116.97723483391012,1864.6785714285713,608.5714285714286,116.97723483391012,1864.6785714285713,31.51885498266649,31.614656304466493,nan,nan,2.293526311430422,0.00715159947381596,1.0,1.0803879499435425,nan,nan,nan,nan,68.79699969291687,72.09652328491211,0.0,140.89352798461914
262,262,trpo,trpo_paper,trpo_paper,ALE/Seaquest-v5,atari,0,1,1.0,26963533,102648,57,57,4,1,591.578947368421,129.44943432867822,1800.842105263158,591.578947368421,129.44943432867822,1800.842105263158,31.63378792085574,31.740825290068972,nan,nan,2.308602141085311,0.0077965539965673195,1.0,1.2532836198806763,nan,nan,nan,nan,67.08224868774414,70.91144967079163,0.0,137.99370312690735
263,263,trpo,trpo_paper,trpo_paper,ALE/Seaquest-v5,atari,0,1,1.0,27067907,104374,56,56,4,1,611.7857142857143,116.36008064343604,1863.8214285714287,611.7857142857143,116.36008064343604,1863.8214285714287,31.690051072345604,31.772766385785733,nan,nan,2.292121763966002,0.006545327911149688,1.0,1.1330888271331787,nan,nan,nan,nan,69.00266027450562,72.0765974521637,0.0,141.0792634487152
264,264,trpo,trpo_paper,trpo_paper,ALE/Seaquest-v5,atari,0,1,1.0,27171771,103864,58,58,4,1,588.9655172413793,114.54090754221625,1790.7586206896551,588.9655172413793,114.54090754221625,1790.7586206896551,31.702135274252868,31.791394726517368,nan,nan,2.283846723163825,0.007170782635479231,1.0,1.057002067565918,nan,nan,nan,nan,68.21393609046936,71.74504566192627,0.0,139.95898723602295
265,265,trpo,trpo_paper,trpo_paper,ALE/Seaquest-v5,atari,0,1,1.0,27274018,102247,58,58,4,1,576.8965517241379,122.94106937811112,1762.8793103448277,576.8965517241379,122.94106937811112,1762.8793103448277,31.46793052302268,31.565120263308458,nan,nan,2.2961113773509245,0.006152123505818376,1.0,1.305733561515808,nan,nan,nan,nan,67.31193852424622,70.49635195732117,0.0,137.80829548835754
266,266,trpo,trpo_paper,trpo_paper,ALE/Seaquest-v5,atari,0,1,1.0,27377902,103884,62,62,4,1,549.3548387096774,137.33489756609612,1675.5483870967741,549.3548387096774,137.33489756609612,1675.5483870967741,31.490539477927303,31.57388785207539,nan,nan,2.3260013121606793,0.0061935834999513485,1.0,1.2232744693756104,nan,nan,nan,nan,67.7797429561615,71.97708487510681,0.0,139.7568325996399
267,267,trpo,trpo_paper,trpo_paper,ALE/Seaquest-v5,atari,0,1,1.0,27479347,101445,65,65,4,1,508.9230769230769,141.11776944124014,1560.6923076923076,508.9230769230769,141.11776944124014,1560.6923076923076,31.273077853147026,31.35563282443689,nan,nan,2.3257216425772587,0.0068023307878323745,1.0,1.0519803762435913,nan,nan,nan,nan,66.71859312057495,70.30430388450623,0.0,137.02290201187134
268,268,trpo,trpo_paper,trpo_paper,ALE/Seaquest-v5,atari,0,1,1.0,27583727,104380,69,69,4,1,496.81159420289856,164.4533567071257,1512.7536231884058,496.81159420289856,164.4533567071257,1512.7536231884058,31.473153980647634,31.574150639490323,nan,nan,2.3429433956756562,0.007921561616801067,1.0,1.1087162494659424,nan,nan,nan,nan,68.10958433151245,72.17296957969666,0.0,140.28255891799927
269,269,trpo,trpo_paper,trpo_paper,ALE/Seaquest-v5,atari,0,1,1.0,27688024,104297,73,73,4,1,464.6575342465753,164.00870501271405,1428.7260273972602,464.6575342465753,164.00870501271405,1428.7260273972602,31.025256449130847,31.119032216890226,nan,nan,2.3548528050453275,0.0068272940197831086,1.0,1.2029476165771484,nan,nan,nan,nan,68.65651035308838,71.93913674354553,0.0,140.59565210342407
270,270,trpo,trpo_paper,trpo_paper,ALE/Seaquest-v5,atari,0,1,1.0,27790224,102200,69,69,4,1,485.5072463768116,167.36263008058287,1481.159420289855,485.5072463768116,167.36263008058287,1481.159420289855,31.306671278742662,31.40654736423679,nan,nan,2.351446592924413,0.006917167290381781,1.0,1.1330734491348267,nan,nan,nan,nan,66.53519582748413,70.66659784317017,0.0,137.20179891586304
271,271,trpo,trpo_paper,trpo_paper,ALE/Seaquest-v5,atari,0,1,1.0,27894621,104397,68,68,4,1,505.5882352941176,142.1616970104318,1535.25,505.5882352941176,142.1616970104318,1535.25,31.493824654923035,31.58674533870705,nan,nan,2.3445775014787302,0.007728487356690189,1.0,1.1479612588882446,nan,nan,nan,nan,68.62623000144958,72.06178998947144,0.0,140.68802452087402
272,272,trpo,trpo_paper,trpo_paper,ALE/Seaquest-v5,atari,0,1,1.0,27996540,101919,63,63,4,1,536.8253968253969,148.09719456337095,1617.7619047619048,536.8253968253969,148.09719456337095,1617.7619047619048,31.84183487622524,31.930503022007674,nan,nan,2.305153192271559,0.006867093955688492,1.0,1.1393862962722778,nan,nan,nan,nan,66.64956331253052,70.48943638801575,0.0,137.139004945755
273,273,trpo,trpo_paper,trpo_paper,ALE/Seaquest-v5,atari,0,1,1.0,28099194,102654,64,64,4,1,530.625,140.53330343729917,1603.96875,530.625,140.53330343729917,1603.96875,31.631758747832524,31.73564184664017,nan,nan,2.3096409380966647,0.0072604970563269365,1.0,1.2827121019363403,nan,nan,nan,nan,66.6035304069519,70.8410713672638,0.0,137.44460678100586
274,274,trpo,trpo_paper,trpo_paper,ALE/Seaquest-v5,atari,0,1,1.0,28203137,103943,67,67,4,1,507.76119402985074,133.78330546990864,1551.3880597014925,507.76119402985074,133.78330546990864,1551.3880597014925,31.328839333817573,31.412332209720713,nan,nan,2.315030402029237,0.00619215893284724,1.0,1.1670176982879639,nan,nan,nan,nan,67.56516361236572,71.84772276878357,0.0,139.4128909111023
275,275,trpo,trpo_paper,trpo_paper,ALE/Seaquest-v5,atari,0,1,1.0,28308178,105041,66,66,4,1,523.3333333333334,135.22521431248902,1591.530303030303,523.3333333333334,135.22521431248902,1591.530303030303,31.537936079721252,31.64216487490599,nan,nan,2.3201753883602594,0.007640439231747574,1.0,1.1812734603881836,nan,nan,nan,nan,68.72499585151672,72.57470440864563,0.0021305084228515625,141.30183577537537
276,276,trpo,trpo_paper,trpo_paper,ALE/Seaquest-v5,atari,0,1,1.0,28409467,101289,68,68,4,1,483.8235294117647,161.3639420667082,1489.5441176470588,483.8235294117647,161.3639420667082,1489.5441176470588,31.074994261469655,31.17012397693728,nan,nan,2.3138685989933507,0.006469268276024315,1.0,1.3039312362670898,nan,nan,nan,nan,65.96503734588623,70.06684732437134,0.0,136.0318899154663
277,277,trpo,trpo_paper,trpo_paper,ALE/Seaquest-v5,atari,0,1,1.0,28512115,102648,69,69,4,1,484.6376811594203,147.01453847208177,1487.6521739130435,484.6376811594203,147.01453847208177,1487.6521739130435,31.10078937850713,31.204541247759334,nan,nan,2.3212612254074605,0.005872712734469427,1.0,1.485290765762329,nan,nan,nan,nan,67.4185299873352,71.01692128181458,0.0,138.43545651435852
278,278,trpo,trpo_paper,trpo_paper,ALE/Seaquest-v5,atari,0,1,1.0,28614851,102736,71,71,4,1,482.8169014084507,159.97520141089078,1446.9859154929577,482.8169014084507,159.97520141089078,1446.9859154929577,31.758844574929917,31.856907966778927,nan,nan,2.3186621268652177,0.005759057857350311,1.0,1.4465364217758179,nan,nan,nan,nan,67.19223356246948,71.0743510723114,0.0,138.26658964157104
279,279,trpo,trpo_paper,trpo_paper,ALE/Seaquest-v5,atari,0,1,1.0,28718555,103704,68,68,4,1,508.8235294117647,145.33459783795365,1525.0588235294117,508.8235294117647,145.33459783795365,1525.0588235294117,31.864636067557665,31.96726862030394,nan,nan,2.3170257170498485,0.006992575065217367,1.0,1.3778642416000366,nan,nan,nan,nan,68.23083066940308,71.651540517807,0.0,139.8823766708374
280,280,trpo,trpo_paper,trpo_paper,ALE/Seaquest-v5,atari,0,1,1.0,28822667,104112,72,72,4,1,475.8333333333333,136.3385288333582,1446.0,475.8333333333333,136.3385288333582,1446.0,31.422580520257032,31.529033786931382,nan,nan,2.281170383217112,0.00776342861626291,1.0,1.3449419736862183,nan,nan,nan,nan,68.2244701385498,72.0233895778656,0.0,140.24786520004272
281,281,trpo,trpo_paper,trpo_paper,ALE/Seaquest-v5,atari,0,1,1.0,28925990,103323,70,70,4,1,489.7142857142857,158.4115023653038,1476.0428571428572,489.7142857142857,158.4115023653038,1476.0428571428572,31.706937830879863,31.792965234023402,nan,nan,2.268453905622417,0.005272665483691002,1.0,1.2132970094680786,nan,nan,nan,nan,67.8154890537262,71.19921875,0.0,139.01471185684204
282,282,trpo,trpo_paper,trpo_paper,ALE/Seaquest-v5,atari,0,1,1.0,29029075,103085,67,67,4,1,508.65671641791045,142.56598914488643,1538.5820895522388,508.65671641791045,142.56598914488643,1538.5820895522388,31.576819645195712,31.669633827666487,nan,nan,2.2870969269898627,0.0061286613846922924,1.0,1.2488129138946533,nan,nan,nan,nan,67.41702008247375,71.20964908599854,0.0,138.62667441368103
283,283,trpo,trpo_paper,trpo_paper,ALE/Seaquest-v5,atari,0,1,1.0,29131832,102757,69,69,4,1,493.6231884057971,149.37523041755563,1489.231884057971,493.6231884057971,149.37523041755563,1489.231884057971,31.692450088558445,31.783485249180103,nan,nan,2.28323620706801,0.005861430811359259,1.0,1.3195488452911377,nan,nan,nan,nan,68.0597026348114,71.01642799377441,0.0,139.07613515853882
284,284,trpo,trpo_paper,trpo_paper,ALE/Seaquest-v5,atari,0,1,1.0,29235075,103243,70,70,4,1,486.0,143.4812083265859,1474.9,486.0,143.4812083265859,1474.9,31.42646293211162,31.52066907683814,nan,nan,2.247188255196478,0.006038526396670151,1.0,1.3289353847503662,nan,nan,nan,nan,67.26265048980713,71.2567241191864,0.0,138.51937866210938
285,285,trpo,trpo_paper,trpo_paper,ALE/Seaquest-v5,atari,0,1,1.0,29338512,103437,71,71,4,1,486.19718309859155,143.14737994958645,1456.8591549295775,486.19718309859155,143.14737994958645,1456.8591549295775,31.80765314877655,31.901947411226157,nan,nan,2.2275909415272097,0.006782145261742125,1.0,1.2234464883804321,nan,nan,nan,nan,68.27301907539368,71.46201062202454,0.0,139.73503518104553
286,286,trpo,trpo_paper,trpo_paper,ALE/Seaquest-v5,atari,0,1,1.0,29442606,104094,79,79,4,1,436.2025316455696,152.18496239248114,1317.6455696202531,436.2025316455696,152.18496239248114,1317.6455696202531,31.428118305329797,31.522568844025592,nan,nan,2.2132392901037763,0.008130961690869416,1.0,1.2687171697616577,nan,nan,nan,nan,67.51589298248291,71.75528383255005,0.0,139.2711820602417
287,287,trpo,trpo_paper,trpo_paper,ALE/Seaquest-v5,atari,0,1,1.0,29545470,102864,76,76,4,1,441.8421052631579,147.65456242898213,1353.4736842105262,441.8421052631579,147.65456242898213,1353.4736842105262,31.06402613523682,31.167268189065172,nan,nan,2.1825356743795203,0.006011382493771801,1.0,1.4874191284179688,nan,nan,nan,nan,67.40836930274963,71.0881679058075,0.0,138.4965422153473
288,288,trpo,trpo_paper,trpo_paper,ALE/Seaquest-v5,atari,0,1,1.0,29647760,102290,75,75,4,1,451.73333333333335,130.39809132890798,1363.8666666666666,451.73333333333335,130.39809132890798,1363.8666666666666,31.541152758089744,31.63706083805846,nan,nan,2.1905400508053083,0.0068498705955809865,1.0,1.2421766519546509,nan,nan,nan,nan,66.88938808441162,70.54582405090332,0.0,137.43521666526794
289,289,trpo,trpo_paper,trpo_paper,ALE/Seaquest-v5,atari,0,1,1.0,29750675,102915,73,73,4,1,467.94520547945206,135.2720131642378,1409.7945205479452,467.94520547945206,135.2720131642378,1409.7945205479452,31.584794338774717,31.66941347228295,nan,nan,2.1797423750030367,0.006699226001625155,1.0,1.1735059022903442,nan,nan,nan,nan,67.21116876602173,71.00442624092102,0.0,138.21560072898865
290,290,trpo,trpo_paper,trpo_paper,ALE/Seaquest-v5,atari,0,1,1.0,29852927,102252,71,71,4,1,480.84507042253523,160.50752673214768,1440.1690140845071,480.84507042253523,160.50752673214768,1440.1690140845071,31.864135298087078,31.987896401170637,nan,nan,2.172900480400139,0.007075934919899509,1.0,1.5875071287155151,nan,nan,nan,nan,66.19257831573486,70.62574648857117,0.0,136.8183295726776
291,291,trpo,trpo_paper,trpo_paper,ALE/Seaquest-v5,atari,0,1,1.0,29955115,102188,75,75,4,1,445.6,146.66278782749677,1362.5066666666667,445.6,146.66278782749677,1362.5066666666667,31.068899204162914,31.171605658810233,nan,nan,2.1807556331528652,0.005260659933862186,1.0,1.5337985754013062,nan,nan,nan,nan,66.78436422348022,70.54429292678833,0.0,137.32866191864014
292,292,trpo,trpo_paper,trpo_paper,ALE/Seaquest-v5,atari,0,1,1.0,30059217,104102,71,71,4,1,489.2957746478873,138.3537407798582,1466.225352112676,489.2957746478873,138.3537407798582,1466.225352112676,31.843471276968742,31.933129736940693,nan,nan,2.201982547015187,0.006793644396365874,1.0,1.1713776588439941,nan,nan,nan,nan,68.9144127368927,71.92457461357117,0.0,140.83899211883545
293,293,trpo,trpo_paper,trpo_paper,ALE/Seaquest-v5,atari,0,1,1.0,30162050,102833,70,70,4,1,494.85714285714283,154.39044064729302,1469.0428571428572,494.85714285714283,154.39044064729302,1469.0428571428572,32.171442411482694,32.26799337274999,nan,nan,2.192160725323461,0.007052393567791939,1.0,1.2488446235656738,nan,nan,nan,nan,67.60429811477661,71.1110270023346,0.0,138.71533012390137
294,294,trpo,trpo_paper,trpo_paper,ALE/Seaquest-v5,atari,0,1,1.0,30264942,102892,69,69,4,1,499.71014492753625,131.23682558578622,1491.1884057971015,499.71014492753625,131.23682558578622,1491.1884057971015,32.06316817634024,32.15811512313883,nan,nan,2.1753988139566243,0.0075476025231725665,1.0,1.0512924194335938,nan,nan,nan,nan,67.56058192253113,71.14566326141357,0.0,138.7062509059906
295,295,trpo,trpo_paper,trpo_paper,ALE/Seaquest-v5,atari,0,1,1.0,30369284,104342,70,70,4,1,503.14285714285717,165.15397886425225,1490.6,503.14285714285717,165.15397886425225,1490.6,32.36120117618025,32.48687129823082,nan,nan,2.1714777748593566,0.007547617113657104,1.0,1.4782429933547974,nan,nan,nan,nan,67.88523840904236,72.038250207901,0.0,139.92349410057068
296,296,trpo,trpo_paper,trpo_paper,ALE/Seaquest-v5,atari,0,1,1.0,30472200,102916,63,63,4,1,559.047619047619,125.55545522039617,1633.5873015873017,559.047619047619,125.55545522039617,1633.5873015873017,32.883146813906485,33.00304571810992,nan,nan,2.161841227387505,0.007394077762614761,1.0,1.5067275762557983,nan,nan,nan,nan,67.61687874794006,71.10840368270874,0.0,138.72528743743896
297,297,trpo,trpo_paper,trpo_paper,ALE/Seaquest-v5,atari,0,1,1.0,30574108,101908,67,67,4,1,516.1194029850747,156.0420458443344,1521.0149253731342,516.1194029850747,156.0420458443344,1521.0149253731342,32.551187253454096,32.66089312787024,nan,nan,2.155891153433121,0.00750631156651331,1.0,1.3172552585601807,nan,nan,nan,nan,66.63392066955566,70.35058450698853,0.0,136.9845097064972
298,298,trpo,trpo_paper,trpo_paper,ALE/Seaquest-v5,atari,0,1,1.0,30677968,103860,71,71,4,1,500.28169014084506,137.97296970412143,1462.8169014084508,500.28169014084506,137.97296970412143,1462.8169014084508,32.851447260735604,32.96121521760062,nan,nan,2.132725948316845,0.0070125564620050875,1.0,1.355535864830017,nan,nan,nan,nan,68.30125069618225,71.84328722953796,0.0,140.14454293251038
299,299,trpo,trpo_paper,trpo_paper,ALE/Seaquest-v5,atari,0,1,1.0,30781285,103317,82,82,4,1,424.390243902439,162.54153361132347,1259.9634146341464,424.390243902439,162.54153361132347,1259.9634146341464,32.16404457882052,32.26845110194837,nan,nan,2.132072627508058,0.006448762799190167,1.0,1.2657374143600464,nan,nan,nan,nan,67.52793049812317,71.39908361434937,0.0,138.92701864242554
300,300,trpo,trpo_paper,trpo_paper,ALE/Seaquest-v5,atari,0,1,1.0,30884383,103098,74,74,4,1,471.0810810810811,150.89433897256185,1393.2162162162163,471.0810810810811,150.89433897256185,1393.2162162162163,32.439323507730506,32.5633500710489,nan,nan,2.1250899004315067,0.007578814547027584,1.0,1.3576147556304932,nan,nan,nan,nan,66.92739129066467,71.16280770301819,0.0019562244415283203,138.09216165542603
