iteration,epoch,method,method_variant,estimator,env_id,suite,seed,trainable,did_update,env_steps,batch_env_steps,episodes_in_batch,episodes_in_epoch,num_workers,parallel_rollouts,train_return_mean,train_return_std,train_len_mean,ep_return_mean,ep_return_std,ep_len_mean,policy_loss_before,policy_loss_after,value_loss_before,value_loss_after,entropy,approx_kl,line_search_success,cg_norm,clip_fraction,kl_coef,value_explained_variance_before,value_explained_variance_after,collect_time_sec,update_time_sec,checkpoint_time_sec,wall_time_sec
1,1,ppo,clip,gae,ALE/Qbert-v5,atari,0,1,1.0,100000,100000,300,300,4,1,157.5,152.29494410518032,329.83666666666664,157.5,152.29494410518032,329.83666666666664,2.3206472396850587e-08,-0.0008144337832927704,4043.590597421875,2872.088244902344,1.7864020320892333,0.0019934005936980245,nan,nan,1e-05,nan,2.4437904357910156e-06,0.002782583236694336,80.42819452285767,78.33208990097046,0.0,158.76047444343567
2,2,ppo,clip,gae,ALE/Qbert-v5,atari,0,1,1.0,200000,100000,297,297,4,1,170.2861952861953,142.61743549465814,335.58249158249157,170.2861952861953,142.61743549465814,335.58249158249157,-2.950429916381836e-10,-0.0013125941184163094,2489.7956249609374,2431.3192037109375,1.779666675300598,0.003026507117599249,nan,nan,0.0,nan,-0.000933527946472168,0.02339804172515869,79.37040066719055,76.17043113708496,0.0,155.54087352752686
3,3,ppo,clip,gae,ALE/Qbert-v5,atari,0,1,1.0,300000,100000,288,288,4,1,210.67708333333334,147.14048663831352,345.15625,210.67708333333334,147.14048663831352,345.15625,-1.049518585205078e-08,-0.0008369136571884156,3142.473816875,2813.425935625,1.765621408958435,0.0034250938519090413,nan,nan,0.2752800001144409,nan,0.025407493114471436,0.10356301069259644,78.57498979568481,76.22263884544373,0.0,154.79766869544983
4,4,ppo,clip,gae,ALE/Qbert-v5,atari,0,1,1.0,400000,100000,285,285,4,1,204.03508771929825,154.95171459706813,348.2736842105263,204.03508771929825,154.95171459706813,348.2736842105263,-2.080202102661133e-09,-0.0009741616952419281,2502.3474169140627,2445.7022955859375,1.754162352142334,0.0016557515360042453,nan,nan,0.0,nan,0.055913567543029785,0.08039408922195435,79.18492293357849,76.60722708702087,0.0,155.7921814918518
5,5,ppo,clip,gae,ALE/Qbert-v5,atari,0,1,1.0,500000,100000,284,284,4,1,244.19014084507043,156.6081246025552,349.7323943661972,244.19014084507043,156.6081246025552,349.7323943661972,1.563549041748047e-08,-0.0005594343471527099,3049.9506229296876,2847.1861509765627,1.7476853268814088,0.0014914144474640488,nan,nan,0.0,nan,0.12194979190826416,0.15577101707458496,78.77993607521057,76.22829079627991,0.0,155.00827550888062
6,6,ppo,clip,gae,ALE/Qbert-v5,atari,0,1,1.0,600000,100000,282,282,4,1,245.39007092198582,160.63379668986866,351.7659574468085,245.39007092198582,160.63379668986866,351.7659574468085,1.7309188842773437e-09,-0.0010705493831634522,3105.71547125,3003.76191828125,1.7279344691467284,0.002074276103489101,nan,nan,0.0,nan,0.16358834505081177,0.18630611896514893,79.35126495361328,76.660409450531,0.0,156.01170659065247
7,7,ppo,clip,gae,ALE/Qbert-v5,atari,0,1,1.0,700000,100000,280,280,4,1,264.9107142857143,179.06874944574002,354.23571428571427,264.9107142857143,179.06874944574002,354.23571428571427,1.010894775390625e-09,-0.0006235028457641602,3399.77289,3276.87893890625,1.7309273791885376,0.0014192076187580823,nan,nan,0.0030100000001490115,nan,0.14768826961517334,0.17370551824569702,80.31971001625061,76.24375772476196,0.0,156.56350231170654
8,8,ppo,clip,gae,ALE/Qbert-v5,atari,0,1,1.0,800000,100000,277,277,4,1,270.3971119133574,177.52567636213146,359.1191335740072,270.3971119133574,177.52567636213146,359.1191335740072,-7.62939453125e-09,-0.0008680058765411377,3360.90477109375,3286.1520134375,1.7190285502624512,0.0010691249796375632,nan,nan,0.0,nan,0.15555351972579956,0.1744822859764099,79.36464500427246,76.00127601623535,0.0,155.36595487594604
9,9,ppo,clip,gae,ALE/Qbert-v5,atari,0,1,1.0,900000,100000,276,276,4,1,271.0144927536232,144.78389620933086,359.4130434782609,271.0144927536232,144.78389620933086,359.4130434782609,-1.5306472778320313e-09,-0.0007602460336685181,2461.821318574219,2383.0553897265627,1.7110966060638428,0.0006620499457418919,nan,nan,0.00040000000029802324,nan,0.247744619846344,0.2711384892463684,78.89081072807312,76.36770439147949,0.0,155.25854635238647
10,10,ppo,clip,gae,ALE/Qbert-v5,atari,0,1,1.0,1000000,100000,279,279,4,1,283.78136200716847,157.85565366676198,356.36917562724017,283.78136200716847,157.85565366676198,356.36917562724017,-3.2657384872436522e-09,-0.0007253191822767258,2967.0707727734375,2917.3661430859374,1.6993761959838867,0.0005994870521686971,nan,nan,0.0,nan,0.25366050004959106,0.2657995820045471,78.83691477775574,76.02352714538574,0.0,154.86048531532288
11,11,ppo,clip,gae,ALE/Qbert-v5,atari,0,1,1.0,1100000,100000,281,281,4,1,282.65124555160145,150.1162043605415,354.1850533807829,282.65124555160145,150.1162043605415,354.1850533807829,7.222294807434082e-09,-0.000539350278377533,2572.8406878125,2541.361249902344,1.6989394826126099,0.0010733788614347578,nan,nan,0.013030000001341104,nan,0.2861369848251343,0.29612523317337036,79.6216390132904,76.20289540290833,0.0,155.82458209991455
12,12,ppo,clip,gae,ALE/Qbert-v5,atari,0,1,1.0,1200000,100000,272,272,4,1,306.5257352941176,165.1819609401934,366.0110294117647,306.5257352941176,165.1819609401934,366.0110294117647,7.128715515136719e-09,-0.0007549300718307495,3061.3645549414064,2982.289178046875,1.687849116821289,0.0005914547167159617,nan,nan,0.00051,nan,0.31411290168762207,0.33177649974823,78.81050968170166,76.24856424331665,0.0,155.0591263771057
13,13,ppo,clip,gae,ALE/Qbert-v5,atari,0,1,1.0,1300000,100000,273,273,4,1,311.2637362637363,175.10843329267772,363.6263736263736,311.2637362637363,175.10843329267772,363.6263736263736,-5.512237548828125e-09,-0.0009818004512786864,3190.65616515625,3127.0702040625,1.6896906032943726,0.0013406802274286748,nan,nan,2e-05,nan,0.32402557134628296,0.3375629782676697,78.90255403518677,76.43961000442505,0.0,155.34219598770142
14,14,ppo,clip,gae,ALE/Qbert-v5,atari,0,1,1.0,1400000,100000,267,267,4,1,325.37453183520597,178.633625293378,371.71535580524346,325.37453183520597,178.633625293378,371.71535580524346,4.916191101074219e-09,-0.0005510351371765137,3446.4121853125,3381.39562109375,1.696421078605652,0.0007487825781852007,nan,nan,0.0,nan,0.29345619678497314,0.3060171604156494,78.89970564842224,76.59849309921265,0.0,155.49823260307312
15,15,ppo,clip,gae,ALE/Qbert-v5,atari,0,1,1.0,1500000,100000,266,266,4,1,325.7518796992481,167.29661228318145,372.1691729323308,325.7518796992481,167.29661228318145,372.1691729323308,-2.471208572387695e-09,-0.0004703168570995331,3179.23444265625,3137.19721796875,1.7013329152679444,0.0003686222483869642,nan,nan,0.0,nan,0.30781304836273193,0.3220338821411133,79.71097135543823,76.20360326766968,0.0,155.91461038589478
16,16,ppo,clip,gae,ALE/Qbert-v5,atari,0,1,1.0,1600000,100000,264,264,4,1,346.68560606060606,186.19724090353014,375.45454545454544,346.68560606060606,186.19724090353014,375.45454545454544,-2.7608871459960938e-09,-0.0009032933187484741,3834.77217109375,3702.76342296875,1.7009812803268434,0.001668451661914587,nan,nan,0.007420000001937151,nan,0.3354763984680176,0.35103917121887207,79.55289053916931,76.42381000518799,0.0,155.97673296928406
17,17,ppo,clip,gae,ALE/Qbert-v5,atari,0,1,1.0,1700000,100000,270,270,4,1,327.68518518518516,167.0820184569015,368.73703703703706,327.68518518518516,167.0820184569015,368.73703703703706,-1.950263977050781e-09,-0.0006384976434707641,3130.539512421875,3073.337295703125,1.69534310005188,0.0003372944407444447,nan,nan,0.0015700000005960464,nan,0.32505685091018677,0.3373602628707886,79.68067383766174,76.36067962646484,0.0,156.0413990020752
18,18,ppo,clip,gae,ALE/Qbert-v5,atari,0,1,1.0,1800000,100000,258,258,4,1,361.7248062015504,175.23691008452013,385.37984496124034,361.7248062015504,175.23691008452013,385.37984496124034,-5.004405975341797e-09,-0.0008065421748161316,3343.87140265625,3273.50626953125,1.682475711402893,0.0018670113956555723,nan,nan,0.08050000002026558,nan,0.3704947233200073,0.38025999069213867,79.60434651374817,76.65624618530273,0.0,156.26062870025635
19,19,ppo,clip,gae,ALE/Qbert-v5,atari,0,1,1.0,1900000,100000,264,264,4,1,344.2234848484849,177.49109894875758,375.4621212121212,344.2234848484849,177.49109894875758,375.4621212121212,-7.572174072265624e-09,-0.0007383475661277771,3258.970495,3217.0042781640627,1.6635348177337645,0.001115204039812088,nan,nan,0.026999999999403952,nan,0.3561742305755615,0.36547940969467163,79.54930233955383,76.23963165283203,0.0,155.78896307945251
20,20,ppo,clip,gae,ALE/Qbert-v5,atari,0,1,1.0,2000000,100000,260,260,4,1,368.0769230769231,186.54282310523502,380.4076923076923,368.0769230769231,186.54282310523502,380.4076923076923,-3.4332275390625e-10,-0.0007278493452072144,3541.06328390625,3417.547985,1.6609799907684326,0.0005854827444255352,nan,nan,0.0028100000004470348,nan,0.39022940397262573,0.40680569410324097,79.93842005729675,76.09203171730042,0.0,156.0304822921753
21,21,ppo,clip,gae,ALE/Qbert-v5,atari,0,1,1.0,2100000,100000,256,256,4,1,383.69140625,197.56858600533502,387.0078125,383.69140625,197.56858600533502,387.0078125,1.5926361083984375e-09,-0.001179889521598816,3972.385803984375,3886.8455521875,1.6386490916824341,0.0014599051600694656,nan,nan,0.017330000003874302,nan,0.3687734603881836,0.37609755992889404,79.71654653549194,76.5133855342865,0.0,156.22996306419373
22,22,ppo,clip,gae,ALE/Qbert-v5,atari,0,1,1.0,2200000,100000,262,262,4,1,370.706106870229,175.3354948783413,379.4580152671756,370.706106870229,175.3354948783413,379.4580152671756,7.1191787719726565e-09,-0.00015020400047302247,3405.71114296875,3367.43578765625,1.6507505615234375,0.0008494684069417417,nan,nan,0.012730000002682209,nan,0.4142047166824341,0.42081815004348755,79.54962396621704,76.97442960739136,0.0,156.52408576011658
23,23,ppo,clip,gae,ALE/Qbert-v5,atari,0,1,1.0,2300000,100000,256,256,4,1,382.32421875,195.7122617861542,388.6875,382.32421875,195.7122617861542,388.6875,-8.821487426757813e-10,2.0666041374206543e-05,3687.4283296484373,3623.856588828125,1.6701687462615966,0.0013245600755140184,nan,nan,0.023049999998211862,nan,0.37545377016067505,0.3858509063720703,79.23740100860596,76.57894611358643,0.0,155.81638169288635
24,24,ppo,clip,gae,ALE/Qbert-v5,atari,0,1,1.0,2400000,100000,255,255,4,1,388.921568627451,207.02683762154757,388.37254901960785,388.921568627451,207.02683762154757,388.37254901960785,0.0,-0.0009910151672363281,3903.72188171875,3825.342910234375,1.6604075927352906,0.0007217974900081754,nan,nan,0.02009000000178814,nan,0.39803028106689453,0.4078845977783203,78.85751128196716,76.25252842903137,0.0,155.11007380485535
25,25,ppo,clip,gae,ALE/Qbert-v5,atari,0,1,1.0,2500000,100000,254,254,4,1,379.62598425196853,174.42469517086326,389.98425196850394,379.62598425196853,174.42469517086326,389.98425196850394,-3.685951232910156e-09,-0.0007085202932357788,3091.725335859375,3065.918904453125,1.6556365198135377,0.0006692122795805335,nan,nan,0.013090000001192093,nan,0.44004398584365845,0.4484502673149109,78.95058298110962,76.37484002113342,0.012562036514282227,155.3380208015442
26,26,ppo,clip,gae,ALE/Qbert-v5,atari,0,1,1.0,2600000,100000,248,248,4,1,418.9516129032258,193.81492064632297,399.85483870967744,418.9516129032258,193.81492064632297,399.85483870967744,-2.2542476654052734e-09,-0.0005375809061527252,4217.228101171875,3960.237809296875,1.65143022441864,0.0011110933827608823,nan,nan,0.03068000002026558,nan,0.41922199726104736,0.43584907054901123,78.59085965156555,76.4452052116394,0.0,155.03610110282898
27,27,ppo,clip,gae,ALE/Qbert-v5,atari,0,1,1.0,2700000,100000,253,253,4,1,379.64426877470356,200.6306064729764,392.8498023715415,379.64426877470356,200.6306064729764,392.8498023715415,-9.307861328125e-09,-0.0009876354324817658,3758.280862578125,3601.704700078125,1.6501747560501099,0.000715063413567841,nan,nan,0.01956000000357628,nan,0.34439510107040405,0.37151050567626953,79.42465567588806,76.82972168922424,0.0,156.2544093132019
28,28,ppo,clip,gae,ALE/Qbert-v5,atari,0,1,1.0,2800000,100000,253,253,4,1,415.6126482213439,205.29868378375605,392.17786561264825,415.6126482213439,205.29868378375605,392.17786561264825,-5.245208740234375e-10,-0.000610092793405056,3926.765871015625,3852.9880390625,1.6413530911254883,0.0008830304430425167,nan,nan,0.018129999985694884,nan,0.4551541805267334,0.4670575261116028,79.2537534236908,76.397136926651,0.0,155.6509337425232
29,29,ppo,clip,gae,ALE/Qbert-v5,atari,0,1,1.0,2900000,100000,251,251,4,1,399.7011952191235,175.9504931915462,395.0517928286853,399.7011952191235,175.9504931915462,395.0517928286853,-7.265806198120117e-10,-0.0005849672439694405,3040.741334296875,2967.922552109375,1.6518873543930053,0.00045770020043477415,nan,nan,0.013080000001937151,nan,0.4559473991394043,0.47133785486221313,79.52158045768738,76.17793822288513,0.0,155.6995494365692
30,30,ppo,clip,gae,ALE/Qbert-v5,atari,0,1,1.0,3000000,100000,249,249,4,1,431.6265060240964,202.8938855050648,398.58232931726906,431.6265060240964,202.8938855050648,398.58232931726906,3.1757354736328126e-09,-0.0005616488265991211,3955.958941328125,3899.4713090625,1.662489953804016,0.0008529517776146531,nan,nan,0.005240000001043081,nan,0.4504854679107666,0.45806998014450073,79.65765333175659,75.87589383125305,0.0,155.53358030319214
31,31,ppo,clip,gae,ALE/Qbert-v5,atari,0,1,1.0,3100000,100000,247,247,4,1,419.12955465587044,181.66445749905276,401.7044534412955,419.12955465587044,181.66445749905276,401.7044534412955,-1.0132789611816407e-09,-0.0007797174668312072,3468.10787140625,3450.2823228125,1.6484448644638061,0.0003703608776256442,nan,nan,0.007390000001937151,nan,0.48616039752960205,0.4915795922279358,79.08532929420471,76.40753531455994,0.0,155.4929051399231
32,32,ppo,clip,gae,ALE/Qbert-v5,atari,0,1,1.0,3200000,100000,245,245,4,1,446.3265306122449,184.18816773305855,404.930612244898,446.3265306122449,184.18816773305855,404.930612244898,3.0994415283203124e-09,-0.0007031187307834626,3691.366793984375,3471.3139628125,1.6477519871520996,0.0004043313790298998,nan,nan,0.00342000000089407,nan,0.5041079223155975,0.5210332572460175,79.63677263259888,76.50694608688354,0.0,156.14375257492065
33,33,ppo,clip,gae,ALE/Qbert-v5,atari,0,1,1.0,3300000,100000,243,243,4,1,445.26748971193416,195.03410710655385,407.63374485596705,445.26748971193416,195.03410710655385,407.63374485596705,5.006790161132812e-10,-0.0005388574647903442,3777.397665625,3741.2750771875,1.650413719406128,0.000656062926966697,nan,nan,0.008050000001490117,nan,0.47591251134872437,0.4821176528930664,79.12446355819702,76.26797389984131,0.0,155.39246773719788
34,34,ppo,clip,gae,ALE/Qbert-v5,atari,0,1,1.0,3400000,100000,244,244,4,1,433.8114754098361,179.96248843957494,406.79918032786884,433.8114754098361,179.96248843957494,406.79918032786884,-5.702972412109375e-09,-0.0006945580673217773,3364.61117375,3255.6152984375,1.6522649184036255,0.0006809290153160691,nan,nan,0.007140000001192093,nan,0.508446991443634,0.5251397788524628,78.77354311943054,76.40617966651917,0.0,155.1797547340393
35,35,ppo,clip,gae,ALE/Qbert-v5,atari,0,1,1.0,3500000,100000,243,243,4,1,459.6707818930041,204.08405900038292,408.4320987654321,459.6707818930041,204.08405900038292,408.4320987654321,1.2972205877304076e-09,-0.0006872953783720731,4095.7096071875,4035.531934765625,1.6446295868301393,0.0007596799981966615,nan,nan,0.03127999999880791,nan,0.5075997114181519,0.5152142941951752,80.04387402534485,76.28664016723633,0.0,156.33055973052979
36,36,ppo,clip,gae,ALE/Qbert-v5,atari,0,1,1.0,3600000,100000,238,238,4,1,443.06722689075633,187.66937363318738,416.0882352941176,443.06722689075633,187.66937363318738,416.0882352941176,1.7070770263671874e-09,-0.0007820034408569336,3757.49143109375,3687.59936859375,1.6514403998947143,0.0005723755762912333,nan,nan,0.007970000001937151,nan,0.47948354482650757,0.4890652298927307,79.26257729530334,76.56640791893005,0.0,155.82902908325195
37,37,ppo,clip,gae,ALE/Qbert-v5,atari,0,1,1.0,3700000,100000,243,243,4,1,430.4526748971193,189.37464996245004,408.2181069958848,430.4526748971193,189.37464996245004,408.2181069958848,7.061958312988281e-09,-0.0007226723718643189,3512.21086890625,3465.3344221875,1.6563599937438964,0.0010122772934287787,nan,nan,0.0403,nan,0.4911266565322876,0.500563770532608,78.87660431861877,76.43906879425049,0.0,155.31571292877197
38,38,ppo,clip,gae,ALE/Qbert-v5,atari,0,1,1.0,3800000,100000,237,237,4,1,477.42616033755274,195.49763353166355,419.0210970464135,477.42616033755274,195.49763353166355,419.0210970464135,-6.723403930664063e-10,-0.00012749833106994628,3964.23723890625,3885.195481015625,1.6711191342544556,0.00167407183598727,nan,nan,0.1282600000691414,nan,0.5193669199943542,0.528853565454483,79.7667920589447,76.64130568504333,0.0,156.4081311225891
39,39,ppo,clip,gae,ALE/Qbert-v5,atari,0,1,1.0,3900000,100000,234,234,4,1,469.7649572649573,182.34538084992957,423.2606837606838,469.7649572649573,182.34538084992957,423.2606837606838,-1.6683340072631837e-09,-0.0003251603478193283,3674.4003403125,3619.480249296875,1.6812776666641236,0.001195940667204559,nan,nan,0.07919999998092651,nan,0.5509792268276215,0.5556684136390686,79.44318532943726,76.6792094707489,0.0,156.1224329471588
40,40,ppo,clip,gae,ALE/Qbert-v5,atari,0,1,1.0,4000000,100000,233,233,4,1,472.1030042918455,190.33705734485747,424.6137339055794,472.1030042918455,190.33705734485747,424.6137339055794,2.0712614059448244e-09,-0.000740534642636776,3636.78126625,3614.072948671875,1.6764322760772705,0.0005541029066871852,nan,nan,0.009100000001639129,nan,0.5272006690502167,0.5314287841320038,79.28675675392151,76.43437361717224,0.0,155.72116708755493
41,41,ppo,clip,gae,ALE/Qbert-v5,atari,0,1,1.0,4100000,100000,231,231,4,1,490.2597402597403,187.88333876428194,430.008658008658,490.2597402597403,187.88333876428194,430.008658008658,-7.355213165283203e-10,-0.0005999075782299042,3719.437456875,3642.3600890625,1.674381748085022,0.0006111852300725877,nan,nan,0.024380000023841858,nan,0.5700718462467194,0.5789927840232849,79.45451021194458,76.37250828742981,0.0,155.82705283164978
42,42,ppo,clip,gae,ALE/Qbert-v5,atari,0,1,1.0,4200000,100000,228,228,4,1,477.30263157894734,201.794755448223,433.2763157894737,477.30263157894734,201.794755448223,433.2763157894737,-6.555318832397461e-09,-0.0006426261782646179,4004.096035546875,3876.89283578125,1.6741907712173463,0.0007962207975611091,nan,nan,0.03639000001311302,nan,0.5068610906600952,0.5230594277381897,78.81974673271179,76.72712683677673,0.0,155.54690551757812
43,43,ppo,clip,gae,ALE/Qbert-v5,atari,0,1,1.0,4300000,100000,222,222,4,1,503.0405405405405,205.989401405994,447.5900900900901,503.0405405405405,205.989401405994,447.5900900900901,-2.765655517578125e-10,-0.0008125225830078125,4073.27292984375,4001.97378765625,1.6685402502822877,0.000551803965466097,nan,nan,0.019579999994635583,nan,0.5126148164272308,0.5218066275119781,80.0707778930664,76.29980206489563,0.0,156.37061858177185
44,44,ppo,clip,gae,ALE/Qbert-v5,atari,0,1,1.0,4400000,100000,228,228,4,1,491.9956140350877,201.10459218602435,436.11842105263156,491.9956140350877,201.10459218602435,436.11842105263156,-1.9073486328125e-09,-0.0006673715496063233,3911.23706,3875.133966875,1.6578715875625611,0.0005782905003614724,nan,nan,0.029870000022649765,nan,0.5217549204826355,0.5257434844970703,78.88316798210144,76.27461266517639,0.0,155.15781474113464
45,45,ppo,clip,gae,ALE/Qbert-v5,atari,0,1,1.0,4500000,100000,230,230,4,1,504.67391304347825,193.79617871539185,432.5,504.67391304347825,193.79617871539185,432.5,-6.772279739379883e-09,0.00010293088555335999,3887.681871953125,3784.7330496875,1.6418345810317994,0.0014258096002787352,nan,nan,0.09909999997138977,nan,0.539842814207077,0.5490090548992157,79.33306050300598,76.30051279067993,0.0,155.63360476493835
46,46,ppo,clip,gae,ALE/Qbert-v5,atari,0,1,1.0,4600000,100000,228,228,4,1,486.8421052631579,169.38713465030793,431.2324561403509,486.8421052631579,169.38713465030793,431.2324561403509,2.474784851074219e-09,-0.0004994041013717651,3013.6521178125,3006.36167375,1.637043842201233,0.0005874193411879241,nan,nan,0.007600000002980232,nan,0.6162600815296173,0.6203130781650543,78.79008603096008,76.19093656539917,0.0,154.9810667037964
47,47,ppo,clip,gae,ALE/Qbert-v5,atari,0,1,1.0,4700000,100000,230,230,4,1,494.0217391304348,184.24233676830357,429.67826086956524,494.0217391304348,184.24233676830357,429.67826086956524,4.654973745346069e-09,-0.000680251302709803,3410.97842140625,3300.191789296875,1.6416933598327637,0.0009037045478820801,nan,nan,0.014789999996423721,nan,0.5891138315200806,0.5991913378238678,79.60509824752808,75.9064085483551,0.0,155.51153874397278
48,48,ppo,clip,gae,ALE/Qbert-v5,atari,0,1,1.0,4800000,100000,223,223,4,1,514.0134529147982,204.37296601081914,446.3856502242152,514.0134529147982,204.37296601081914,446.3856502242152,-1.678466796875e-09,-0.00021206724166870117,3813.34602265625,3765.88994328125,1.6544349757385255,0.0008816904713585973,nan,nan,0.05463000002264976,nan,0.5744899213314056,0.5819319486618042,79.77159905433655,76.42440819740295,0.0,156.1960437297821
49,49,ppo,clip,gae,ALE/Qbert-v5,atari,0,1,1.0,4900000,100000,227,227,4,1,492.40088105726875,201.76824625659418,437.3348017621145,492.40088105726875,201.76824625659418,437.3348017621145,5.948543548583984e-09,-0.0006934076237678527,3808.571404765625,3705.84841046875,1.6392542684173583,0.00048071403667330744,nan,nan,0.025379999992847443,nan,0.5431608259677887,0.5542226433753967,79.6284909248352,76.28529095649719,0.0,155.91382431983948
50,50,ppo,clip,gae,ALE/Qbert-v5,atari,0,1,1.0,5000000,100000,225,225,4,1,521.4444444444445,164.44729727255145,440.5422222222222,521.4444444444445,164.44729727255145,440.5422222222222,2.765655517578125e-10,-0.0007236503767967225,3368.6965221875,3240.97280453125,1.6483311779785157,0.0005856131366081536,nan,nan,0.011680000001490116,nan,0.613334983587265,0.6280370950698853,78.77251195907593,76.38091945648193,0.0029039382934570312,155.15637254714966
51,51,ppo,clip,gae,ALE/Qbert-v5,atari,0,1,1.0,5100000,100000,225,225,4,1,507.44444444444446,182.9317487243754,441.9111111111111,507.44444444444446,182.9317487243754,441.9111111111111,-2.2137165069580078e-09,-0.0007095758461952209,3675.03170015625,3594.482312421875,1.6496826412582397,0.0005085946481116116,nan,nan,0.012220000004172326,nan,0.5856523215770721,0.5947346389293671,79.06598711013794,75.76768970489502,0.0,154.83370852470398
52,52,ppo,clip,gae,ALE/Qbert-v5,atari,0,1,1.0,5200000,100000,222,222,4,1,561.0360360360361,176.65512938332742,447.85135135135135,561.0360360360361,176.65512938332742,447.85135135135135,-2.1225214004516603e-09,-0.0006742977833747864,3437.0940403125,3281.5648290625,1.655754093208313,0.0006000164441019297,nan,nan,0.015959999989271164,nan,0.6664102673530579,0.6776636242866516,78.65012788772583,76.46399140357971,0.0,155.1141495704651
53,53,ppo,clip,gae,ALE/Qbert-v5,atari,0,1,1.0,5300000,100000,220,220,4,1,532.2727272727273,184.93996122038726,452.4318181818182,532.2727272727273,184.93996122038726,452.4318181818182,2.968311309814453e-09,-0.0007565283727645874,3645.5469115625,3497.538151328125,1.6466191915130615,0.00041928615810349584,nan,nan,0.016440000003278256,nan,0.6036804020404816,0.6142400801181793,79.02759265899658,76.33504319190979,0.0,155.3626811504364
54,54,ppo,clip,gae,ALE/Qbert-v5,atari,0,1,1.0,5400000,100000,223,223,4,1,525.7847533632287,177.6211475431222,446.390134529148,525.7847533632287,177.6211475431222,446.390134529148,-1.5300512313842772e-09,-0.0006955124670267105,3521.36455375,3560.85517734375,1.6408779864883423,0.0004776779663283378,nan,nan,0.015140000004768372,nan,0.6080743670463562,0.6116757988929749,79.84728789329529,76.15193748474121,0.0,155.9992561340332
55,55,ppo,clip,gae,ALE/Qbert-v5,atari,0,1,1.0,5500000,100000,219,219,4,1,538.2420091324201,167.07049032523935,453.7762557077626,538.2420091324201,167.07049032523935,453.7762557077626,-8.705854415893554e-09,-0.0008111555933952332,3334.63751515625,3257.61667125,1.6472086138534545,0.0004264126306120306,nan,nan,0.009000000001043082,nan,0.6387515664100647,0.641327440738678,79.24868583679199,76.3767569065094,0.0,155.6254758834839
56,56,ppo,clip,gae,ALE/Qbert-v5,atari,0,1,1.0,5600000,100000,219,219,4,1,524.7716894977169,178.54355702627043,450.99543378995435,524.7716894977169,178.54355702627043,450.99543378995435,1.18255615234375e-09,-0.0007967433953285217,3348.7245349609375,3258.50795296875,1.6494580870056152,0.00032496191038750114,nan,nan,0.0038900000008940698,nan,0.6174148321151733,0.6307931542396545,79.72167944908142,76.45700860023499,0.0,156.17872095108032
57,57,ppo,clip,gae,ALE/Qbert-v5,atari,0,1,1.0,5700000,100000,221,221,4,1,516.8552036199095,183.60812300906866,448.9683257918552,516.8552036199095,183.60812300906866,448.9683257918552,-5.146190524101258e-09,-0.0006332180200517177,3591.15330046875,3438.455792421875,1.6479208639907836,0.00038977557035163043,nan,nan,0.007750000001639128,nan,0.5765292346477509,0.5894706845283508,79.11012053489685,76.36860680580139,0.0,155.4787621498108
58,58,ppo,clip,gae,ALE/Qbert-v5,atari,0,1,1.0,5800000,100000,221,221,4,1,515.4977375565611,178.8607138872506,448.1221719457014,515.4977375565611,178.8607138872506,448.1221719457014,8.654594421386719e-10,-0.0006408163452148438,3537.701866953125,3466.997100703125,1.6440914377212525,0.0006750299403630197,nan,nan,0.03334000000596046,nan,0.5975170731544495,0.6053594946861267,79.11645197868347,76.5130226612091,0.0,155.62950658798218
59,59,ppo,clip,gae,ALE/Qbert-v5,atari,0,1,1.0,5900000,100000,215,215,4,1,543.6046511627907,193.68616902450714,458.1813953488372,543.6046511627907,193.68616902450714,458.1813953488372,7.987022399902344e-10,-0.0006965132915973663,3521.4875965625,3536.0411196875,1.637897826728821,0.0007860041668079793,nan,nan,0.033379999990463254,nan,0.6148847341537476,0.6190203130245209,79.5234911441803,76.07650446891785,0.0,155.60002899169922
60,60,ppo,clip,gae,ALE/Qbert-v5,atari,0,1,1.0,6000000,100000,212,212,4,1,576.2971698113207,201.99790161321226,467.5330188679245,576.2971698113207,201.99790161321226,467.5330188679245,-1.0042190551757812e-08,-0.000659438065290451,4078.03259921875,3752.0954659375,1.6444755864334106,0.00018422718082088978,nan,nan,0.0036000000005960466,nan,0.6188352108001709,0.6386002898216248,79.4189100265503,76.68994450569153,0.0,156.10888814926147
61,61,ppo,clip,gae,ALE/Qbert-v5,atari,0,1,1.0,6100000,100000,217,217,4,1,546.889400921659,184.33496541056175,458.48387096774195,546.889400921659,184.33496541056175,458.48387096774195,-3.3712387084960937e-09,-0.0008549310255050659,3658.4810160546876,3588.13817875,1.6441885837173462,0.0003243733915220946,nan,nan,0.0057300000005960465,nan,0.6179594993591309,0.6248676776885986,79.53493618965149,76.42594528198242,0.0,155.96091413497925
62,62,ppo,clip,gae,ALE/Qbert-v5,atari,0,1,1.0,6200000,100000,209,209,4,1,544.4976076555024,201.68159386835845,471.5023923444976,544.4976076555024,201.68159386835845,471.5023923444976,2.543926239013672e-09,-0.0003360009574890137,3748.6820109375,3601.12889328125,1.6516199616622924,0.0008482559876143933,nan,nan,0.058690000027418136,nan,0.5929397940635681,0.6079556345939636,78.79791355133057,76.48015904426575,0.0,155.27811646461487
63,63,ppo,clip,gae,ALE/Qbert-v5,atari,0,1,1.0,6300000,100000,215,215,4,1,571.5116279069767,186.2404512417892,461.68837209302325,571.5116279069767,186.2404512417892,461.68837209302325,2.422165125608444e-09,-0.00034000521602109077,3552.691985234375,3418.55121203125,1.6466765637969971,0.0006286421944573521,nan,nan,0.0383000000077486,nan,0.6510249674320221,0.6624579727649689,79.48513627052307,76.07272124290466,0.0,155.55788850784302
64,64,ppo,clip,gae,ALE/Qbert-v5,atari,0,1,1.0,6400000,100000,212,212,4,1,555.0707547169811,196.3274115882442,468.061320754717,555.0707547169811,196.3274115882442,468.061320754717,-1.4328956604003906e-09,-0.0005543265414237976,4001.737831015625,3853.294945859375,1.6429923560333253,0.0005359851952362806,nan,nan,0.01819000000268221,nan,0.5784105658531189,0.5890063643455505,78.75593638420105,76.01415944099426,0.0,154.7701394557953
65,65,ppo,clip,gae,ALE/Qbert-v5,atari,0,1,1.0,6500000,100000,210,210,4,1,552.6190476190476,173.73432815665808,466.6904761904762,552.6190476190476,173.73432815665808,466.6904761904762,-3.445148468017578e-09,-0.0005162943243980408,3289.310120390625,3209.874025078125,1.6346711011505126,0.0002704391382727772,nan,nan,0.0050600000016391275,nan,0.6511220037937164,0.6607798635959625,79.95179438591003,76.49690341949463,0.0,156.44872879981995
66,66,ppo,clip,gae,ALE/Qbert-v5,atari,0,1,1.0,6600000,100000,212,212,4,1,587.1462264150944,193.61078037705667,468.8301886792453,587.1462264150944,193.61078037705667,468.8301886792453,-4.3487548828125e-09,-0.0006621856236457825,4143.913015390625,4046.348759375,1.6408386745834351,0.0006019936352781952,nan,nan,0.037190000016689304,nan,0.6037412583827972,0.6132870018482208,78.76460099220276,76.47093486785889,0.0,155.2355718612671
67,67,ppo,clip,gae,ALE/Qbert-v5,atari,0,1,1.0,6700000,100000,208,208,4,1,577.4038461538462,190.30021925038753,476.6826923076923,577.4038461538462,190.30021925038753,476.6826923076923,9.483098983764649e-10,-0.0005794221413135529,3635.29878046875,3623.336991953125,1.6431368444061278,0.0006372482159733772,nan,nan,0.04415000002980232,nan,0.6294312477111816,0.6306696832180023,79.1326036453247,76.61605167388916,0.0,155.74868869781494
68,68,ppo,clip,gae,ALE/Qbert-v5,atari,0,1,1.0,6800000,100000,207,207,4,1,572.1014492753624,170.26210072931528,479.9903381642512,572.1014492753624,170.26210072931528,479.9903381642512,3.819465637207031e-09,-0.000273017110824585,3273.94518078125,3147.54521515625,1.64704095703125,0.0007113360810652376,nan,nan,0.048940000035762786,nan,0.6470222771167755,0.6606182754039764,79.69118213653564,76.59589147567749,0.0,156.2871072292328
69,69,ppo,clip,gae,ALE/Qbert-v5,atari,0,1,1.0,6900000,100000,208,208,4,1,565.2644230769231,193.76904939518414,477.9182692307692,565.2644230769231,193.76904939518414,477.9182692307692,8.20159912109375e-10,-0.0007192267227172851,3408.01181578125,3313.3182352734375,1.6413164854049682,0.00031142679228447377,nan,nan,0.008550000001341105,nan,0.6480820178985596,0.6563277840614319,79.14699935913086,75.91096425056458,0.0,155.05800437927246
70,70,ppo,clip,gae,ALE/Qbert-v5,atari,0,1,1.0,7000000,100000,204,204,4,1,571.4460784313726,198.0517659462425,486.29901960784315,571.4460784313726,198.0517659462425,486.29901960784315,-2.307891845703125e-09,-0.0007229998350143433,3566.05320125,3460.327391484375,1.6368032668304444,0.0004262818778026849,nan,nan,0.02038000002026558,nan,0.6255366802215576,0.6367216110229492,78.6441011428833,76.77785921096802,0.0,155.42200422286987
71,71,ppo,clip,gae,ALE/Qbert-v5,atari,0,1,1.0,7100000,100000,207,207,4,1,594.3236714975845,343.79563158883155,480.3719806763285,594.3236714975845,343.79563158883155,480.3719806763285,2.536773681640625e-09,-5.714961051940918e-05,8827.55064171875,8612.400702109375,1.6474985749816895,0.0007715163792297244,nan,nan,0.06303000002384186,nan,0.3871641159057617,0.3998464345932007,79.72996425628662,76.63639163970947,0.0,156.36640191078186
72,72,ppo,clip,gae,ALE/Qbert-v5,atari,0,1,1.0,7200000,100000,210,210,4,1,557.2619047619048,198.14077000766153,472.98571428571427,557.2619047619048,198.14077000766153,472.98571428571427,5.419254302978516e-09,-0.0008013981938362122,3837.0419634375,3676.818006953125,1.6390445415496826,0.00028355854345485566,nan,nan,0.008150000001341105,nan,0.5988194644451141,0.6142720282077789,79.48657631874084,76.6353325843811,0.0,156.12194108963013
73,73,ppo,clip,gae,ALE/Qbert-v5,atari,0,1,1.0,7300000,100000,207,207,4,1,577.8985507246376,186.96354329023274,478.1159420289855,577.8985507246376,186.96354329023274,478.1159420289855,-2.4461746215820313e-09,-0.0004659331750869751,3480.8917946875,3387.4433303125,1.6466452829360962,0.0007614097896404564,nan,nan,0.06282000005245209,nan,0.6503098905086517,0.6597096920013428,79.30508351325989,76.61627006530762,0.0,155.92138719558716
74,74,ppo,clip,gae,ALE/Qbert-v5,atari,0,1,1.0,7400000,100000,204,204,4,1,595.4656862745098,145.8608785157685,486.8529411764706,595.4656862745098,145.8608785157685,486.8529411764706,1.1658668518066407e-09,-0.0006801151418685913,2653.881720546875,2533.36762546875,1.640886431388855,0.00020196731045842172,nan,nan,0.007260000002086163,nan,0.7382107377052307,0.7517466843128204,79.78909420967102,76.5271646976471,0.0,156.3162887096405
75,75,ppo,clip,gae,ALE/Qbert-v5,atari,0,1,1.0,7500000,100000,200,200,4,1,620.625,169.78732100778313,495.415,620.625,169.78732100778313,495.415,-2.058148384094238e-09,-0.000586663036942482,3107.565326875,2981.41063859375,1.6429780024337768,0.00046962391381151974,nan,nan,0.01746999999642372,nan,0.7155735194683075,0.7231405377388,79.4975073337555,76.60770297050476,0.002785921096801758,156.10802912712097
76,76,ppo,clip,gae,ALE/Qbert-v5,atari,0,1,1.0,7600000,100000,199,199,4,1,578.5175879396985,202.9776789030642,495.90954773869345,578.5175879396985,202.9776789030642,495.90954773869345,6.189346313476563e-09,-0.0004981868028640747,3447.49127234375,3300.211213125,1.6411304277420045,0.0004325998031254858,nan,nan,0.03407000000476837,nan,0.6318953931331635,0.6493580341339111,79.86372351646423,76.51599860191345,0.0,156.3797526359558
77,77,ppo,clip,gae,ALE/Qbert-v5,atari,0,1,1.0,7700000,100000,208,208,4,1,579.9278846153846,196.56697721168868,478.2548076923077,579.9278846153846,196.56697721168868,478.2548076923077,8.404254913330078e-10,-0.0006680006694793701,3528.234662265625,3461.11215890625,1.6324187091445923,0.00038742173824459316,nan,nan,0.02038000001192093,nan,0.6458699703216553,0.6520015001296997,80.02560520172119,76.79351377487183,0.0,156.81915187835693
78,78,ppo,clip,gae,ALE/Qbert-v5,atari,0,1,1.0,7800000,100000,202,202,4,1,606.6831683168317,173.30834026613766,490.7178217821782,606.6831683168317,173.30834026613766,490.7178217821782,4.811286926269531e-09,-0.00019377731323242186,3023.9669663671875,2983.9425104296874,1.6243971488189697,0.0008866700123250484,nan,nan,0.08118,nan,0.7016245126724243,0.7106350660324097,80.0238790512085,76.71321702003479,0.0,156.73714900016785
79,79,ppo,clip,gae,ALE/Qbert-v5,atari,0,1,1.0,7900000,100000,205,205,4,1,600.3658536585366,189.03603425977153,483.3219512195122,600.3658536585366,189.03603425977153,483.3219512195122,-2.3126602172851563e-09,-0.00017785762071609497,3557.560710078125,3459.26875171875,1.6358697364425658,0.0005337892291136086,nan,nan,0.037280000030994416,nan,0.6636072099208832,0.6705456674098969,79.2462043762207,76.53869152069092,0.0,155.78493070602417
80,80,ppo,clip,gae,ALE/Qbert-v5,atari,0,1,1.0,8000000,100000,199,199,4,1,635.427135678392,174.29309764523245,495.35175879396985,635.427135678392,174.29309764523245,495.35175879396985,-2.4127960205078126e-09,-0.0006262377834320069,3231.6743134375,3074.1157640625,1.6302824632263184,0.0002590152879152447,nan,nan,0.014440000003576278,nan,0.7082472443580627,0.7171914279460907,79.37068223953247,76.74729180335999,0.0,156.1180169582367
81,81,ppo,clip,gae,ALE/Qbert-v5,atari,0,1,1.0,8100000,100000,206,206,4,1,584.8300970873786,168.99501706616812,479.19417475728153,584.8300970873786,168.99501706616812,479.19417475728153,-8.389949798583984e-09,-0.0008305675971508026,3108.4066983203124,2962.2297370703127,1.628203331336975,0.000613402049895376,nan,nan,0.03160000001549721,nan,0.692635715007782,0.701399028301239,80.50575304031372,76.48297786712646,0.0,156.98876357078552
82,82,ppo,clip,gae,ALE/Qbert-v5,atari,0,1,1.0,8200000,100000,208,208,4,1,603.6057692307693,186.62997730336474,475.32211538461536,603.6057692307693,186.62997730336474,475.32211538461536,-7.009506225585937e-09,-0.0005509230566024781,3298.669984765625,3240.0100246875,1.6259810397338867,0.0002669370897393674,nan,nan,0.010180000005960465,nan,0.6861371397972107,0.6921563744544983,79.62227487564087,76.46182370185852,0.0,156.0841314792633
83,83,ppo,clip,gae,ALE/Qbert-v5,atari,0,1,1.0,8300000,100000,200,200,4,1,610.875,213.0372253269367,494.78,610.875,213.0372253269367,494.78,-1.1229515075683593e-09,-0.0007222351551055908,3845.06932109375,3767.764666328125,1.6309144441223145,0.0003567306413967162,nan,nan,0.007629999994635582,nan,0.6264313757419586,0.633306235074997,79.74362659454346,76.51303315162659,0.0,156.25669193267822
84,84,ppo,clip,gae,ALE/Qbert-v5,atari,0,1,1.0,8400000,100000,203,203,4,1,605.7881773399015,185.67973767586332,486.44827586206895,605.7881773399015,185.67973767586332,486.44827586206895,-4.62651252746582e-09,-0.0006984119188785553,3415.605548125,3340.752925,1.6243240890884398,0.0004976358172483742,nan,nan,0.026910000003874304,nan,0.6682980954647064,0.6759970188140869,78.69179248809814,76.38838267326355,0.0,155.08020782470703
85,85,ppo,clip,gae,ALE/Qbert-v5,atari,0,1,1.0,8500000,100000,205,205,4,1,607.9268292682926,165.68768596425735,484.3170731707317,607.9268292682926,165.68768596425735,484.3170731707317,-2.9611587524414064e-09,-3.9424343109130856e-05,3390.4377990625,3223.043612578125,1.6296512672424317,0.0005172826151922345,nan,nan,0.05492000003099441,nan,0.6915842592716217,0.7026805579662323,79.31299471855164,76.29922604560852,0.0,155.61225247383118
86,86,ppo,clip,gae,ALE/Qbert-v5,atari,0,1,1.0,8600000,100000,200,200,4,1,610.625,196.31666861221947,492.495,610.625,196.31666861221947,492.495,-4.57763671875e-10,0.0003728900146484375,3898.0525334375,3824.690723515625,1.6349245345687866,0.0009340903869457542,nan,nan,0.11155000006675721,nan,0.6284014582633972,0.6359680593013763,78.97381472587585,76.21846175193787,0.0,155.1923313140869
87,87,ppo,clip,gae,ALE/Qbert-v5,atari,0,1,1.0,8700000,100000,198,198,4,1,617.4242424242424,170.5773968062409,499.87373737373736,617.4242424242424,170.5773968062409,499.87373737373736,-4.044771194458008e-09,-0.000707733416557312,3182.669439375,3010.127030078125,1.6298934672927856,0.00027651092829182746,nan,nan,0.006510000001639127,nan,0.6969116926193237,0.7109402716159821,78.66167068481445,76.4671573638916,0.0,155.12885999679565
88,88,ppo,clip,gae,ALE/Qbert-v5,atari,0,1,1.0,8800000,100000,199,199,4,1,589.6984924623116,170.9253842548027,494.95477386934675,589.6984924623116,170.9253842548027,494.95477386934675,6.937980651855468e-10,-0.00010618716716766357,2891.7365361328125,2830.406295625,1.6357118141555786,0.000980482955649495,nan,nan,0.1252699999666214,nan,0.6975961327552795,0.7037560939788818,79.01857542991638,76.50476264953613,0.0,155.52337217330933
89,89,ppo,clip,gae,ALE/Qbert-v5,atari,0,1,1.0,8900000,100000,201,201,4,1,615.7960199004975,171.7335179229397,490.6517412935323,615.7960199004975,171.7335179229397,490.6517412935323,-3.2901763916015623e-10,-0.0006144684410095215,3213.337070546875,3172.296085390625,1.6289154968261719,0.000445135215818882,nan,nan,0.038880000007152554,nan,0.6954716742038727,0.7013740241527557,79.4711480140686,76.50347924232483,0.0,155.97465825080872
90,90,ppo,clip,gae,ALE/Qbert-v5,atari,0,1,1.0,9000000,100000,192,192,4,1,635.8072916666666,207.26643317679685,516.578125,635.8072916666666,207.26643317679685,516.578125,-7.774829864501953e-09,-0.0006777274870872498,3851.749715078125,3727.6290753125,1.6317063328170776,0.0004368181390315294,nan,nan,0.01426000000104308,nan,0.6314115524291992,0.6458280682563782,78.82341241836548,76.54020047187805,0.0,155.3636453151703
91,91,ppo,clip,gae,ALE/Qbert-v5,atari,0,1,1.0,9100000,100000,193,193,4,1,647.279792746114,220.2559379283636,516.419689119171,647.279792746114,220.2559379283636,516.419689119171,1.239776611328125e-09,-0.00044233119010925296,3859.929779296875,3744.528172734375,1.6311284907913208,0.0005648035663366318,nan,nan,0.054740000023841856,nan,0.6506586074829102,0.6603744029998779,79.29418611526489,76.34914040565491,0.0,155.6433584690094
92,92,ppo,clip,gae,ALE/Qbert-v5,atari,0,1,1.0,9200000,100000,199,199,4,1,681.6582914572864,425.1547324820162,499.31658291457285,681.6582914572864,425.1547324820162,499.31658291457285,-5.264878273010254e-09,-0.00015034662410616875,12679.322214882812,12167.169665351563,1.6339601728057862,0.000997703483812511,nan,nan,0.12890000008344651,nan,0.3448513150215149,0.36976754665374756,79.49772572517395,76.2109911441803,0.0,155.70875239372253
93,93,ppo,clip,gae,ALE/Qbert-v5,atari,0,1,1.0,9300000,100000,194,194,4,1,634.5360824742268,189.86712998455135,511.24226804123714,634.5360824742268,189.86712998455135,511.24226804123714,-1.0939836502075196e-08,-0.000456728253364563,3704.1571359375,3340.2832002734376,1.6378616942596436,0.0003343799146730453,nan,nan,0.02432000000357628,nan,0.6632138192653656,0.6883624792098999,78.97076988220215,75.96835541725159,0.0,154.9391655921936
94,94,ppo,clip,gae,ALE/Qbert-v5,atari,0,1,1.0,9400000,100000,194,194,4,1,650.2577319587629,180.42028701337887,511.37628865979383,650.2577319587629,180.42028701337887,511.37628865979383,-3.205537796020508e-09,-0.0005335967898368835,3777.4771729296876,3729.242996171875,1.6387456930923463,0.0005508135618828237,nan,nan,0.05360000004291535,nan,0.669100284576416,0.6757816970348358,79.71170425415039,75.96236371994019,0.0,155.6740996837616
95,95,ppo,clip,gae,ALE/Qbert-v5,atari,0,1,1.0,9500000,100000,191,191,4,1,636.3874345549738,256.7248137581906,515.9842931937172,636.3874345549738,256.7248137581906,515.9842931937172,-2.4771690368652344e-09,-0.0005570021390914917,4629.92265875,4455.1116759375,1.6294038303756715,0.0002570696559175849,nan,nan,0.013330000003278256,nan,0.5542250573635101,0.5700352489948273,78.62301993370056,76.40140151977539,0.0,155.02446818351746
96,96,ppo,clip,gae,ALE/Qbert-v5,atari,0,1,1.0,9600000,100000,192,192,4,1,627.9947916666666,196.7529779898471,513.2447916666666,627.9947916666666,196.7529779898471,513.2447916666666,-3.898143768310547e-10,-0.00041182461142539976,3603.686201015625,3399.8360406640627,1.629047975578308,0.00047895539393648503,nan,nan,0.05354999996185303,nan,0.6580093801021576,0.6772264242172241,79.42105436325073,76.34043097496033,0.0,155.76153182983398
97,97,ppo,clip,gae,ALE/Qbert-v5,atari,0,1,1.0,9700000,100000,192,192,4,1,644.140625,197.0192355658267,514.5833333333334,644.140625,197.0192355658267,514.5833333333334,5.900859832763672e-09,-0.00027993364095687867,3469.0238859375,3375.8174775,1.6238373741149903,0.0006979445223510265,nan,nan,0.10033000000953675,nan,0.6842471957206726,0.692480057477951,78.82247161865234,75.85106182098389,0.0,154.6735713481903
98,98,ppo,clip,gae,ALE/Qbert-v5,atari,0,1,1.0,9800000,100000,194,194,4,1,615.7216494845361,189.40423373859397,511.67525773195877,615.7216494845361,189.40423373859397,511.67525773195877,-3.962516784667969e-09,-0.0005163466501235962,3150.389922421875,3087.259286171875,1.6272692611694335,0.00022533480828627943,nan,nan,0.005490000000596047,nan,0.6982410848140717,0.7038449048995972,79.4539475440979,76.16772937774658,0.0,155.62171006202698
99,99,ppo,clip,gae,ALE/Qbert-v5,atari,0,1,1.0,9900000,100000,195,195,4,1,646.5384615384615,331.37853838201,505.8051282051282,646.5384615384615,331.37853838201,505.8051282051282,1.4829635620117187e-09,-0.0004502290916442871,7805.86344515625,7415.90037265625,1.6307860597229005,0.0006108945894427597,nan,nan,0.05810000002861023,nan,0.4783756136894226,0.4982150197029114,78.59024357795715,76.14664888381958,0.0,154.7369248867035
100,100,ppo,clip,gae,ALE/Qbert-v5,atari,0,1,1.0,10000000,100000,194,194,4,1,621.0051546391752,182.03855650906465,509.71649484536084,621.0051546391752,182.03855650906465,509.71649484536084,-3.3283233642578125e-09,-0.00028931564807891844,3189.065854921875,3039.91287765625,1.6260011183166503,0.0004094744057394564,nan,nan,0.04776000000834465,nan,0.6851378977298737,0.6989723145961761,78.49476933479309,76.40482687950134,0.0028066635131835938,154.90244388580322
101,101,ppo,clip,gae,ALE/Qbert-v5,atari,0,1,1.0,10100000,100000,194,194,4,1,632.860824742268,202.87733384735347,512.9742268041238,632.860824742268,202.87733384735347,512.9742268041238,-3.4809112548828123e-10,-0.0006279949498176575,3358.914420625,3282.688001875,1.6304657543563843,0.0003629916826449335,nan,nan,0.01817000000163913,nan,0.683482825756073,0.6918338239192963,79.39914536476135,76.43458604812622,0.0,155.83377027511597
102,102,ppo,clip,gae,ALE/Qbert-v5,atari,0,1,1.0,10200000,100000,186,186,4,1,655.241935483871,219.15053638139676,527.510752688172,655.241935483871,219.15053638139676,527.510752688172,-3.795623779296875e-09,-0.0005201227259635925,4321.020275,4110.058081875,1.6250484987640381,0.00030388275615870954,nan,nan,0.02568000000655651,nan,0.6215258240699768,0.6332214176654816,78.65399622917175,76.33839845657349,0.0,154.99242568016052
103,103,ppo,clip,gae,ALE/Qbert-v5,atari,0,1,1.0,10300000,100000,191,191,4,1,640.9685863874346,209.46261098491897,519.7015706806283,640.9685863874346,209.46261098491897,519.7015706806283,1.7142295837402344e-09,-0.0006164796805381775,3885.9515812890627,3763.207005625,1.629360220413208,0.00019885479038115591,nan,nan,0.010570000001341104,nan,0.6184762716293335,0.630535364151001,79.81099343299866,76.5002806186676,0.0,156.3113055229187
104,104,ppo,clip,gae,ALE/Qbert-v5,atari,0,1,1.0,10400000,100000,190,190,4,1,663.1578947368421,216.65343734027704,522.3421052631579,663.1578947368421,216.65343734027704,522.3421052631579,5.359649658203125e-09,-0.0003319840145111084,3847.81683359375,3688.68116328125,1.6289146899414062,0.0004307997846417129,nan,nan,0.04254000001788139,nan,0.656452089548111,0.6707747280597687,78.97929000854492,76.62622451782227,0.0,155.60554838180542
105,105,ppo,clip,gae,ALE/Qbert-v5,atari,0,1,1.0,10500000,100000,192,192,4,1,657.5520833333334,212.6721052951226,513.21875,657.5520833333334,212.6721052951226,513.21875,1.506805419921875e-09,-0.00035037230491638186,3473.318500625,3314.3165921875,1.6282144150161744,0.0004818309044465423,nan,nan,0.053959999969005586,nan,0.6899911463260651,0.7037964165210724,79.30438566207886,76.53347182273865,0.0,155.83788895606995
106,106,ppo,clip,gae,ALE/Qbert-v5,atari,0,1,1.0,10600000,100000,188,188,4,1,672.0744680851063,235.90185659266442,524.3776595744681,672.0744680851063,235.90185659266442,524.3776595744681,-3.7217140197753908e-09,-0.0005840953922271728,4300.789515703125,4128.730860546875,1.6215964896774293,0.0004258075505588204,nan,nan,0.03194000000119209,nan,0.6312691271305084,0.6452950239181519,79.50551414489746,76.76351118087769,0.0,156.26905918121338
107,107,ppo,clip,gae,ALE/Qbert-v5,atari,0,1,1.0,10700000,100000,186,186,4,1,653.494623655914,223.81982594762235,533.1344086021505,653.494623655914,223.81982594762235,533.1344086021505,-2.2125244140625e-09,-0.0005210794925689697,4012.66875734375,3949.364996875,1.6270305615615845,0.00028318276833742855,nan,nan,0.015719999997019767,nan,0.6319085359573364,0.6374447047710419,79.61060500144958,76.58500909805298,0.0,156.19565653800964
108,108,ppo,clip,gae,ALE/Qbert-v5,atari,0,1,1.0,10800000,100000,187,187,4,1,655.0802139037434,196.6147158961051,528.7967914438502,655.0802139037434,196.6147158961051,528.7967914438502,2.342462539672852e-10,-0.0005277249658107758,3486.633073359375,3334.879878671875,1.6193086433410644,0.00043536258929409086,nan,nan,0.03768000000834465,nan,0.6749950349330902,0.6892547905445099,78.91351270675659,76.20425248146057,0.0,155.1178069114685
109,109,ppo,clip,gae,ALE/Qbert-v5,atari,0,1,1.0,10900000,100000,190,190,4,1,641.3157894736842,201.94020809494418,519.2631578947369,641.3157894736842,201.94020809494418,519.2631578947369,-4.2557716369628904e-10,-0.0004357128036022186,3777.005490703125,3679.7953059375,1.6257111837768554,0.0004040304927621037,nan,nan,0.034179999990463256,nan,0.6437871754169464,0.6530017554759979,78.65952610969543,76.47253322601318,0.0,155.1320924758911
110,110,ppo,clip,gae,ALE/Qbert-v5,atari,0,1,1.0,11000000,100000,185,185,4,1,665.6756756756756,203.80887364365373,535.5297297297298,665.6756756756756,203.80887364365373,535.5297297297298,5.049705505371094e-09,-0.00035820094108581543,3859.21977359375,3772.12191078125,1.6133231116485596,0.000799528532102704,nan,nan,0.11068999996423722,nan,0.6393245756626129,0.6475891470909119,79.05925178527832,76.35137844085693,0.0,155.4106683731079
111,111,ppo,clip,gae,ALE/Qbert-v5,atari,0,1,1.0,11100000,100000,193,193,4,1,642.3575129533679,202.26185166868893,513.5336787564767,642.3575129533679,202.26185166868893,513.5336787564767,-4.811286926269531e-09,-0.0005127262187004089,3610.842366640625,3524.643865390625,1.618040906791687,0.0003967724793218076,nan,nan,0.05453999996423722,nan,0.6699797213077545,0.6767991185188293,78.99598526954651,76.61951804161072,0.0,155.61553692817688
112,112,ppo,clip,gae,ALE/Qbert-v5,atari,0,1,1.0,11200000,100000,189,189,4,1,653.968253968254,194.01799689506535,521.2116402116402,653.968253968254,194.01799689506535,521.2116402116402,-5.45501708984375e-09,-0.0005698612403869629,3526.296029765625,3393.27084609375,1.6082121837234498,0.0002628664433537051,nan,nan,0.02077000000476837,nan,0.6754441261291504,0.6875804364681244,79.32147669792175,76.58129167556763,0.0,155.90280866622925
113,113,ppo,clip,gae,ALE/Qbert-v5,atari,0,1,1.0,11300000,100000,183,183,4,1,676.5027322404371,215.58424555710366,538.1693989071039,676.5027322404371,215.58424555710366,538.1693989071039,-3.1566619873046875e-09,-0.0005449179410934448,4147.9440025,3983.195221875,1.621673964881897,0.0002482368900952861,nan,nan,0.02043000000357628,nan,0.6404660642147064,0.6500077545642853,78.89246845245361,76.52615761756897,0.0,155.4186611175537
114,114,ppo,clip,gae,ALE/Qbert-v5,atari,0,1,1.0,11400000,100000,186,186,4,1,689.1129032258065,221.12649798944642,533.4354838709677,689.1129032258065,221.12649798944642,533.4354838709677,-1.5497207641601562e-10,-0.0005760368514060975,4176.1154340625,4070.81217171875,1.6168740637969972,0.00044133868407458067,nan,nan,0.03758000002861023,nan,0.6436034739017487,0.6531729102134705,78.70566058158875,76.50726866722107,0.0,155.2129623889923
115,115,ppo,clip,gae,ALE/Qbert-v5,atari,0,1,1.0,11500000,100000,187,187,4,1,654.6791443850267,195.35420659824953,530.8930481283422,654.6791443850267,195.35420659824953,530.8930481283422,5.793571472167968e-10,-0.0006159058547019958,3370.122210078125,3248.614385234375,1.6180511237335204,0.0003258071927819401,nan,nan,0.03840000001311302,nan,0.6812109649181366,0.6926247775554657,79.0095226764679,76.31558132171631,0.0,155.32515954971313
116,116,ppo,clip,gae,ALE/Qbert-v5,atari,0,1,1.0,11600000,100000,190,190,4,1,663.0263157894736,316.5054657249935,520.0526315789474,663.0263157894736,316.5054657249935,520.0526315789474,-8.153915405273437e-10,-0.00026479895114898684,8087.60544171875,7826.15363890625,1.6087897002029419,0.0007714665185287595,nan,nan,0.10195000000238419,nan,0.46019577980041504,0.4779049754142761,79.07063484191895,76.63416028022766,0.0,155.70482683181763
117,117,ppo,clip,gae,ALE/Qbert-v5,atari,0,1,1.0,11700000,100000,188,188,4,1,663.8297872340426,198.68641165552935,526.0159574468086,663.8297872340426,198.68641165552935,526.0159574468086,-3.9491057395935055e-09,-0.0005043272101879119,3599.89038,3441.2916151953127,1.6132571090316772,0.000341674160528928,nan,nan,0.04177999998092651,nan,0.6821755170822144,0.6963178813457489,78.95294260978699,76.34602165222168,0.0,155.29899549484253
118,118,ppo,clip,gae,ALE/Qbert-v5,atari,0,1,1.0,11800000,100000,188,188,4,1,677.5265957446809,217.9379287366659,526.4042553191489,677.5265957446809,217.9379287366659,526.4042553191489,-4.453659057617187e-09,-0.00031215323448181154,4529.713420625,4353.241280859375,1.6164654759216308,0.000499345030747354,nan,nan,0.06624999998092651,nan,0.6162253320217133,0.6317301690578461,79.07594227790833,76.39249324798584,0.0,155.4684660434723
119,119,ppo,clip,gae,ALE/Qbert-v5,atari,0,1,1.0,11900000,100000,182,182,4,1,675.9615384615385,208.08462895279976,546.7747252747253,675.9615384615385,208.08462895279976,546.7747252747253,-5.1927566528320314e-09,-0.0004850734233856201,3680.7364221875,3671.18243265625,1.620518593597412,0.0003598111521080136,nan,nan,0.041939999985694885,nan,0.6720130741596222,0.6772414147853851,78.65394973754883,76.16821503639221,0.0,154.82219648361206
120,120,ppo,clip,gae,ALE/Qbert-v5,atari,0,1,1.0,12000000,100000,182,182,4,1,671.0164835164835,186.35068191817976,545.5494505494505,671.0164835164835,186.35068191817976,545.5494505494505,-1.7255544662475586e-09,-0.00031174531161785125,3713.785228359375,3544.6506754296875,1.6150505074310302,0.0005838890622928739,nan,nan,0.07893999998569488,nan,0.6538621783256531,0.6677833199501038,79.26320314407349,76.17921233177185,0.0,155.4424488544464
121,121,ppo,clip,gae,ALE/Qbert-v5,atari,0,1,1.0,12100000,100000,184,184,4,1,671.7391304347826,210.12798220035256,539.4076086956521,671.7391304347826,210.12798220035256,539.4076086956521,-1.0728836059570312e-10,-0.0006147849655151368,3963.97307984375,3865.837471875,1.6145617784500121,0.00023534790709614753,nan,nan,0.01981000002026558,nan,0.6415252983570099,0.6495405733585358,78.95928120613098,76.63870310783386,0.0,155.59802651405334
122,122,ppo,clip,gae,ALE/Qbert-v5,atari,0,1,1.0,12200000,100000,178,178,4,1,699.438202247191,222.09350976540074,553.0280898876405,699.438202247191,222.09350976540074,553.0280898876405,-6.957054138183594e-09,-0.00046197141766548156,4490.457488125,4309.2467084375,1.6159062342834474,0.0005106471414491534,nan,nan,0.057709999985694885,nan,0.6125342547893524,0.6257880926132202,79.6159462928772,76.67104411125183,0.0,156.2870421409607
123,123,ppo,clip,gae,ALE/Qbert-v5,atari,0,1,1.0,12300000,100000,181,181,4,1,699.585635359116,200.68038857146206,545.353591160221,699.585635359116,200.68038857146206,545.353591160221,3.666877746582031e-09,-0.0003427601444721222,3664.3685101953124,3542.6712109375,1.612598740348816,0.0005049224519357086,nan,nan,0.0691200000321865,nan,0.6780214309692383,0.6884079277515411,79.02219915390015,76.72662591934204,0.0,155.748859167099
124,124,ppo,clip,gae,ALE/Qbert-v5,atari,0,1,1.0,12400000,100000,185,185,4,1,671.3513513513514,180.54964372583294,537.0918918918919,671.3513513513514,180.54964372583294,537.0918918918919,-1.5997886657714843e-09,-0.0004534966564178467,3535.1977296875,3455.2940021875,1.6081191595840454,0.000299844568585977,nan,nan,0.03370999999821186,nan,0.6830664575099945,0.6909806728363037,79.88714480400085,76.79078698158264,0.0,156.67796540260315
125,125,ppo,clip,gae,ALE/Qbert-v5,atari,0,1,1.0,12500000,100000,179,179,4,1,683.2402234636871,204.1431290859986,556.6703910614525,683.2402234636871,204.1431290859986,556.6703910614525,1.5497207641601562e-10,-0.00035606757879257203,3773.0955325,3634.1611995703124,1.6168395469284058,0.00041616217867471275,nan,nan,0.05570999999284744,nan,0.6686241328716278,0.6799004971981049,79.17186689376831,76.6431474685669,0.002812623977661133,155.81785941123962
126,126,ppo,clip,gae,ALE/Qbert-v5,atari,0,1,1.0,12600000,100000,189,189,4,1,686.3756613756614,304.71855631232984,521.8253968253969,686.3756613756614,304.71855631232984,521.8253968253969,-3.2913684844970702e-09,-0.0006163419055938721,8369.494129296874,8192.98587546875,1.6127508784484863,0.0002988533813180402,nan,nan,0.027640000002384185,nan,0.45441681146621704,0.4679175019264221,78.6518783569336,76.29250025749207,0.0,154.944411277771
127,127,ppo,clip,gae,ALE/Qbert-v5,atari,0,1,1.0,12700000,100000,178,178,4,1,721.4887640449438,230.22559133914973,551.0955056179776,721.4887640449438,230.22559133914973,551.0955056179776,4.289150238037109e-09,-0.00040076565504074097,4619.450820585937,4420.752949609375,1.6150034326553344,0.0004503797727078199,nan,nan,0.06246000001907349,nan,0.6252517998218536,0.6366879045963287,79.4001693725586,76.36808276176453,0.0,155.76828265190125
128,128,ppo,clip,gae,ALE/Qbert-v5,atari,0,1,1.0,12800000,100000,184,184,4,1,664.6739130434783,189.18274513972233,538.9728260869565,664.6739130434783,189.18274513972233,538.9728260869565,-1.082897186279297e-08,1.9033236503601075e-05,3390.79497875,3142.8871028125,1.6035197443771363,0.0006686631316505373,nan,nan,0.1166700000524521,nan,0.7078142464160919,0.7174067199230194,78.48991417884827,76.24233341217041,0.0,154.7322793006897
129,129,ppo,clip,gae,ALE/Qbert-v5,atari,0,1,1.0,12900000,100000,180,180,4,1,701.3888888888889,212.40557088553464,547.5388888888889,701.3888888888889,212.40557088553464,547.5388888888889,1.8864870071411132e-10,-0.0002440646183490753,3736.5856733984374,3591.6676943359375,1.6070584987258911,0.0003899581647478044,nan,nan,0.057470000030994416,nan,0.6795221567153931,0.6885021030902863,79.11837196350098,76.30315256118774,0.0,155.42155718803406
130,130,ppo,clip,gae,ALE/Qbert-v5,atari,0,1,1.0,13000000,100000,185,185,4,1,663.918918918919,200.26716998001504,531.0756756756757,663.918918918919,200.26716998001504,531.0756756756757,6.275177001953125e-09,-0.00010651941299438477,3595.715915625,3437.25555625,1.6077944823074342,0.0006580974532850087,nan,nan,0.11994000002622604,nan,0.6801870465278625,0.6926959156990051,79.21801400184631,76.29414749145508,0.0,155.512193441391
131,131,ppo,clip,gae,ALE/Qbert-v5,atari,0,1,1.0,13100000,100000,178,178,4,1,704.0730337078652,247.24802234541323,559.7640449438202,704.0730337078652,247.24802234541323,559.7640449438202,-3.521442413330078e-09,-0.0005282642364501953,4782.45752859375,4608.94106390625,1.6033609337997436,0.0003421386442985386,nan,nan,0.046680000009536746,nan,0.5992991030216217,0.6125224828720093,79.13643312454224,76.24375438690186,0.0,155.380220413208
132,132,ppo,clip,gae,ALE/Qbert-v5,atari,0,1,1.0,13200000,100000,182,182,4,1,684.6153846153846,209.4035626989329,541.3571428571429,684.6153846153846,209.4035626989329,541.3571428571429,-2.4890899658203124e-09,-0.0005250771236419677,3827.17640890625,3682.71716875,1.6045396340942384,0.00016741931811906397,nan,nan,0.009710000007152558,nan,0.6691431701183319,0.6800649166107178,79.58931756019592,76.59716439247131,0.0,156.18652200698853
133,133,ppo,clip,gae,ALE/Qbert-v5,atari,0,1,1.0,13300000,100000,184,184,4,1,676.3586956521739,191.1728720022876,532.2010869565217,676.3586956521739,191.1728720022876,532.2010869565217,-3.268718719482422e-09,0.0001968027400970459,3640.397755546875,3511.270831796875,1.6105167966079712,0.0006809115992672741,nan,nan,0.10232000006198883,nan,0.6804728209972382,0.6911446750164032,79.93869161605835,76.6927924156189,0.0,156.63151741027832
134,134,ppo,clip,gae,ALE/Qbert-v5,atari,0,1,1.0,13400000,100000,186,186,4,1,699.7311827956989,241.07718122460935,532.3333333333334,699.7311827956989,241.07718122460935,532.3333333333334,1.1491775512695312e-09,0.00015231778502464293,4754.275195,4597.8093784375,1.6002292818832398,0.0006067763003706932,nan,nan,0.10099999996900559,nan,0.6146547198295593,0.6266317665576935,79.32309007644653,76.55221724510193,0.0,155.8753387928009
135,135,ppo,clip,gae,ALE/Qbert-v5,atari,0,1,1.0,13500000,100000,180,180,4,1,691.25,215.2917110186394,545.9111111111112,691.25,215.2917110186394,545.9111111111112,9.524822235107422e-09,2.9479033946990967e-05,3727.52076578125,3656.1281753125,1.6007801817321778,0.0006893249012157321,nan,nan,0.12960999996185302,nan,0.678424745798111,0.6854717135429382,78.77611112594604,76.54648089408875,0.0,155.3226306438446
136,136,ppo,clip,gae,ALE/Qbert-v5,atari,0,1,1.0,13600000,100000,176,176,4,1,716.4772727272727,230.96223999098402,562.3636363636364,716.4772727272727,230.96223999098402,562.3636363636364,-3.204345703125e-09,-0.00037659040689468385,4143.324372265625,4015.57095453125,1.6096609130477906,0.00020481197657529264,nan,nan,0.02963000001311302,nan,0.6550866365432739,0.662244975566864,78.87646913528442,76.43899512290955,0.0,155.31550073623657
137,137,ppo,clip,gae,ALE/Qbert-v5,atari,0,1,1.0,13700000,100000,182,182,4,1,699.7252747252747,221.8334721388733,541.6263736263736,699.7252747252747,221.8334721388733,541.6263736263736,-2.25067138671875e-09,-0.000527037239074707,4106.0347003125,4022.75416765625,1.595514949760437,0.0001959074486233294,nan,nan,0.015900000010728835,nan,0.6553480327129364,0.6623478531837463,78.69232630729675,76.26731204986572,0.0,154.95966982841492
138,138,ppo,clip,gae,ALE/Qbert-v5,atari,0,1,1.0,13800000,100000,181,181,4,1,714.7790055248619,347.61294249678934,547.2099447513813,714.7790055248619,347.61294249678934,547.2099447513813,2.2649765014648437e-09,-0.00048195643424987794,8941.526431015625,8711.0551525,1.6037623976135253,0.000214525712155737,nan,nan,0.022190000014305114,nan,0.4422385096549988,0.45632654428482056,79.48193144798279,76.64363813400269,0.0,156.12561869621277
139,139,ppo,clip,gae,ALE/Qbert-v5,atari,0,1,1.0,13900000,100000,182,182,4,1,677.8846153846154,189.06014766111676,544.5879120879121,677.8846153846154,189.06014766111676,544.5879120879121,6.890296936035157e-10,-0.00044151848793029785,3470.284722265625,3262.1294808203124,1.598353911628723,0.00021394629671238363,nan,nan,0.033359999986886976,nan,0.6959655582904816,0.7075972259044647,79.29833269119263,76.65977120399475,0.0,155.95813584327698
140,140,ppo,clip,gae,ALE/Qbert-v5,atari,0,1,1.0,14000000,100000,178,178,4,1,691.7134831460675,228.11085896008578,555.5168539325842,691.7134831460675,228.11085896008578,555.5168539325842,-6.144046783447266e-09,-0.00034544528484344483,3891.03754140625,3806.18200140625,1.5966076712799073,0.0002977600161731243,nan,nan,0.04945000003695488,nan,0.6637880504131317,0.6715382933616638,79.3712887763977,76.47871899604797,0.0,155.85003805160522
141,141,ppo,clip,gae,ALE/Qbert-v5,atari,0,1,1.0,14100000,100000,183,183,4,1,696.448087431694,205.04486056975156,539.6174863387978,696.448087431694,205.04486056975156,539.6174863387978,5.159378051757812e-09,-0.00046492775917053223,3637.74952328125,3516.7726375,1.5944120642089843,0.00014460436253808438,nan,nan,0.006800000006556511,nan,0.6956892311573029,0.7054774761199951,78.83779883384705,76.54078030586243,0.0,155.37862539291382
142,142,ppo,clip,gae,ALE/Qbert-v5,atari,0,1,1.0,14200000,100000,182,182,4,1,710.8516483516484,217.65095802741132,542.9615384615385,710.8516483516484,217.65095802741132,542.9615384615385,4.744529724121094e-10,-0.0005195160937309265,4230.4032075,4129.749053984375,1.596442276687622,0.0003378200191166252,nan,nan,0.04097000000476837,nan,0.6457941830158234,0.6543190479278564,78.3198299407959,76.57386207580566,0.0,154.8937225341797
143,143,ppo,clip,gae,ALE/Qbert-v5,atari,0,1,1.0,14300000,100000,178,178,4,1,710.1123595505618,211.22699000817974,557.9550561797753,710.1123595505618,211.22699000817974,557.9550561797753,2.545490860939026e-09,-0.0005432799242436886,3916.6204346484374,3772.5650183203124,1.6009090272140503,0.00010957077887607739,nan,nan,0.006820000001341105,nan,0.6685737669467926,0.6816700398921967,79.45668768882751,76.49340581893921,0.0,155.9501268863678
144,144,ppo,clip,gae,ALE/Qbert-v5,atari,0,1,1.0,14400000,100000,181,181,4,1,693.7845303867404,229.8045361683794,545.6408839779006,693.7845303867404,229.8045361683794,545.6408839779006,9.5367431640625e-11,-1.074288249015808e-05,3955.33805046875,3826.814838671875,1.6082555958938598,0.0004357664650399238,nan,nan,0.07929000004053116,nan,0.6702686846256256,0.6807446777820587,78.7867739200592,76.37403345108032,0.0,155.16084027290344
145,145,ppo,clip,gae,ALE/Qbert-v5,atari,0,1,1.0,14500000,100000,179,179,4,1,704.8882681564246,193.6505775235721,552.2569832402235,704.8882681564246,193.6505775235721,552.2569832402235,-6.818771362304688e-09,-0.0004166503143310547,3830.21798125,3677.943035625,1.599973384284973,0.00020184202657546848,nan,nan,0.023880000015497206,nan,0.6750036478042603,0.6864026784896851,79.03172969818115,76.54193091392517,0.0,155.57369208335876
146,146,ppo,clip,gae,ALE/Qbert-v5,atari,0,1,1.0,14600000,100000,183,183,4,1,692.3497267759562,240.73588930935225,539.2950819672132,692.3497267759562,240.73588930935225,539.2950819672132,-7.112026214599609e-09,-0.0005525841665267945,4543.511274375,4411.73352328125,1.5994643901824952,0.00016271416639443488,nan,nan,0.01635999999821186,nan,0.6243105232715607,0.6359958350658417,79.45626759529114,76.34265756607056,0.0,155.79895734786987
147,147,ppo,clip,gae,ALE/Qbert-v5,atari,0,1,1.0,14700000,100000,176,176,4,1,693.3238636363636,221.42398833989293,557.6931818181819,693.3238636363636,221.42398833989293,557.6931818181819,-2.8133392333984374e-09,-0.0004780705690383911,3846.1767125,3734.456229375,1.6017379747009277,0.00017076539638452231,nan,nan,0.02503000002861023,nan,0.663885086774826,0.6736252903938293,79.6624801158905,76.48057961463928,0.0,156.14309000968933
148,148,ppo,clip,gae,ALE/Qbert-v5,atari,0,1,1.0,14800000,100000,177,177,4,1,702.6836158192091,225.1408885010927,558.3276836158192,702.6836158192091,225.1408885010927,558.3276836158192,-1.220703125e-09,-0.0005344521486759186,3849.3282646875,3746.423993046875,1.6016620906448364,0.00015679881514050066,nan,nan,0.015089999996423721,nan,0.665065348148346,0.6741493940353394,79.92551565170288,76.53819370269775,0.0,156.46374106407166
149,149,ppo,clip,gae,ALE/Qbert-v5,atari,0,1,1.0,14900000,100000,171,171,4,1,768.1286549707602,347.39044862916955,574.1520467836257,768.1286549707602,347.39044862916955,574.1520467836257,4.5680999755859375e-09,-0.00046056233882904053,8855.071701484376,8504.17706109375,1.5991171897888183,0.0002823608477506787,nan,nan,0.044210000030994415,nan,0.46226441860198975,0.4773406386375427,79.3227219581604,76.49352359771729,0.0,155.81628584861755
150,150,ppo,clip,gae,ALE/Qbert-v5,atari,0,1,1.0,15000000,100000,181,181,4,1,682.182320441989,247.71790433761984,543.9502762430939,682.182320441989,247.71790433761984,543.9502762430939,3.5524368286132813e-10,0.0004642937135696411,4584.93716671875,4326.346351015625,1.593200055999756,0.0008146476587466895,nan,nan,0.20038000006198883,nan,0.6178666353225708,0.6313447952270508,79.14446115493774,76.42225217819214,0.002969980239868164,155.56973934173584
151,151,ppo,clip,gae,ALE/Qbert-v5,atari,0,1,1.0,15100000,100000,184,184,4,1,705.2989130434783,200.93813345674184,538.3423913043479,705.2989130434783,200.93813345674184,538.3423913043479,-3.6746263504028322e-09,-0.0005105622571706772,3657.03920671875,3555.2460047265627,1.5883993711471558,0.0001841212702775374,nan,nan,0.012830000021457672,nan,0.7057516574859619,0.7144872546195984,79.12843585014343,76.48782563209534,0.0,155.616295337677
152,152,ppo,clip,gae,ALE/Qbert-v5,atari,0,1,1.0,15200000,100000,175,175,4,1,708.2857142857143,244.35613020210263,563.0114285714286,708.2857142857143,244.35613020210263,563.0114285714286,1.0081529617309571e-08,-0.0005248077091574669,4408.8768579296875,4290.575144179687,1.5965741459274292,0.00020330666253808887,nan,nan,0.025220000003874303,nan,0.6389965116977692,0.6486996412277222,78.45379734039307,76.42791199684143,0.0,154.88174986839294
153,153,ppo,clip,gae,ALE/Qbert-v5,atari,0,1,1.0,15300000,100000,180,180,4,1,686.5277777777778,201.97572545442063,546.0444444444445,686.5277777777778,201.97572545442063,546.0444444444445,1.18255615234375e-09,-0.00022678372383117676,3548.9211753125,3455.941323125,1.5927943463134766,0.00025021473896689713,nan,nan,0.04393000000357628,nan,0.6973678469657898,0.7066575288772583,78.77050256729126,76.29647302627563,0.0,155.06700658798218
154,154,ppo,clip,gae,ALE/Qbert-v5,atari,0,1,1.0,15400000,100000,176,176,4,1,737.3579545454545,255.18761423598224,561.0681818181819,737.3579545454545,255.18761423598224,561.0681818181819,2.498626708984375e-09,-0.0005267771744728088,5020.15995390625,4820.49688734375,1.5941090687561035,0.00016801532813347876,nan,nan,0.016369999995827673,nan,0.6102421283721924,0.6255383193492889,79.80806183815002,76.71430492401123,0.0,156.52239751815796
155,155,ppo,clip,gae,ALE/Qbert-v5,atari,0,1,1.0,15500000,100000,181,181,4,1,683.0110497237569,219.36163005362187,547.4806629834254,683.0110497237569,219.36163005362187,547.4806629834254,-7.877349853515625e-09,-0.00028463614225387573,4162.720074140625,3997.7402164453124,1.5837213326263428,0.00039426698475610467,nan,nan,0.08629999999165534,nan,0.6403955519199371,0.6504965126514435,79.32837104797363,76.28555011749268,0.0,155.61395263671875
156,156,ppo,clip,gae,ALE/Qbert-v5,atari,0,1,1.0,15600000,100000,179,179,4,1,729.0502793296089,234.59746277193221,552.9720670391062,729.0502793296089,234.59746277193221,552.9720670391062,2.474784851074219e-09,-0.00030284703493118286,4321.98002296875,4206.439280625,1.5854639888000488,0.00038489890384487807,nan,nan,0.07758999999165535,nan,0.6540620625019073,0.6662594676017761,79.60155606269836,76.3034896850586,0.0,155.90507674217224
157,157,ppo,clip,gae,ALE/Qbert-v5,atari,0,1,1.0,15700000,100000,178,178,4,1,735.6741573033707,222.50134579978797,554.2359550561798,735.6741573033707,222.50134579978797,554.2359550561798,8.230209350585938e-09,-0.000485901198387146,4244.692138828125,4019.9556459375,1.585346965942383,0.00012454303123056887,nan,nan,0.010780000002384186,nan,0.6736158728599548,0.6864006817340851,79.93486618995667,76.16420006752014,0.0,156.09911036491394
158,158,ppo,clip,gae,ALE/Qbert-v5,atari,0,1,1.0,15800000,100000,179,179,4,1,694.9720670391062,227.66699758546932,552.5530726256983,694.9720670391062,227.66699758546932,552.5530726256983,-2.8389692306518554e-09,-0.0004519280183315277,4097.487010625,3889.50271578125,1.5857887448501586,0.0001377801903570071,nan,nan,0.014920000020265578,nan,0.6494004428386688,0.6639834642410278,78.84384512901306,76.48772859573364,0.0,155.33160662651062
159,159,ppo,clip,gae,ALE/Qbert-v5,atari,0,1,1.0,15900000,100000,174,174,4,1,751.2931034482758,254.39057277276603,566.6206896551724,751.2931034482758,254.39057277276603,566.6206896551724,-1.2969970703125e-09,0.00030581681966781614,4566.8819349609375,4354.745527460937,1.5868847970581055,0.0005481542258523404,nan,nan,0.1454899999141693,nan,0.6498998701572418,0.6598132252693176,79.5117757320404,76.0473039150238,0.0,155.55911326408386
160,160,ppo,clip,gae,ALE/Qbert-v5,atari,0,1,1.0,16000000,100000,176,176,4,1,700.1420454545455,240.13929964122855,560.3579545454545,700.1420454545455,240.13929964122855,560.3579545454545,-5.459785461425781e-09,-0.00028347163379192355,4587.9036475,4434.899895625,1.5873451839828492,0.0002546800807584077,nan,nan,0.05393000000834465,nan,0.613215446472168,0.6274811625480652,79.32787895202637,76.16246318817139,0.0,155.49037528038025
161,161,ppo,clip,gae,ALE/Qbert-v5,atari,0,1,1.0,16100000,100000,178,178,4,1,723.876404494382,227.4186517221428,556.2359550561798,723.876404494382,227.4186517221428,556.2359550561798,-4.036426544189453e-09,-0.00046245434284210204,4730.470603320313,4530.486738164062,1.5852211838531494,0.00020345041311811655,nan,nan,0.038029999990463255,nan,0.6269093155860901,0.6392537355422974,79.26340246200562,76.45639181137085,0.0,155.7198362350464
162,162,ppo,clip,gae,ALE/Qbert-v5,atari,0,1,1.0,16200000,100000,179,179,4,1,721.3687150837989,355.24906413492505,553.9888268156425,721.3687150837989,355.24906413492505,553.9888268156425,-7.36236572265625e-09,-0.0006032885551452636,8583.784721875,8402.8424284375,1.5826920516586305,0.00014757098042871803,nan,nan,0.02116000002026558,nan,0.455729603767395,0.4672057628631592,79.97891473770142,76.13047409057617,0.0,156.1094365119934
163,163,ppo,clip,gae,ALE/Qbert-v5,atari,0,1,1.0,16300000,100000,177,177,4,1,735.8757062146892,230.23188096858297,556.8587570621469,735.8757062146892,230.23188096858297,556.8587570621469,5.583763122558594e-09,-0.0005028554821014404,4879.92608984375,4774.681589296875,1.5816927975082398,0.00013403074953239412,nan,nan,0.01080000000193715,nan,0.6180942058563232,0.6268916130065918,79.14988040924072,76.67842268943787,0.0,155.8283383846283
164,164,ppo,clip,gae,ALE/Qbert-v5,atari,0,1,1.0,16400000,100000,180,180,4,1,745.5555555555555,375.47336378707377,551.5722222222222,745.5555555555555,375.47336378707377,551.5722222222222,-5.24759292602539e-09,0.00011708583235740661,9345.68674,9081.289353398437,1.5686418798065185,0.0004982917490229011,nan,nan,0.11957000009059907,nan,0.428086519241333,0.44439733028411865,79.14299654960632,76.45175623893738,0.0,155.59478902816772
165,165,ppo,clip,gae,ALE/Qbert-v5,atari,0,1,1.0,16500000,100000,178,178,4,1,711.5168539325842,403.453424135032,554.7865168539325,711.5168539325842,403.453424135032,554.7865168539325,-9.435415267944336e-09,2.043505847454071e-05,9340.00060125,8510.383790625,1.5725697514724732,0.00045664938313886525,nan,nan,0.10682000002861022,nan,0.41697579622268677,0.4694531559944153,79.40886330604553,76.6034185886383,0.0,156.01231598854065
166,166,ppo,clip,gae,ALE/Qbert-v5,atari,0,1,1.0,16600000,100000,180,180,4,1,737.6388888888889,228.60533103264063,552.2555555555556,737.6388888888889,228.60533103264063,552.2555555555556,1.9357353448867797e-09,-0.0006233134742826223,4899.62983734375,4389.190465117187,1.5733875494384766,0.00014020890366751702,nan,nan,0.016730000004172324,nan,0.6189631819725037,0.6553394198417664,78.5827898979187,76.43006491661072,0.0,155.0128951072693
167,167,ppo,clip,gae,ALE/Qbert-v5,atari,0,1,1.0,16700000,100000,175,175,4,1,734.1428571428571,374.5597143204762,563.5142857142857,734.1428571428571,374.5597143204762,563.5142857142857,2.5987625122070313e-10,-0.0004260360109806061,9315.4382065625,9046.72931625,1.5758390670776368,0.0001379113862896338,nan,nan,0.029709999995231627,nan,0.41844671964645386,0.4353713393211365,79.78693127632141,76.57231569290161,0.0,156.35928082466125
168,168,ppo,clip,gae,ALE/Qbert-v5,atari,0,1,1.0,16800000,100000,177,177,4,1,759.0395480225989,257.86264818427907,560.7627118644068,759.0395480225989,257.86264818427907,560.7627118644068,-2.17437744140625e-09,-0.0005166265487670899,5392.22684,5163.452015,1.571389615020752,0.00010946662334958091,nan,nan,0.01475999999642372,nan,0.609838455915451,0.6262298226356506,79.32691287994385,76.49915933609009,0.0,155.82610511779785
169,169,ppo,clip,gae,ALE/Qbert-v5,atari,0,1,1.0,16900000,100000,175,175,4,1,749.4285714285714,251.40965837956705,564.8171428571428,749.4285714285714,251.40965837956705,564.8171428571428,-1.48773193359375e-09,-0.0004387925124168396,5159.89671171875,5039.8178621875,1.57332594745636,0.0001781429391540587,nan,nan,0.021689999989271163,nan,0.6069284081459045,0.616850882768631,80.04805207252502,76.63210654258728,0.0,156.6801896095276
170,170,ppo,clip,gae,ALE/Qbert-v5,atari,0,1,1.0,17000000,100000,178,178,4,1,754.6348314606741,335.34152693283573,558.7134831460675,754.6348314606741,335.34152693283573,558.7134831460675,-3.662109375e-09,-0.00036428990483283996,9213.187465,8794.205385078125,1.5684717014694214,0.00022660921457689256,nan,nan,0.04351999999165535,nan,0.4478267431259155,0.47165799140930176,78.93767189979553,76.31608486175537,0.0,155.25378966331482
171,171,ppo,clip,gae,ALE/Qbert-v5,atari,0,1,1.0,17100000,100000,167,167,4,1,739.5209580838323,221.47655931774312,592.4491017964071,739.5209580838323,221.47655931774312,592.4491017964071,4.658699035644531e-09,-0.0004903456687927246,4429.5576715625,4162.61666421875,1.5832277097702026,9.301786337047816e-05,nan,nan,0.015450000013113021,nan,0.6371358036994934,0.6568167209625244,79.40605092048645,76.31717848777771,0.0,155.7232632637024
172,172,ppo,clip,gae,ALE/Qbert-v5,atari,0,1,1.0,17200000,100000,176,176,4,1,730.5397727272727,246.97285139711423,564.3977272727273,730.5397727272727,246.97285139711423,564.3977272727273,-7.28607177734375e-09,-0.0003984507656097412,4976.223771484375,4839.850910703125,1.5781413335418701,7.12320194626227e-05,nan,nan,0.009960000010728836,nan,0.6029862761497498,0.6132798492908478,78.96595096588135,76.24333882331848,0.0,155.20933198928833
173,173,ppo,clip,gae,ALE/Qbert-v5,atari,0,1,1.0,17300000,100000,177,177,4,1,765.2542372881356,355.20793273292145,562.9039548022599,765.2542372881356,355.20793273292145,562.9039548022599,-4.92095947265625e-09,-0.0003429908990859985,9108.31710703125,8902.16850421875,1.5753028369140625,0.00014855618715286256,nan,nan,0.03647000002503395,nan,0.46307986974716187,0.47495150566101074,80.3807897567749,76.4678966999054,0.0,156.8487184047699
174,174,ppo,clip,gae,ALE/Qbert-v5,atari,0,1,1.0,17400000,100000,177,177,4,1,723.0225988700565,230.1351593731096,558.6553672316384,723.0225988700565,230.1351593731096,558.6553672316384,4.739761352539062e-09,-0.0003166534757614136,4673.335808125,4425.616907578125,1.5752731980514527,0.00015293147628661245,nan,nan,0.03380000000834465,nan,0.6238901913166046,0.6350988447666168,79.54310011863708,76.5467357635498,0.0,156.0899052619934
175,175,ppo,clip,gae,ALE/Qbert-v5,atari,0,1,1.0,17500000,100000,175,175,4,1,733.5714285714286,235.59520801751535,567.7142857142857,733.5714285714286,235.59520801751535,567.7142857142857,2.4962425231933594e-09,-0.00011995695114135742,4676.125710117188,4586.459010859375,1.5810040871047975,0.0002618820153921843,nan,nan,0.08773999996900558,nan,0.6272864937782288,0.634462833404541,79.60853672027588,76.43659615516663,0.0028481483459472656,156.04801630973816
176,176,ppo,clip,gae,ALE/Qbert-v5,atari,0,1,1.0,17600000,100000,174,174,4,1,736.3505747126437,243.20604781763137,568.7471264367816,736.3505747126437,243.20604781763137,568.7471264367816,8.845329284667969e-10,-0.0004433439314365387,4192.255915078125,4065.875760703125,1.5762008983612061,0.00010942463905084878,nan,nan,0.011809999997019767,nan,0.6607156097888947,0.6705397665500641,79.55662822723389,76.52971172332764,0.0,156.08639121055603
177,177,ppo,clip,gae,ALE/Qbert-v5,atari,0,1,1.0,17700000,100000,177,177,4,1,715.3954802259886,231.21421471638868,558.7118644067797,715.3954802259886,231.21421471638868,558.7118644067797,3.075599670410156e-10,-0.00013272486925125122,4386.828751328125,4290.638755585937,1.5761525634765625,0.00025162182299420235,nan,nan,0.07701999997138977,nan,0.6329860389232635,0.6413829624652863,79.63995742797852,76.34575986862183,0.0,155.98575162887573
178,178,ppo,clip,gae,ALE/Qbert-v5,atari,0,1,1.0,17800000,100000,177,177,4,1,730.367231638418,240.1435673457316,559.1468926553672,730.367231638418,240.1435673457316,559.1468926553672,3.4034252166748046e-09,-0.00037558297276496885,4263.536670195313,4160.521292890625,1.5753746531677246,0.00011882923879427835,nan,nan,0.03561999999642372,nan,0.6499536037445068,0.6585822403430939,79.52663040161133,76.51682090759277,0.0,156.04348349571228
179,179,ppo,clip,gae,ALE/Qbert-v5,atari,0,1,1.0,17900000,100000,175,175,4,1,736.7142857142857,243.0724255888204,564.7828571428571,736.7142857142857,243.0724255888204,564.7828571428571,-3.814846277236939e-09,-0.00032531039878726004,4768.903546289062,4644.518196875,1.5727769843292236,0.00016144442142453045,nan,nan,0.02993999999046326,nan,0.6189703345298767,0.6288857460021973,79.19102907180786,76.70657157897949,0.0,155.8976330757141
180,180,ppo,clip,gae,ALE/Qbert-v5,atari,0,1,1.0,18000000,100000,177,177,4,1,710.45197740113,239.75521699852703,559.8418079096045,710.45197740113,239.75521699852703,559.8418079096045,1.2326240539550782e-09,-0.0003426943564414978,4376.05764515625,4222.2148275,1.571499818763733,0.00014340980181470512,nan,nan,0.034110000026226044,nan,0.6416557729244232,0.6540592610836029,78.9525637626648,76.6965000629425,0.0,155.64909720420837
181,181,ppo,clip,gae,ALE/Qbert-v5,atari,0,1,1.0,18100000,100000,176,176,4,1,759.6590909090909,252.48570555234303,563.7443181818181,759.6590909090909,252.48570555234303,563.7443181818181,1.6045570373535156e-09,-0.000350907142162323,4991.905355507813,4841.519178242187,1.569532654762268,7.509248583111911e-05,nan,nan,0.01610000000208616,nan,0.6211781799793243,0.6319365203380585,79.81461477279663,76.68016171455383,0.0,156.4948182106018
182,182,ppo,clip,gae,ALE/Qbert-v5,atari,0,1,1.0,18200000,100000,174,174,4,1,762.7873563218391,268.5601575642634,565.4367816091954,762.7873563218391,268.5601575642634,565.4367816091954,2.2220611572265625e-09,-0.0003389341711997986,5153.52016703125,4998.638720390625,1.567147809753418,0.00018715185866691173,nan,nan,0.0492899999833107,nan,0.602921336889267,0.6148843765258789,79.31162357330322,76.29535245895386,0.0,155.60700869560242
183,183,ppo,clip,gae,ALE/Qbert-v5,atari,0,1,1.0,18300000,100000,170,170,4,1,772.3529411764706,255.0814036564592,580.2882352941176,772.3529411764706,255.0814036564592,580.2882352941176,-1.9288063049316406e-09,-0.0003225966882705689,5124.011834375,4964.13892546875,1.5741568826675416,0.00023758349816314876,nan,nan,0.07124000004053116,nan,0.6217474937438965,0.6338659822940826,79.04820156097412,76.08726572990417,0.0,155.1355001926422
184,184,ppo,clip,gae,ALE/Qbert-v5,atari,0,1,1.0,18400000,100000,180,180,4,1,721.25,229.2268860273109,549.7166666666667,721.25,229.2268860273109,549.7166666666667,-7.488727569580078e-09,-0.00041787999391555784,4340.7035640625,4123.8971421875,1.5626984227752685,7.884955109097063e-05,nan,nan,0.014330000004172325,nan,0.6596026122570038,0.668854147195816,79.29575610160828,75.75044322013855,0.0,155.0462291240692
185,185,ppo,clip,gae,ALE/Qbert-v5,atari,0,1,1.0,18500000,100000,174,174,4,1,744.1091954022988,243.35522172008777,567.0057471264367,744.1091954022988,243.35522172008777,567.0057471264367,4.050731658935547e-09,-0.00023255844593048097,4584.642134765625,4503.505747109375,1.5650099280166625,0.00020532927528955043,nan,nan,0.06943999999761581,nan,0.6345760822296143,0.6414980888366699,79.36203837394714,76.43951201438904,0.0,155.80158114433289
186,186,ppo,clip,gae,ALE/Qbert-v5,atari,0,1,1.0,18600000,100000,172,172,4,1,734.7383720930233,207.13035479238596,573.203488372093,734.7383720930233,207.13035479238596,573.203488372093,6.580352783203125e-10,-0.00022465453386306763,4442.64287375,4361.3656603125,1.5689706976699829,0.00018894593188073486,nan,nan,0.06562999996423721,nan,0.6439683735370636,0.6534246802330017,78.46081376075745,76.32141423225403,0.0,154.78226113319397
187,187,ppo,clip,gae,ALE/Qbert-v5,atari,0,1,1.0,18700000,100000,170,170,4,1,751.9117647058823,252.83688855571071,580.3882352941176,751.9117647058823,252.83688855571071,580.3882352941176,6.798505783081054e-09,0.00031769670486450196,4700.315704609375,4518.20830453125,1.567097956314087,0.000351440286654979,nan,nan,0.10480000002622604,nan,0.63625168800354,0.6462968587875366,78.82879614830017,76.08505654335022,0.0,154.91388583183289
188,188,ppo,clip,gae,ALE/Qbert-v5,atari,0,1,1.0,18800000,100000,172,172,4,1,751.453488372093,219.84913733172954,574.3372093023256,751.453488372093,219.84913733172954,574.3372093023256,3.85284423828125e-09,0.00025327784061431887,4170.32584140625,4070.26577578125,1.571386382446289,0.0003889484753459692,nan,nan,0.16569000007152557,nan,0.6722398996353149,0.6799467504024506,79.55262017250061,76.37663006782532,0.0,155.92928338050842
189,189,ppo,clip,gae,ALE/Qbert-v5,atari,0,1,1.0,18900000,100000,174,174,4,1,768.5344827586207,339.7163395241315,568.0114942528736,768.5344827586207,339.7163395241315,568.0114942528736,8.013248443603516e-09,-0.00047814424037933347,9066.394344570312,8910.351534648438,1.5659200963973998,5.8196621856186536e-05,nan,nan,0.00872000000193715,nan,0.46152442693710327,0.47183871269226074,79.34363007545471,76.70680356025696,0.0,156.05046796798706
190,190,ppo,clip,gae,ALE/Qbert-v5,atari,0,1,1.0,19000000,100000,174,174,4,1,710.4885057471264,230.33563063808728,564.8390804597701,710.4885057471264,230.33563063808728,564.8390804597701,-2.507418394088745e-09,-0.0004445407797396183,4223.605215,4078.4898209375,1.568688115081787,0.00011618403492495418,nan,nan,0.019820000021457673,nan,0.6340522468090057,0.6470289528369904,78.89075446128845,76.33591508865356,0.0,155.2267029285431
191,191,ppo,clip,gae,ALE/Qbert-v5,atari,0,1,1.0,19100000,100000,171,171,4,1,745.0292397660819,252.1924315613951,577.2046783625731,745.0292397660819,252.1924315613951,577.2046783625731,-2.6845932006835936e-09,-0.00036279454588890076,4649.611079453125,4584.895220859375,1.5677103966522217,9.354767147218809e-05,nan,nan,0.013770000003874301,nan,0.6201653778553009,0.6269071996212006,78.48827147483826,75.96200466156006,0.0,154.45030879974365
192,192,ppo,clip,gae,ALE/Qbert-v5,atari,0,1,1.0,19200000,100000,175,175,4,1,749.8571428571429,256.21555019800286,562.3371428571429,749.8571428571429,256.21555019800286,562.3371428571429,-1.621246337890625e-10,-0.0002721797502040863,5519.6887190625,5402.2499834375,1.5653157865524292,0.00011545912384521216,nan,nan,0.026620000007748605,nan,0.5821462571620941,0.5911490321159363,78.5744800567627,76.58527493476868,0.0,155.15978932380676
193,193,ppo,clip,gae,ALE/Qbert-v5,atari,0,1,1.0,19300000,100000,170,170,4,1,763.5294117647059,267.7260710781602,582.6882352941177,763.5294117647059,267.7260710781602,582.6882352941177,-9.503364562988281e-09,-0.0003982648801803589,5114.86627125,5004.7829,1.5629918514251708,0.00014248075243085623,nan,nan,0.042510000081062316,nan,0.6050134599208832,0.613606184720993,78.50745868682861,76.62028574943542,0.0,155.12777638435364
194,194,ppo,clip,gae,ALE/Qbert-v5,atari,0,1,1.0,19400000,100000,170,170,4,1,755.8823529411765,377.4458874115274,582.6294117647059,755.8823529411765,377.4458874115274,582.6294117647059,5.174875259399414e-09,6.466848492622375e-05,9346.9936515625,8815.5813825,1.5677665834045411,0.0002591028699371964,nan,nan,0.10917999997138977,nan,0.43342453241348267,0.4653536081314087,78.55235004425049,76.45477437973022,0.0,155.007155418396
195,195,ppo,clip,gae,ALE/Qbert-v5,atari,0,1,1.0,19500000,100000,174,174,4,1,746.1206896551724,237.75175967195403,567.3390804597701,746.1206896551724,237.75175967195403,567.3390804597701,-2.7179718017578126e-09,-0.0003661001324653625,4635.6970209375,4459.09555875,1.5648987280273436,7.891050100326538e-05,nan,nan,0.023340000004768373,nan,0.6303928792476654,0.6450410783290863,79.4027373790741,76.45197582244873,0.0,155.854745388031
196,196,ppo,clip,gae,ALE/Qbert-v5,atari,0,1,1.0,19600000,100000,171,171,4,1,792.8362573099415,441.0039676738985,576.1111111111111,792.8362573099415,441.0039676738985,576.1111111111111,1.480802893638611e-09,-0.0004161308857426047,13683.238423125,13071.26347140625,1.560190506401062,0.00012896768240723758,nan,nan,0.034820000007748604,nan,0.358221173286438,0.3864666819572449,79.10239744186401,76.46913862228394,0.0,155.57158184051514
197,197,ppo,clip,gae,ALE/Qbert-v5,atari,0,1,1.0,19700000,100000,174,174,4,1,748.9942528735633,253.0185467993242,567.7758620689655,748.9942528735633,253.0185467993242,567.7758620689655,7.696151733398438e-09,-0.00034665515422821046,5068.4745709375,4826.81149625,1.5624274411392212,8.529510439839214e-05,nan,nan,0.02113000001132488,nan,0.6189733445644379,0.6364444196224213,80.08187985420227,76.8201813697815,0.0,156.90209484100342
198,198,ppo,clip,gae,ALE/Qbert-v5,atari,0,1,1.0,19800000,100000,170,170,4,1,753.2352941176471,245.13766346370136,582.8,753.2352941176471,245.13766346370136,582.8,-8.395910263061524e-09,-0.0003348998963832855,4751.30022203125,4657.819190390625,1.5602192265701293,0.0001433266699826345,nan,nan,0.04764999998092651,nan,0.6335261166095734,0.6419046819210052,78.6722846031189,76.64302706718445,0.0,155.31534624099731
199,199,ppo,clip,gae,ALE/Qbert-v5,atari,0,1,1.0,19900000,100000,170,170,4,1,758.3823529411765,245.74233453497376,578.6588235294117,758.3823529411765,245.74233453497376,578.6588235294117,-9.429007768630982e-09,-0.00015015839621424675,4995.825423125,4816.962570078125,1.5640597416305542,0.00012567241942044348,nan,nan,0.05741000002264977,nan,0.6068313121795654,0.6207929849624634,78.92048144340515,76.64668011665344,0.0,155.5672106742859
200,200,ppo,clip,gae,ALE/Qbert-v5,atari,0,1,1.0,20000000,100000,176,176,4,1,746.1647727272727,271.8626431004906,566.6022727272727,746.1647727272727,271.8626431004906,566.6022727272727,-3.4344196319580077e-09,-0.00011189425647258759,5387.06063140625,5223.1021828125,1.555184312324524,0.00016925587832927703,nan,nan,0.08972000004291535,nan,0.5929674208164215,0.6054342091083527,79.52072882652283,76.5555636882782,0.0028672218322753906,156.07920455932617
201,201,ppo,clip,gae,ALE/Qbert-v5,atari,0,1,1.0,20100000,100000,168,168,4,1,778.7202380952381,249.63723503161347,587.8214285714286,778.7202380952381,249.63723503161347,587.8214285714286,-1.6418099403381348e-09,-0.00039060156434774396,5336.5383834375,5202.3455934375,1.5689058401107787,6.567317186156288e-05,nan,nan,0.016010000005364417,nan,0.5926850438117981,0.6022769212722778,78.66377091407776,76.28198337554932,0.0,154.94578385353088
202,202,ppo,clip,gae,ALE/Qbert-v5,atari,0,1,1.0,20200000,100000,175,175,4,1,750.1428571428571,255.51764186866325,564.6342857142857,750.1428571428571,255.51764186866325,564.6342857142857,2.4366378784179687e-09,-0.00036425559520721437,4675.47834140625,4542.296061171875,1.5648215338897704,6.45367430220358e-05,nan,nan,0.018770000012516976,nan,0.6393240690231323,0.6474321782588959,79.22528839111328,76.45491075515747,0.0,155.68023824691772
203,203,ppo,clip,gae,ALE/Qbert-v5,atari,0,1,1.0,20300000,100000,171,171,4,1,775.2923976608187,363.5633054595958,577.4327485380117,775.2923976608187,363.5633054595958,577.4327485380117,6.651878356933594e-10,-0.0003171705222129822,8524.541455273438,8218.245215703126,1.5653427584838868,9.905119694769383e-05,nan,nan,0.028849999997615814,nan,0.49736201763153076,0.5149746239185333,79.3757746219635,76.24511814117432,0.0,155.62092685699463
204,204,ppo,clip,gae,ALE/Qbert-v5,atari,0,1,1.0,20400000,100000,173,173,4,1,749.8554913294797,243.35826473164605,572.7225433526012,749.8554913294797,243.35826473164605,572.7225433526012,-3.9860233664512634e-09,-0.00026158441549167035,5062.998898867188,4829.20964921875,1.5613998316574096,8.820665242383257e-05,nan,nan,0.027600000013709068,nan,0.6036247909069061,0.6203531622886658,78.62356805801392,76.54740762710571,0.0,155.1710081100464
205,205,ppo,clip,gae,ALE/Qbert-v5,atari,0,1,1.0,20500000,100000,172,172,4,1,776.3081395348837,272.6546997258349,576.4244186046511,776.3081395348837,272.6546997258349,576.4244186046511,-2.341270446777344e-09,0.000521960473060608,5470.23513390625,5337.9841753125,1.5583682135391235,0.0003511444629076868,nan,nan,0.22455000009536744,nan,0.5872522294521332,0.5969087481498718,78.36498641967773,76.41888689994812,0.0,154.7839047908783
206,206,ppo,clip,gae,ALE/Qbert-v5,atari,0,1,1.0,20600000,100000,173,173,4,1,759.6820809248555,258.75600034315886,574.4335260115607,759.6820809248555,258.75600034315886,574.4335260115607,-5.834102630615234e-09,-0.00012334336519241333,4991.1632434375,4930.68296171875,1.5653761523056031,0.00016951924077700822,nan,nan,0.09423,nan,0.6118612289428711,0.6195311546325684,79.54785108566284,76.41700387001038,0.0,155.9648859500885
207,207,ppo,clip,gae,ALE/Qbert-v5,atari,0,1,1.0,20700000,100000,167,167,4,1,740.4191616766467,249.83132823359418,587.8083832335329,740.4191616766467,249.83132823359418,587.8083832335329,-2.6226043701171876e-11,-0.0001952179169654846,4820.607751796875,4554.69425609375,1.5623092050552367,0.0001085268395068124,nan,nan,0.04881000001549721,nan,0.6173315048217773,0.6305798888206482,78.37303924560547,76.47309803962708,0.0,154.84617686271667
208,208,ppo,clip,gae,ALE/Qbert-v5,atari,0,1,1.0,20800000,100000,171,171,4,1,754.9707602339181,247.71794531601014,578.0818713450292,754.9707602339181,247.71794531601014,578.0818713450292,-9.322166442871094e-09,-0.00022119994163513184,5177.13379625,4996.941144375,1.5662406589508056,0.00011761186903342604,nan,nan,0.05306999999284744,nan,0.5998109579086304,0.6073796153068542,79.26556420326233,76.35464310646057,0.0,155.62023973464966
209,209,ppo,clip,gae,ALE/Qbert-v5,atari,0,1,1.0,20900000,100000,161,161,4,1,792.7018633540373,384.7101004978935,608.4409937888199,792.7018633540373,384.7101004978935,608.4409937888199,6.74217939376831e-09,0.00018475731126964091,10061.0892471875,9879.523901484376,1.5642938032150269,0.00024047473439946771,nan,nan,0.1510600000500679,nan,0.3991377353668213,0.40865445137023926,79.43565964698792,76.3086805343628,0.0,155.74437427520752
210,210,ppo,clip,gae,ALE/Qbert-v5,atari,0,1,1.0,21000000,100000,169,169,4,1,726.9230769230769,231.61703241372817,585.0059171597633,726.9230769230769,231.61703241372817,585.0059171597633,-1.2840330600738526e-08,-0.00029089757204055786,4352.45581,4117.9356496875,1.570127940750122,6.775853357510642e-05,nan,nan,0.02613000004053116,nan,0.6342926621437073,0.6445923745632172,79.55233097076416,76.35504603385925,0.0,155.90740871429443
211,211,ppo,clip,gae,ALE/Qbert-v5,atari,0,1,1.0,21100000,100000,170,170,4,1,759.1176470588235,241.08660449110792,580.2529411764706,759.1176470588235,241.08660449110792,580.2529411764706,1.271367073059082e-09,3.873569667339325e-05,4388.75629140625,4243.262734765625,1.561157378883362,0.0001646495936345309,nan,nan,0.09600000007867814,nan,0.647039145231247,0.6572610437870026,80.19779539108276,76.73081374168396,0.0,156.92864727973938
212,212,ppo,clip,gae,ALE/Qbert-v5,atari,0,1,1.0,21200000,100000,169,169,4,1,800.0,406.24743968241904,586.4201183431952,800.0,406.24743968241904,586.4201183431952,-4.767179489135742e-09,-0.0002442952662706375,10652.9851896875,10270.329225078125,1.5656997268676758,0.00012590778802055866,nan,nan,0.06852000002145767,nan,0.4066314697265625,0.4230005741119385,80.10901045799255,76.72334432601929,0.0,156.83240723609924
213,213,ppo,clip,gae,ALE/Qbert-v5,atari,0,1,1.0,21300000,100000,170,170,4,1,778.5294117647059,262.09430670187464,581.3764705882353,778.5294117647059,262.09430670187464,581.3764705882353,-7.240772247314453e-09,-0.0002893281579017639,5214.76638828125,5000.54284484375,1.5632522114944458,4.582526955404319e-05,nan,nan,0.015490000011324882,nan,0.6154322028160095,0.6280252635478973,80.1176586151123,76.59353590011597,0.0,156.71123480796814
214,214,ppo,clip,gae,ALE/Qbert-v5,atari,0,1,1.0,21400000,100000,171,171,4,1,801.9005847953216,464.27178286239956,579.5087719298245,801.9005847953216,464.27178286239956,579.5087719298245,9.525567293167114e-11,-0.00021716580480337142,13889.335326367187,13167.799958085938,1.5540157917404174,5.965447152266279e-05,nan,nan,0.02550999999642372,nan,0.35006600618362427,0.3846896290779114,79.88897609710693,76.53894805908203,0.0,156.42797350883484
215,215,ppo,clip,gae,ALE/Qbert-v5,atari,0,1,1.0,21500000,100000,174,174,4,1,737.5,252.39869368662082,567.528735632184,737.5,252.39869368662082,567.528735632184,7.456839084625244e-09,-0.0003062994289398193,4892.70116203125,4573.72734046875,1.5637583053207398,4.249628691468388e-05,nan,nan,0.013010000002086162,nan,0.6208289861679077,0.6454095840454102,80.11951851844788,76.22410988807678,0.0,156.34366130828857
216,216,ppo,clip,gae,ALE/Qbert-v5,atari,0,1,1.0,21600000,100000,167,167,4,1,785.3293413173652,277.3814348448218,590.5089820359282,785.3293413173652,277.3814348448218,590.5089820359282,1.793205738067627e-09,-0.00029182345330715177,5227.7220778125,5046.55861984375,1.558278694381714,4.145708495518193e-05,nan,nan,0.011090000002384186,nan,0.6183695197105408,0.6299603879451752,79.76115989685059,76.4763355255127,0.0,156.23752808570862
217,217,ppo,clip,gae,ALE/Qbert-v5,atari,0,1,1.0,21700000,100000,167,167,4,1,758.8323353293413,226.27016475315628,590.8502994011976,758.8323353293413,226.27016475315628,590.8502994011976,-1.6021728515625e-09,-0.0002502674436569214,4719.073971875,4581.8313734375,1.5589579637527466,9.487786869984121e-05,nan,nan,0.05228999998092651,nan,0.6270771324634552,0.6369498074054718,79.77826881408691,76.31156373023987,0.0,156.08986473083496
218,218,ppo,clip,gae,ALE/Qbert-v5,atari,0,1,1.0,21800000,100000,166,166,4,1,815.0602409638554,264.53072108003386,595.9698795180723,815.0602409638554,264.53072108003386,595.9698795180723,1.6832351684570313e-09,-0.000347351770401001,5521.9965365625,5358.9833096875,1.5583369665527345,5.714529876364395e-05,nan,nan,0.018610000019073487,nan,0.6187616586685181,0.6267439126968384,79.5975923538208,76.37392210960388,0.0,155.97156047821045
219,219,ppo,clip,gae,ALE/Qbert-v5,atari,0,1,1.0,21900000,100000,170,170,4,1,831.3235294117648,423.38848247611276,580.7,831.3235294117648,423.38848247611276,580.7,-3.312528133392334e-09,-0.00030331001549959184,13872.550764375,13291.01748796875,1.5616357177734375,7.186577217187732e-05,nan,nan,0.035089999985694884,nan,0.3695265054702759,0.39501476287841797,79.41680765151978,76.38366556167603,0.0,155.80052161216736
220,220,ppo,clip,gae,ALE/Qbert-v5,atari,0,1,1.0,22000000,100000,172,172,4,1,748.6918604651163,243.4052352321107,572.3662790697674,748.6918604651163,243.4052352321107,572.3662790697674,5.316734313964844e-09,3.1563699245452884e-05,4800.114344140625,4265.5427665625,1.557055005531311,0.00014657534984871746,nan,nan,0.08886000001192093,nan,0.6427461206912994,0.665336936712265,78.8423752784729,76.33643198013306,0.0,155.17883920669556
221,221,ppo,clip,gae,ALE/Qbert-v5,atari,0,1,1.0,22100000,100000,166,166,4,1,804.066265060241,264.20921190816676,594.7048192771084,804.066265060241,264.20921190816676,594.7048192771084,1.4829635620117187e-09,-0.00010601467132568359,5737.08391203125,5523.7394125,1.5510086933898926,0.00011482347337529063,nan,nan,0.07932000006198883,nan,0.5995780527591705,0.6096809506416321,78.95541858673096,76.08563780784607,0.0,155.0410876274109
222,222,ppo,clip,gae,ALE/Qbert-v5,atari,0,1,1.0,22200000,100000,176,176,4,1,719.3181818181819,220.7209028210712,560.0681818181819,719.3181818181819,220.7209028210712,560.0681818181819,1.2564659118652343e-08,-0.0003031455612182617,3873.06116546875,3674.02595078125,1.5532709105682374,6.558779690181836e-05,nan,nan,0.029920000034570696,nan,0.6914930641651154,0.6988947093486786,78.47679352760315,76.4783456325531,0.0,154.95518589019775
223,223,ppo,clip,gae,ALE/Qbert-v5,atari,0,1,1.0,22300000,100000,166,166,4,1,823.4939759036145,472.29491943865514,593.7710843373494,823.4939759036145,472.29491943865514,593.7710843373494,-1.2981891632080079e-09,-0.0003129668593406677,14315.986170507813,13393.080896015625,1.5574723274993896,4.294484977028333e-05,nan,nan,0.01922000000476837,nan,0.3534284830093384,0.3814542889595032,78.795077085495,76.55774331092834,0.0,155.35285186767578
224,224,ppo,clip,gae,ALE/Qbert-v5,atari,0,1,1.0,22400000,100000,168,168,4,1,758.7797619047619,233.29835857594242,584.9880952380952,758.7797619047619,233.29835857594242,584.9880952380952,-3.214776515960693e-09,-0.00031337090849876406,4751.215691015625,4282.121432695312,1.5552399740219116,3.736066668643616e-05,nan,nan,0.017309999995827673,nan,0.6295717358589172,0.6625632047653198,78.94727563858032,76.29238700866699,0.0,155.2396957874298
225,225,ppo,clip,gae,ALE/Qbert-v5,atari,0,1,1.0,22500000,100000,167,167,4,1,800.2994011976048,269.7163627719809,588.2934131736527,800.2994011976048,269.7163627719809,588.2934131736527,4.203319549560547e-09,-0.00010805375814437866,5344.2195303125,5225.591634375,1.5612769414520264,6.887420071754605e-05,nan,nan,0.04317000002026558,nan,0.6317179799079895,0.6382833123207092,78.817706823349,76.3666923046112,0.0029282569885253906,155.1873722076416
226,226,ppo,clip,gae,ALE/Qbert-v5,atari,0,1,1.0,22600000,100000,168,168,4,1,746.875,235.4104113159662,591.5892857142857,746.875,235.4104113159662,591.5892857142857,-4.693269729614258e-09,0.0002189392864704132,4478.077283828125,4331.315279296875,1.5573297214126587,0.00015162562697194516,nan,nan,0.12603999992847442,nan,0.6481568813323975,0.6565403342247009,78.5671374797821,76.32008004188538,0.0,154.88726091384888
227,227,ppo,clip,gae,ALE/Qbert-v5,atari,0,1,1.0,22700000,100000,168,168,4,1,763.6904761904761,345.4940553616653,582.3690476190476,763.6904761904761,345.4940553616653,582.3690476190476,-3.2901763916015624e-09,-0.00024198716700077057,9049.877792578125,8773.062211796874,1.5547390060424804,6.890468231053091e-05,nan,nan,0.057430000034570695,nan,0.44728362560272217,0.4643709063529968,79.35315942764282,76.37424278259277,0.0,155.72743225097656
228,228,ppo,clip,gae,ALE/Qbert-v5,atari,0,1,1.0,22800000,100000,166,166,4,1,772.8915662650602,263.0825383355286,591.2831325301205,772.8915662650602,263.0825383355286,591.2831325301205,7.357597351074218e-09,-0.0001097452974319458,5254.0241165625,5086.4876575,1.551813257598877,7.010019368259237e-05,nan,nan,0.05819000004768372,nan,0.6030367910861969,0.6154985725879669,79.41281175613403,75.87642979621887,0.0,155.2892723083496
229,229,ppo,clip,gae,ALE/Qbert-v5,atari,0,1,1.0,22900000,100000,171,171,4,1,755.5555555555555,243.44892979124845,575.578947368421,755.5555555555555,243.44892979124845,575.578947368421,-2.605170011520386e-09,-3.1027941554784775e-05,4808.239815820312,4610.337933242187,1.5551128416061402,0.00011357781794853509,nan,nan,0.12552000003576277,nan,0.6345512270927429,0.649743378162384,79.91883826255798,76.25035190582275,0.0,156.1692373752594
230,230,ppo,clip,gae,ALE/Qbert-v5,atari,0,1,1.0,23000000,100000,167,167,4,1,802.3952095808384,402.21350063966315,596.0179640718563,802.3952095808384,402.21350063966315,596.0179640718563,7.157325744628907e-09,-7.711123704910279e-05,9596.553354609376,9401.3088153125,1.5520921877670288,8.603643133537844e-05,nan,nan,0.07819999999284745,nan,0.4391341209411621,0.44849133491516113,79.70793414115906,76.44604969024658,0.0,156.15402817726135
231,231,ppo,clip,gae,ALE/Qbert-v5,atari,0,1,1.0,23100000,100000,172,172,4,1,742.8779069767442,243.08040630726074,574.3837209302326,742.8779069767442,243.08040630726074,574.3837209302326,3.7384033203125e-09,0.00010415205001831055,4574.362393125,4354.2589940625,1.5569769452667237,0.00012573992802994327,nan,nan,0.12965000009536742,nan,0.6489545106887817,0.6561398506164551,79.67705774307251,76.30208110809326,0.0,155.97917222976685
232,232,ppo,clip,gae,ALE/Qbert-v5,atari,0,1,1.0,23200000,100000,169,169,4,1,765.5325443786983,242.33640942168793,584.8343195266273,765.5325443786983,242.33640942168793,584.8343195266273,-4.243850708007812e-10,-0.000266889910697937,4915.01225015625,4739.631775507813,1.5526413800430299,2.717188244801946e-05,nan,nan,0.014729999998211861,nan,0.6305062472820282,0.6432346701622009,79.72848987579346,76.34192848205566,0.0,156.07045769691467
233,233,ppo,clip,gae,ALE/Qbert-v5,atari,0,1,1.0,23300000,100000,165,165,4,1,837.8787878787879,559.3733375503047,596.1515151515151,837.8787878787879,559.3733375503047,596.1515151515151,6.515979766845703e-09,-0.00022148523688316345,18872.1776040625,16884.44677203125,1.5525323823928834,4.6382523404899985e-05,nan,nan,0.03981999999940395,nan,0.2747318744659424,0.3456416726112366,78.70876264572144,76.45045471191406,0.0,155.15924835205078
234,234,ppo,clip,gae,ALE/Qbert-v5,atari,0,1,1.0,23400000,100000,165,165,4,1,784.3939393939394,239.6233078401155,591.8060606060606,784.3939393939394,239.6233078401155,591.8060606060606,5.364418029785156e-09,-8.871586322784423e-05,5713.465196054687,4936.547233828125,1.5565467640304564,5.531897993874736e-05,nan,nan,0.055159999980926515,nan,0.5779289305210114,0.6343293190002441,79.04234194755554,76.33958029747009,0.0,155.3819568157196
235,235,ppo,clip,gae,ALE/Qbert-v5,atari,0,1,1.0,23500000,100000,164,164,4,1,834.7560975609756,383.158330674486,599.7073170731708,834.7560975609756,383.158330674486,599.7073170731708,3.794431686401367e-09,-0.00021724673748016357,10337.80370375,9941.50548359375,1.5510991356658936,3.6847289291908965e-05,nan,nan,0.02879999999821186,nan,0.41889411211013794,0.44054800271987915,79.34086441993713,76.26053404808044,0.0,155.60143208503723
236,236,ppo,clip,gae,ALE/Qbert-v5,atari,0,1,1.0,23600000,100000,170,170,4,1,790.4411764705883,380.6348559953698,581.4823529411765,790.4411764705883,380.6348559953698,581.4823529411765,-4.816055297851563e-10,9.312201142311096e-06,9323.01917515625,9159.167715117188,1.5522561908340453,8.000915153417736e-05,nan,nan,0.1091300000333786,nan,0.4693901538848877,0.4783468246459961,78.85932111740112,76.53114199638367,0.0,155.39049649238586
237,237,ppo,clip,gae,ALE/Qbert-v5,atari,0,1,1.0,23700000,100000,173,173,4,1,734.971098265896,234.84006186342918,570.028901734104,734.971098265896,234.84006186342918,570.028901734104,8.35418701171875e-09,-0.0001973754644393921,4477.8326,4279.874969140625,1.5529312999725342,2.5679802376544102e-05,nan,nan,0.020400000005960463,nan,0.6521468162536621,0.664802759885788,79.01981115341187,76.58860230445862,0.0,155.6084442138672
238,238,ppo,clip,gae,ALE/Qbert-v5,atari,0,1,1.0,23800000,100000,170,170,4,1,740.2941176470588,274.4672410980701,580.8529411764706,740.2941176470588,274.4672410980701,580.8529411764706,-3.867149353027343e-09,5.5659356117248534e-05,4912.985931171875,4803.338155,1.5549528908157348,9.308851905399934e-05,nan,nan,0.11225000004768372,nan,0.6104694902896881,0.6176067888736725,80.16777849197388,76.50700783729553,0.0,156.67482089996338
239,239,ppo,clip,gae,ALE/Qbert-v5,atari,0,1,1.0,23900000,100000,164,164,4,1,800.3048780487804,400.98951354892637,602.2073170731708,800.3048780487804,400.98951354892637,602.2073170731708,-9.167194366455078e-10,-7.40463650226593e-05,9815.932683671876,9444.600649765625,1.562266117744446,7.014922747155652e-05,nan,nan,0.07480999995708465,nan,0.4295536279678345,0.4483625888824463,79.76297903060913,76.27649641036987,0.0,156.0395085811615
240,240,ppo,clip,gae,ALE/Qbert-v5,atari,0,1,1.0,24000000,100000,168,168,4,1,798.6607142857143,376.319691067587,590.2321428571429,798.6607142857143,376.319691067587,590.2321428571429,1.964569091796875e-09,-0.00015753157138824464,9463.63493078125,9239.1933990625,1.5505600569152833,5.4137116060592235e-05,nan,nan,0.06347000001192094,nan,0.4358441233634949,0.4501878023147583,79.09759473800659,76.23924160003662,0.0,155.3368799686432
241,241,ppo,clip,gae,ALE/Qbert-v5,atari,0,1,1.0,24100000,100000,168,168,4,1,755.8035714285714,235.264751041211,589.0357142857143,755.8035714285714,235.264751041211,589.0357142857143,-1.672506332397461e-09,-0.00011709342479705811,4491.497408476563,4271.775518203125,1.5610011415100098,5.082876477972604e-05,nan,nan,0.06362999999284744,nan,0.6551758944988251,0.6725746095180511,78.7548553943634,76.27252054214478,0.0,155.02740693092346
242,242,ppo,clip,gae,ALE/Qbert-v5,atari,0,1,1.0,24200000,100000,165,165,4,1,784.5454545454545,265.23963903553795,602.060606060606,784.5454545454545,265.23963903553795,602.060606060606,1.5163421630859375e-09,-2.2420883178710937e-06,5431.365345,5312.5467234375,1.5540781985473633,7.281141064595431e-05,nan,nan,0.08249000006198882,nan,0.5959936678409576,0.6045555174350739,78.50718998908997,75.93518090248108,0.0,154.44240474700928
243,243,ppo,clip,gae,ALE/Qbert-v5,atari,0,1,1.0,24300000,100000,168,168,4,1,752.0833333333334,225.45286215871278,583.8928571428571,752.0833333333334,225.45286215871278,583.8928571428571,-1.94549560546875e-09,-0.00019178775787353515,4494.6231346875,4344.195179765625,1.5519348670959472,2.1872442329186015e-05,nan,nan,0.025139999985694887,nan,0.6349270343780518,0.6438650190830231,79.64242243766785,76.10655450820923,0.0,155.7490177154541
244,244,ppo,clip,gae,ALE/Qbert-v5,atari,0,1,1.0,24400000,100000,170,170,4,1,782.6470588235294,356.5567261487823,581.2882352941176,782.6470588235294,356.5567261487823,581.2882352941176,3.349781036376953e-09,1.585573434829712e-05,9483.659191796874,9246.36759421875,1.550529008216858,9.041043548844755e-05,nan,nan,0.1462400001001358,nan,0.47290921211242676,0.48373305797576904,79.11802768707275,76.48144364356995,0.0,155.59951329231262
245,245,ppo,clip,gae,ALE/Qbert-v5,atari,0,1,1.0,24500000,100000,164,164,4,1,793.140243902439,254.53697530037255,604.9146341463414,793.140243902439,254.53697530037255,604.9146341463414,-7.510185241699219e-10,-0.00012439196586608886,5042.05605390625,4899.563824492187,1.5554584968185425,5.1673919619061055e-05,nan,nan,0.06997999997377395,nan,0.6228335499763489,0.6331526339054108,79.42723655700684,76.45040345191956,0.0,155.87768054008484
246,246,ppo,clip,gae,ALE/Qbert-v5,atari,0,1,1.0,24600000,100000,164,164,4,1,814.1768292682926,255.92269545408246,600.7439024390244,814.1768292682926,255.92269545408246,600.7439024390244,-3.0851364135742188e-09,0.0002699377775192261,5376.317926875,5275.131884453125,1.5472478544235229,0.00012954316835384817,nan,nan,0.2777100000095367,nan,0.6182649731636047,0.62518310546875,79.7844033241272,76.25780367851257,0.0,156.0422601699829
247,247,ppo,clip,gae,ALE/Qbert-v5,atari,0,1,1.0,24700000,100000,167,167,4,1,786.5269461077844,228.65050113462874,592.0898203592815,786.5269461077844,228.65050113462874,592.0898203592815,8.046627044677734e-10,-0.00015517098546028138,4694.124674375,4507.76600046875,1.55138755317688,2.3413060005404987e-05,nan,nan,0.028650000005960463,nan,0.6409450471401215,0.6522439122200012,79.90309810638428,76.18067979812622,0.0,156.08380913734436
248,248,ppo,clip,gae,ALE/Qbert-v5,atari,0,1,1.0,24800000,100000,167,167,4,1,788.1736526946107,272.9141687370523,594.9041916167664,788.1736526946107,272.9141687370523,594.9041916167664,-8.065700531005859e-09,-0.0001761426258087158,5406.786351875,5301.486125390625,1.5513238716888427,2.1404235669760966e-05,nan,nan,0.01768000000476837,nan,0.6015704572200775,0.6089099049568176,79.81355476379395,76.35575675964355,0.0,156.16935324668884
249,249,ppo,clip,gae,ALE/Qbert-v5,atari,0,1,1.0,24900000,100000,173,173,4,1,760.2601156069364,222.76394742082226,570.4104046242775,760.2601156069364,222.76394742082226,570.4104046242775,-6.198883056640625e-10,-9.93684697151184e-05,4341.110529804688,4156.504444570312,1.5470471741485596,2.8201507033081726e-05,nan,nan,0.05100000001072884,nan,0.6695528626441956,0.6837358474731445,79.63706374168396,76.39047694206238,0.0,156.02757334709167
250,250,ppo,clip,gae,ALE/Qbert-v5,atari,0,1,1.0,25000000,100000,165,165,4,1,773.939393939394,243.21631965204807,599.5151515151515,773.939393939394,243.21631965204807,599.5151515151515,-2.408027648925781e-09,-0.0001908756113052368,4787.402221328125,4704.294991328125,1.5510620959472656,1.8503493973985314e-05,nan,nan,0.022219999994635583,nan,0.6428435444831848,0.6486466228961945,79.685702085495,76.24342346191406,0.002804279327392578,155.93198609352112
251,251,ppo,clip,gae,ALE/Qbert-v5,atari,0,1,1.0,25100000,100000,170,170,4,1,760.5882352941177,270.6440159896454,579.7176470588236,760.5882352941177,270.6440159896454,579.7176470588236,5.617141723632813e-09,-2.417004108428955e-05,5165.986114296875,5117.423259375,1.5497558792114259,5.399304838734679e-05,nan,nan,0.10964999996662139,nan,0.6154579520225525,0.6193664968013763,79.24774217605591,76.33321356773376,0.0,155.58098554611206
252,252,ppo,clip,gae,ALE/Qbert-v5,atari,0,1,1.0,25200000,100000,169,169,4,1,786.3905325443787,257.1745455767654,589.8816568047338,786.3905325443787,257.1745455767654,589.8816568047338,2.3174285888671874e-09,-9.635926246643066e-05,4586.27379921875,4368.370756640625,1.555553600730896,3.2400769934174604e-05,nan,nan,0.06062999999046326,nan,0.671253889799118,0.685886412858963,79.4911961555481,76.46766805648804,0.0,155.95890522003174
253,253,ppo,clip,gae,ALE/Qbert-v5,atari,0,1,1.0,25300000,100000,170,170,4,1,772.9411764705883,374.7884062787546,578.3,772.9411764705883,374.7884062787546,578.3,1.0085105895996094e-09,-3.324333429336548e-05,9063.13462515625,8806.653520625,1.548925920829773,2.8770309688989074e-05,nan,nan,0.05728999999761582,nan,0.46400660276412964,0.48023927211761475,79.00649642944336,76.45308780670166,0.0,155.45961833000183
254,254,ppo,clip,gae,ALE/Qbert-v5,atari,0,1,1.0,25400000,100000,165,165,4,1,789.2424242424242,245.46221462018192,598.8363636363637,789.2424242424242,245.46221462018192,598.8363636363637,-3.3211708068847655e-09,-0.00012652352809906005,4986.413704921875,4796.17534328125,1.5560821934890747,1.3186456380353775e-05,nan,nan,0.020500000001937153,nan,0.6208501160144806,0.6336064338684082,78.34751534461975,76.30618405342102,0.0,154.65373182296753
255,255,ppo,clip,gae,ALE/Qbert-v5,atari,0,1,1.0,25500000,100000,172,172,4,1,763.2267441860465,235.08452409887602,573.4360465116279,763.2267441860465,235.08452409887602,573.4360465116279,-9.887218475341797e-09,-2.1262006759643556e-05,5221.11804,5090.88369765625,1.5478475737380981,4.6331304850755256e-05,nan,nan,0.1064499999833107,nan,0.6107482016086578,0.6201077401638031,79.85097932815552,76.10990047454834,0.0,155.9609124660492
256,256,ppo,clip,gae,ALE/Qbert-v5,atari,0,1,1.0,25600000,100000,165,165,4,1,806.060606060606,353.2334569584034,597.8545454545455,806.060606060606,353.2334569584034,597.8545454545455,1.6045570373535156e-09,0.00028566495180130003,9667.756610625,9384.48217984375,1.5469341660690308,8.875248434487731e-05,nan,nan,0.23290000007629394,nan,0.4516640305519104,0.46677738428115845,79.57960677146912,75.89038848876953,0.0,155.4700276851654
257,257,ppo,clip,gae,ALE/Qbert-v5,atari,0,1,1.0,25700000,100000,167,167,4,1,831.437125748503,473.34619181346915,596.7724550898204,831.437125748503,473.34619181346915,596.7724550898204,-9.29124653339386e-09,-7.220361605286599e-05,14158.3522546875,13836.167644375,1.552369218711853,3.722189600230194e-05,nan,nan,0.09287000007867813,nan,0.35852551460266113,0.3730572462081909,79.69265937805176,76.22878813743591,0.0,155.92147946357727
258,258,ppo,clip,gae,ALE/Qbert-v5,atari,0,1,1.0,25800000,100000,166,166,4,1,821.5361445783133,418.6350689833881,594.8192771084338,821.5361445783133,418.6350689833881,594.8192771084338,5.829334259033203e-10,1.8726084232330322e-05,13270.17744921875,13156.67383078125,1.554407692680359,4.2009693619329484e-05,nan,nan,0.11591000005006791,nan,0.38127148151397705,0.38686805963516235,80.19994926452637,76.32189178466797,0.0,156.5218744277954
259,259,ppo,clip,gae,ALE/Qbert-v5,atari,0,1,1.0,25900000,100000,169,169,4,1,806.0650887573964,340.37403967945914,583.3431952662722,806.0650887573964,340.37403967945914,583.3431952662722,5.602836608886719e-10,-0.00015923838138580322,8914.5733928125,8818.39619921875,1.5539086971282958,9.00223116070265e-06,nan,nan,0.011469999994635582,nan,0.48746079206466675,0.4925519824028015,79.50651431083679,76.65245246887207,0.0,156.15900659561157
260,260,ppo,clip,gae,ALE/Qbert-v5,atari,0,1,1.0,26000000,100000,166,166,4,1,818.5240963855422,478.2382541501853,593.7530120481928,818.5240963855422,478.2382541501853,593.7530120481928,-9.145736694335937e-09,-0.00010894716262817383,13719.0086990625,13501.757234375,1.5502359262084962,1.8507953154912685e-05,nan,nan,0.04732999998927116,nan,0.3693839907646179,0.37982165813446045,79.59327173233032,76.26352190971375,0.0,155.85682845115662
261,261,ppo,clip,gae,ALE/Qbert-v5,atari,0,1,1.0,26100000,100000,163,163,4,1,775.7668711656441,228.53265115692247,598.7668711656441,775.7668711656441,228.53265115692247,598.7668711656441,-7.419586181640625e-09,-9.584874629974365e-05,4798.75128515625,4414.070455,1.5508199424743652,1.7108562337816692e-05,nan,nan,0.05382000003814697,nan,0.636124461889267,0.6579493284225464,79.5967230796814,76.16958999633789,0.0,155.76634454727173
262,262,ppo,clip,gae,ALE/Qbert-v5,atari,0,1,1.0,26200000,100000,166,166,4,1,757.9819277108434,230.50558556051777,594.1626506024096,757.9819277108434,230.50558556051777,594.1626506024096,-1.728534698486328e-11,-0.00013931509017944336,4452.75964390625,4320.079314453125,1.5579103664398193,9.25375671882648e-06,nan,nan,0.017160000011324884,nan,0.6521872878074646,0.6604361236095428,78.80065751075745,76.1321656703949,0.0,154.93286323547363
263,263,ppo,clip,gae,ALE/Qbert-v5,atari,0,1,1.0,26300000,100000,168,168,4,1,765.922619047619,236.15574453918092,589.0535714285714,765.922619047619,236.15574453918092,589.0535714285714,-8.039474487304687e-09,-4.4909987449645996e-05,5005.73817,4940.08957515625,1.5489421633148193,1.5802478415425865e-05,nan,nan,0.05074000000834465,nan,0.6184160709381104,0.623385101556778,79.66766381263733,76.10579800605774,0.0,155.77349376678467
264,264,ppo,clip,gae,ALE/Qbert-v5,atari,0,1,1.0,26400000,100000,170,170,4,1,771.4705882352941,356.2189706027755,577.5588235294117,771.4705882352941,356.2189706027755,577.5588235294117,2.481937408447266e-09,-3.942219257354736e-05,9042.5580303125,8833.4484546875,1.5467787070083618,2.2856362370075657e-05,nan,nan,0.09486999998092652,nan,0.4555727243423462,0.46750229597091675,79.33362579345703,76.3529052734375,0.0,155.68656301498413
265,265,ppo,clip,gae,ALE/Qbert-v5,atari,0,1,1.0,26500000,100000,164,164,4,1,779.2682926829268,259.36146021224226,602.4817073170732,779.2682926829268,259.36146021224226,602.4817073170732,-2.2649765014648437e-09,-6.136329174041748e-05,4975.7425846875,4728.5746678125,1.55159791557312,1.7643784407991916e-05,nan,nan,0.05586000002145767,nan,0.635496973991394,0.6539228558540344,78.85162138938904,76.27430057525635,0.0,155.1259536743164
266,266,ppo,clip,gae,ALE/Qbert-v5,atari,0,1,1.0,26600000,100000,164,164,4,1,808.9939024390244,250.28774896085687,600.7987804878048,808.9939024390244,250.28774896085687,600.7987804878048,1.0323524475097655e-09,-0.00010638030052185059,4965.555171171875,4867.53167203125,1.5503409192276,1.4060832720715552e-05,nan,nan,0.05276000003695488,nan,0.6416930258274078,0.6466686725616455,79.68140864372253,76.46632289886475,0.0,156.14776372909546
267,267,ppo,clip,gae,ALE/Qbert-v5,atari,0,1,1.0,26700000,100000,165,165,4,1,801.8181818181819,265.0123444289426,599.7272727272727,801.8181818181819,265.0123444289426,599.7272727272727,-7.152557373046874e-11,-6.608204841613769e-06,5353.49506671875,5268.430717421875,1.5497415727233887,2.3040676089003683e-05,nan,nan,0.1120899999833107,nan,0.6016136407852173,0.6078629493713379,79.9555766582489,76.47255086898804,0.0,156.42817330360413
268,268,ppo,clip,gae,ALE/Qbert-v5,atari,0,1,1.0,26800000,100000,166,166,4,1,804.2168674698795,390.3836404147083,593.4879518072289,804.2168674698795,390.3836404147083,593.4879518072289,4.292726516723633e-09,-8.93007242679596e-05,9719.8764040625,9519.8399715625,1.5509265263366698,1.1187822004139889e-05,nan,nan,0.04380000002264976,nan,0.4521121382713318,0.46334952116012573,79.94854760169983,76.1978349685669,0.0,156.14641404151917
269,269,ppo,clip,gae,ALE/Qbert-v5,atari,0,1,1.0,26900000,100000,168,168,4,1,779.9107142857143,257.8133052450834,591.3392857142857,779.9107142857143,257.8133052450834,591.3392857142857,-1.5497207641601562e-09,-6.943564891815185e-05,5163.434465,5062.760327734375,1.5477877547836303,1.5842273999005558e-05,nan,nan,0.06468000004529953,nan,0.6169368028640747,0.624016284942627,79.57847738265991,76.24886560440063,0.0,155.82737374305725
270,270,ppo,clip,gae,ALE/Qbert-v5,atari,0,1,1.0,27000000,100000,166,166,4,1,767.9216867469879,251.55909006582377,591.9759036144578,767.9216867469879,251.55909006582377,591.9759036144578,-1.9693374633789062e-09,-9.722840070724488e-05,5236.11428421875,5148.056155625,1.5534053817367555,8.653089567669667e-06,nan,nan,0.03400000004529953,nan,0.5988708138465881,0.6056836247444153,78.98726153373718,76.509685754776,0.0,155.49697875976562
271,271,ppo,clip,gae,ALE/Qbert-v5,atari,0,1,1.0,27100000,100000,166,166,4,1,776.2048192771084,277.60007460834316,595.2469879518072,776.2048192771084,277.60007460834316,595.2469879518072,-8.628368377685547e-09,6.106457710266113e-05,5239.1315746875,5190.05215390625,1.5481546814346314,2.832854098523967e-05,nan,nan,0.18005999997138977,nan,0.6075454354286194,0.6112859547138214,78.97523546218872,76.42493009567261,0.0,155.4002079963684
272,272,ppo,clip,gae,ALE/Qbert-v5,atari,0,1,1.0,27200000,100000,165,165,4,1,825.4545454545455,338.7417977009065,603.1090909090909,825.4545454545455,338.7417977009065,603.1090909090909,-6.055831909179687e-09,-0.00013909341335296632,9195.52260078125,9028.6456240625,1.5505831067276001,6.62613556269207e-06,nan,nan,0.02015000000476837,nan,0.48947644233703613,0.497430682182312,79.03038215637207,76.41291117668152,0.0,155.44332551956177
273,273,ppo,clip,gae,ALE/Qbert-v5,atari,0,1,1.0,27300000,100000,165,165,4,1,823.7878787878788,466.5054325953289,596.1696969696969,823.7878787878788,466.5054325953289,596.1696969696969,9.822845458984376e-10,-9.124559879302978e-05,14225.3788175,14022.1005278125,1.5494546732330323,7.895361570408567e-06,nan,nan,0.04126000002503395,nan,0.3216647505760193,0.33172816038131714,78.90243864059448,76.41213893890381,0.0,155.31460976600647
274,274,ppo,clip,gae,ALE/Qbert-v5,atari,0,1,1.0,27400000,100000,161,161,4,1,791.6149068322982,261.222402616464,609.5093167701864,791.6149068322982,261.222402616464,609.5093167701864,8.058547973632813e-10,7.971200942993163e-06,5254.9915590625,5017.11721140625,1.5530281555175782,1.702920127019752e-05,nan,nan,0.11930000001907348,nan,0.6105461418628693,0.6283509433269501,79.10895371437073,75.915536403656,0.0,155.02452087402344
275,275,ppo,clip,gae,ALE/Qbert-v5,atari,0,1,1.0,27500000,100000,167,167,4,1,808.3832335329341,383.028926481122,590.6826347305389,808.3832335329341,383.028926481122,590.6826347305389,2.384185791015625e-11,-0.00010447640657424926,9531.0573309375,9319.900985625,1.5464261669921875,6.357690988952527e-06,nan,nan,0.031460000003278255,nan,0.4574087858200073,0.46805715560913086,79.63952445983887,76.27896451950073,0.002763032913208008,155.92128562927246
276,276,ppo,clip,gae,ALE/Qbert-v5,atari,0,1,1.0,27600000,100000,168,168,4,1,770.8333333333334,242.2867660111195,583.4464285714286,770.8333333333334,242.2867660111195,583.4464285714286,-4.5311450958251956e-09,-1.1268272399902344e-05,4910.854524726563,4810.784838085938,1.552547614364624,1.01108212483814e-05,nan,nan,0.08210000008106232,nan,0.6296361982822418,0.636918306350708,78.71565794944763,76.22107577323914,0.0,154.93676662445068
277,277,ppo,clip,gae,ALE/Qbert-v5,atari,0,1,1.0,27700000,100000,164,164,4,1,757.1646341463414,229.02506193244187,600.1585365853658,757.1646341463414,229.02506193244187,600.1585365853658,-3.528594970703125e-10,-7.791112899780274e-05,4885.209224375,4780.232361875,1.5597009084320068,4.359801280807005e-06,nan,nan,0.031330000005960465,nan,0.6258322596549988,0.6338784396648407,78.5584716796875,75.92292761802673,0.0,154.4814305305481
278,278,ppo,clip,gae,ALE/Qbert-v5,atari,0,1,1.0,27800000,100000,165,165,4,1,763.4848484848485,234.4480457032388,598.1090909090909,763.4848484848485,234.4480457032388,598.1090909090909,-1.850128173828125e-09,-5.0139726400375366e-05,4381.335161914062,4329.4505698828125,1.5516294165802003,8.168726233125198e-06,nan,nan,0.06353000009059906,nan,0.6613960862159729,0.6656603813171387,79.30678200721741,76.02861475944519,0.0,155.33545017242432
279,279,ppo,clip,gae,ALE/Qbert-v5,atari,0,1,1.0,27900000,100000,164,164,4,1,805.1829268292682,244.34886735321595,600.7378048780488,805.1829268292682,244.34886735321595,600.7378048780488,-8.106231689453125e-10,3.227362632751465e-05,5222.75877125,5140.2176103125,1.5485632569503784,1.1252206014760305e-05,nan,nan,0.12601000012874602,nan,0.6321770548820496,0.6360489130020142,79.70653796195984,76.17075896263123,0.0,155.87732768058777
280,280,ppo,clip,gae,ALE/Qbert-v5,atari,0,1,1.0,28000000,100000,168,168,4,1,799.5535714285714,250.4084938590716,588.7440476190476,799.5535714285714,250.4084938590716,588.7440476190476,-3.687143325805664e-09,-7.117375731468201e-05,5600.64912015625,5472.69026859375,1.5490406874084472,3.6676549194089603e-06,nan,nan,0.031740000009536744,nan,0.5933049023151398,0.6025893688201904,78.47153806686401,76.12422466278076,0.0,154.5958023071289
281,281,ppo,clip,gae,ALE/Qbert-v5,atari,0,1,1.0,28100000,100000,162,162,4,1,802.9320987654321,400.6590423651119,606.8024691358024,802.9320987654321,400.6590423651119,606.8024691358024,-3.342628479003906e-09,-6.17132568359375e-05,9488.86231984375,9323.2279803125,1.5501668549728393,3.0045242992491695e-06,nan,nan,0.027639999989271163,nan,0.4592427611351013,0.46873265504837036,79.1909921169281,76.0838451385498,0.0,155.2748682498932
282,282,ppo,clip,gae,ALE/Qbert-v5,atari,0,1,1.0,28200000,100000,164,164,4,1,796.6463414634146,286.091784348976,603.4939024390244,796.6463414634146,286.091784348976,603.4939024390244,9.775161743164063e-10,-3.7290408611297606e-05,5796.098536015625,5693.940885859375,1.5495998138809204,3.6167088012734892e-06,nan,nan,0.0457200000333786,nan,0.579999715089798,0.5875064134597778,78.64873194694519,75.9800922870636,0.0,154.6288537979126
283,283,ppo,clip,gae,ALE/Qbert-v5,atari,0,1,1.0,28300000,100000,167,167,4,1,788.622754491018,461.1290701771822,591.7365269461078,788.622754491018,461.1290701771822,591.7365269461078,1.9526481628417967e-09,-7.20800256729126e-05,13462.614199609376,13179.848579921874,1.548223469657898,2.4867296700540463e-06,nan,nan,0.018029999984502793,nan,0.34362512826919556,0.35705655813217163,78.93431162834167,76.22518587112427,0.0,155.15952968597412
284,284,ppo,clip,gae,ALE/Qbert-v5,atari,0,1,1.0,28400000,100000,168,168,4,1,744.3452380952381,230.51608734520747,587.0535714285714,744.3452380952381,230.51608734520747,587.0535714285714,-1.0442733764648438e-09,-1.7366435527801513e-05,4427.4029903125,4186.15451015625,1.5520879098129272,4.348301702702884e-06,nan,nan,0.06897999998569489,nan,0.6377227008342743,0.6527491807937622,79.06760859489441,76.2280764579773,0.0,155.29572677612305
285,285,ppo,clip,gae,ALE/Qbert-v5,atari,0,1,1.0,28500000,100000,162,162,4,1,794.9074074074074,261.880351662941,609.9814814814815,794.9074074074074,261.880351662941,609.9814814814815,7.188320159912109e-09,-5.322922706604004e-05,5031.98005109375,4957.73238828125,1.5476082619094849,1.1468031079493813e-06,nan,nan,0.011759999995231628,nan,0.6176897883415222,0.621951162815094,78.89830136299133,76.281986951828,0.0,155.18032550811768
286,286,ppo,clip,gae,ALE/Qbert-v5,atari,0,1,1.0,28600000,100000,168,168,4,1,756.3988095238095,245.63142975665198,588.6904761904761,756.3988095238095,245.63142975665198,588.6904761904761,6.299018859863281e-09,-4.1406412124633786e-05,4630.402855,4560.52833984375,1.547952279777527,1.8341322660489823e-06,nan,nan,0.038909999992847444,nan,0.632599264383316,0.6369437277317047,78.87483859062195,75.8880090713501,0.0,154.76287937164307
287,287,ppo,clip,gae,ALE/Qbert-v5,atari,0,1,1.0,28700000,100000,168,168,4,1,793.1547619047619,259.74607536553935,590.1071428571429,793.1547619047619,259.74607536553935,590.1071428571429,-4.2486190795898435e-09,-3.661242961883545e-05,5174.78112265625,5093.98391359375,1.5489049701690674,2.7906779015029313e-06,nan,nan,0.07325000001907349,nan,0.628569096326828,0.6325603425502777,78.87528681755066,76.24851942062378,0.0,155.12383770942688
288,288,ppo,clip,gae,ALE/Qbert-v5,atari,0,1,1.0,28800000,100000,165,165,4,1,783.4848484848485,355.02344107090386,596.8181818181819,783.4848484848485,355.02344107090386,596.8181818181819,-2.217292785644531e-09,-2.213064193725586e-05,8955.6988709375,8823.50487109375,1.54693830078125,2.01323741574015e-06,nan,nan,0.057500000020265576,nan,0.4562140703201294,0.46411484479904175,78.7768304347992,76.24210166931152,0.0,155.0189619064331
289,289,ppo,clip,gae,ALE/Qbert-v5,atari,0,1,1.0,28900000,100000,168,168,4,1,782.2916666666666,266.05241056726175,588.4345238095239,782.2916666666666,266.05241056726175,588.4345238095239,-1.4400482177734376e-09,-3.874041557312012e-05,5126.731721875,5050.27343203125,1.5489797328186035,6.345735527429497e-07,nan,nan,0.01398999999642372,nan,0.6237150132656097,0.6293687224388123,79.55600714683533,75.87595009803772,0.0,155.43198943138123
290,290,ppo,clip,gae,ALE/Qbert-v5,atari,0,1,1.0,29000000,100000,167,167,4,1,774.1017964071856,255.6091148171584,590.0598802395209,774.1017964071856,255.6091148171584,590.0598802395209,-6.59942626953125e-09,-3.559416770935058e-05,4841.0882096875,4791.009361875,1.542697501335144,8.527957301157585e-07,nan,nan,0.024920000022649765,nan,0.6320346891880035,0.6356664299964905,79.44576644897461,76.09044313430786,0.0,155.5362434387207
291,291,ppo,clip,gae,ALE/Qbert-v5,atari,0,1,1.0,29100000,100000,166,166,4,1,810.9939759036145,265.6182943190534,590.9518072289156,810.9939759036145,265.6182943190534,590.9518072289156,-5.006790161132813e-11,-1.673133611679077e-05,5881.242890859375,5731.612123984375,1.5463942100906372,8.903258415011805e-07,nan,nan,0.03872000001490116,nan,0.580819845199585,0.5861606299877167,79.95837354660034,75.61725187301636,0.0,155.57565593719482
292,292,ppo,clip,gae,ALE/Qbert-v5,atari,0,1,1.0,29200000,100000,157,157,4,1,832.3248407643312,275.806015475996,628.891719745223,832.3248407643312,275.806015475996,628.891719745223,-7.988214492797852e-09,6.278798937797547e-05,5670.935344609375,5629.46885609375,1.5494630221176147,3.0536665835097665e-06,nan,nan,0.20507000000476838,nan,0.597615122795105,0.6004945337772369,79.1480278968811,75.90804123878479,0.0,155.0561122894287
293,293,ppo,clip,gae,ALE/Qbert-v5,atari,0,1,1.0,29300000,100000,170,170,4,1,753.5294117647059,237.7947997370988,579.8941176470588,753.5294117647059,237.7947997370988,579.8941176470588,-2.44140625e-09,-1.9530000686645508e-05,4599.24121046875,4470.86946328125,1.548210633201599,5.388762102120381e-07,nan,nan,0.04608000000715256,nan,0.6566130816936493,0.659489095211029,78.48178100585938,76.14504909515381,0.0,154.62686467170715
294,294,ppo,clip,gae,ALE/Qbert-v5,atari,0,1,1.0,29400000,100000,166,166,4,1,786.4457831325301,275.70559000813915,595.1024096385543,786.4457831325301,275.70559000813915,595.1024096385543,-1.125335693359375e-09,-1.564237594604492e-05,5605.49786828125,5560.90705515625,1.550655937347412,3.444514834245638e-07,nan,nan,0.0349300000166893,nan,0.5879630744457245,0.5909142792224884,78.83092451095581,76.22799372673035,0.0,155.05894875526428
295,295,ppo,clip,gae,ALE/Qbert-v5,atari,0,1,1.0,29500000,100000,169,169,4,1,788.4615384615385,341.10636214509105,586.4733727810651,788.4615384615385,341.10636214509105,586.4733727810651,-2.340078353881836e-09,-1.9394636154174803e-05,9194.4268146875,9153.42295953125,1.5492151461410522,9.864794468967375e-08,nan,nan,0.008680000002086163,nan,0.46306556463241577,0.4654604196548462,79.4459798336029,76.22201085090637,0.0,155.66802144050598
296,296,ppo,clip,gae,ALE/Qbert-v5,atari,0,1,1.0,29600000,100000,165,165,4,1,764.2424242424242,234.55671024593556,596.8181818181819,764.2424242424242,234.55671024593556,596.8181818181819,1.1157989501953125e-09,-1.5213220119476318e-05,4614.08675859375,4568.01214609375,1.5476425511169434,1.8035127825442032e-07,nan,nan,0.04006000003218651,nan,0.6354701220989227,0.6373335123062134,78.99757671356201,76.0602958202362,0.0,155.05791354179382
297,297,ppo,clip,gae,ALE/Qbert-v5,atari,0,1,1.0,29700000,100000,167,167,4,1,768.7125748502993,258.04015149195857,591.3353293413173,768.7125748502993,258.04015149195857,591.3353293413173,-1.125335693359375e-09,-1.119563102722168e-05,4782.332426835937,4753.394545351563,1.5492037963104248,7.787020223076979e-08,nan,nan,0.02284000000715256,nan,0.6467496454715729,0.6487049460411072,78.85681962966919,76.22254633903503,0.0,155.07940530776978
298,298,ppo,clip,gae,ALE/Qbert-v5,atari,0,1,1.0,29800000,100000,164,164,4,1,787.9573170731708,271.9127225158335,598.6219512195122,787.9573170731708,271.9127225158335,598.6219512195122,-3.503561019897461e-09,-6.625869274139404e-06,5045.42501484375,5019.52439234375,1.550106789855957,3.414277840477098e-08,nan,nan,0.03428000001370907,nan,0.6255803406238556,0.6272053718566895,78.98035883903503,76.09550714492798,0.0,155.0758957862854
299,299,ppo,clip,gae,ALE/Qbert-v5,atari,0,1,1.0,29900000,100000,170,170,4,1,788.6764705882352,276.9856357061558,581.1588235294117,788.6764705882352,276.9856357061558,581.1588235294117,4.500970244407654e-09,-2.5928691029548646e-06,5608.97306953125,5601.252763125,1.5496961751174927,1.4982257077917893e-08,nan,nan,0.039049999998807906,nan,0.5987842679023743,0.5992162525653839,79.35505294799805,76.21707057952881,0.0,155.5721652507782
300,300,ppo,clip,gae,ALE/Qbert-v5,atari,0,1,1.0,30000000,100000,169,169,4,1,722.7810650887574,214.02099796623514,587.2485207100592,722.7810650887574,214.02099796623514,587.2485207100592,9.39643383026123e-08,9.39643383026123e-08,4144.60534859375,4144.60534859375,1.553457094116211,0.0,nan,nan,0.7934199997711182,nan,0.6588514149188995,0.6588514149188995,79.5949079990387,75.97918939590454,0.0027823448181152344,155.57691192626953
