iteration,epoch,method,method_variant,estimator,env_id,suite,seed,trainable,did_update,env_steps,batch_env_steps,episodes_in_batch,episodes_in_epoch,num_workers,parallel_rollouts,train_return_mean,train_return_std,train_len_mean,ep_return_mean,ep_return_std,ep_len_mean,policy_loss_before,policy_loss_after,value_loss_before,value_loss_after,entropy,approx_kl,line_search_success,cg_norm,clip_fraction,kl_coef,value_explained_variance_before,value_explained_variance_after,collect_time_sec,update_time_sec,checkpoint_time_sec,wall_time_sec
1,1,trpo,trpo_paper,trpo_paper,ALE/BeamRider-v5,atari,0,1,1.0,102939,102939,79,79,4,1,355.6455696202532,162.15784137175243,1303.0253164556962,355.6455696202532,162.15784137175243,1303.0253164556962,25.984621581106286,26.013289196150147,nan,nan,2.18919919161773,0.003828780070483803,1.0,0.5504521131515503,nan,nan,nan,nan,68.9849169254303,71.57709002494812,0.0,140.56203269958496
2,2,trpo,trpo_paper,trpo_paper,ALE/BeamRider-v5,atari,0,1,1.0,208758,105819,79,79,4,1,353.873417721519,160.39929346482603,1339.4810126582279,353.873417721519,160.39929346482603,1339.4810126582279,25.036247035031515,25.07727522940115,nan,nan,2.185153773040522,0.005532484093696133,1.0,0.6360834240913391,nan,nan,nan,nan,69.97879528999329,72.35202264785767,0.0,142.33082509040833
3,3,trpo,trpo_paper,trpo_paper,ALE/BeamRider-v5,atari,0,1,1.0,310197,101439,77,77,4,1,384.3636363636364,163.10644354052724,1317.3896103896104,384.3636363636364,163.10644354052724,1317.3896103896104,27.700051724435376,27.725128063417422,nan,nan,2.173597228845661,0.0039052513978917337,1.0,0.46588778495788574,nan,nan,nan,nan,65.17799687385559,69.49960255622864,0.0,134.6776044368744
4,4,trpo,trpo_paper,trpo_paper,ALE/BeamRider-v5,atari,0,1,1.0,414550,104353,77,77,4,1,405.14285714285717,137.74866198098266,1355.2337662337663,405.14285714285717,137.74866198098266,1355.2337662337663,28.52640601492051,28.562436663296694,nan,nan,2.169680094996071,0.004655021777772594,1.0,0.6316719055175781,nan,nan,nan,nan,67.95752763748169,71.31608605384827,0.0,139.27361822128296
5,5,trpo,trpo_paper,trpo_paper,ALE/BeamRider-v5,atari,0,1,1.0,518381,103831,76,76,4,1,407.10526315789474,147.24358434306708,1366.1973684210527,407.10526315789474,147.24358434306708,1366.1973684210527,28.3276013124693,28.365390333811675,nan,nan,2.1567128916219627,0.004699719055577817,1.0,0.6321964859962463,nan,nan,nan,nan,68.94048547744751,70.88052821159363,0.0,139.82101845741272
6,6,trpo,trpo_paper,trpo_paper,ALE/BeamRider-v5,atari,0,1,1.0,622945,104564,77,77,4,1,409.8181818181818,141.910592602519,1357.974025974026,409.8181818181818,141.910592602519,1357.974025974026,28.753034774157452,28.77588112902146,nan,nan,2.156655889275946,0.0052436754787557015,1.0,0.35449838638305664,nan,nan,nan,nan,67.85649514198303,71.58364152908325,0.0,139.44014072418213
7,7,trpo,trpo_paper,trpo_paper,ALE/BeamRider-v5,atari,0,1,1.0,727996,105051,75,75,4,1,417.6,167.08704318408414,1400.68,417.6,167.08704318408414,1400.68,28.38428254490676,28.427914923465746,nan,nan,2.144578697192316,0.005338596683921641,1.0,0.6769759058952332,nan,nan,nan,nan,67.54545831680298,71.82375836372375,0.0,139.36922121047974
8,8,trpo,trpo_paper,trpo_paper,ALE/BeamRider-v5,atari,0,1,1.0,830438,102442,77,77,4,1,433.2987012987013,142.6989442834532,1330.4155844155844,433.2987012987013,142.6989442834532,1330.4155844155844,31.026787718904355,31.07743642439136,nan,nan,2.1267722776211175,0.006579227904665673,1.0,0.6982406377792358,nan,nan,nan,nan,66.45790767669678,70.21552872657776,0.0,136.6734414100647
9,9,trpo,trpo_paper,trpo_paper,ALE/BeamRider-v5,atari,0,1,1.0,932786,102348,76,76,4,1,430.42105263157896,149.52286070222232,1346.6842105263158,430.42105263157896,149.52286070222232,1346.6842105263158,30.429503767171806,30.473202639523976,nan,nan,2.0970605877129986,0.004534080518898002,1.0,0.7128050327301025,nan,nan,nan,nan,66.55814981460571,70.11763572692871,0.0,136.67579078674316
10,10,trpo,trpo_paper,trpo_paper,ALE/BeamRider-v5,atari,0,1,1.0,1035608,102822,75,75,4,1,437.0133333333333,181.11959167602186,1370.96,437.0133333333333,181.11959167602186,1370.96,30.26627440807901,30.297857583980083,nan,nan,2.1130615799482357,0.006277819930870106,1.0,0.46923917531967163,nan,nan,nan,nan,65.73560738563538,70.28070330619812,0.0,136.01631593704224
11,11,trpo,trpo_paper,trpo_paper,ALE/BeamRider-v5,atari,0,1,1.0,1138371,102763,76,76,4,1,443.2105263157895,154.32163232996905,1352.1447368421052,443.2105263157895,154.32163232996905,1352.1447368421052,31.1148332510242,31.165273037231298,nan,nan,2.074767133324981,0.005123388697301025,1.0,0.8050733208656311,nan,nan,nan,nan,66.51660084724426,70.29718494415283,0.0,136.8137903213501
12,12,trpo,trpo_paper,trpo_paper,ALE/BeamRider-v5,atari,0,1,1.0,1242232,103861,72,72,4,1,487.55555555555554,148.17940411025123,1442.513888888889,487.55555555555554,148.17940411025123,1442.513888888889,32.13723766019006,32.18988359441946,nan,nan,2.054597517204485,0.004352372308128613,1.0,0.916439414024353,nan,nan,nan,nan,66.59169149398804,70.91231489181519,0.0,137.50401067733765
13,13,trpo,trpo_paper,trpo_paper,ALE/BeamRider-v5,atari,0,1,1.0,1346242,104010,75,75,4,1,472.26666666666665,170.15046935645586,1386.8,472.26666666666665,170.15046935645586,1386.8,32.36030715195654,32.389879428660706,nan,nan,2.046588650580473,0.004234155986585928,1.0,0.5290517210960388,nan,nan,nan,nan,66.97961711883545,70.97821044921875,0.0,137.95783185958862
14,14,trpo,trpo_paper,trpo_paper,ALE/BeamRider-v5,atari,0,1,1.0,1449029,102787,73,73,4,1,494.73972602739724,167.40779735013413,1408.041095890411,494.73972602739724,167.40779735013413,1408.041095890411,33.51287963823246,33.550817923229594,nan,nan,2.033459799603792,0.0045959833633869955,1.0,0.6726183891296387,nan,nan,nan,nan,66.65816855430603,70.21510863304138,0.0,136.87328147888184
15,15,trpo,trpo_paper,trpo_paper,ALE/BeamRider-v5,atari,0,1,1.0,1552717,103688,70,70,4,1,509.42857142857144,184.84159793328615,1481.2571428571428,509.42857142857144,184.84159793328615,1481.2571428571428,32.83192682012383,32.8525456176221,nan,nan,1.994138129156098,0.003442234004624306,1.0,0.4299834072589874,nan,nan,nan,nan,67.5791335105896,70.80479598045349,0.0,138.3839340209961
16,16,trpo,trpo_paper,trpo_paper,ALE/BeamRider-v5,atari,0,1,1.0,1655010,102293,73,73,4,1,478.24657534246575,170.44661565910184,1401.2739726027398,478.24657534246575,170.44661565910184,1401.2739726027398,32.636968530349094,32.66591234859668,nan,nan,1.9975477677709497,0.0038595259373474843,1.0,0.5265241265296936,nan,nan,nan,nan,67.84643125534058,69.80862951278687,0.0,137.6550648212433
17,17,trpo,trpo_paper,trpo_paper,ALE/BeamRider-v5,atari,0,1,1.0,1757051,102041,71,71,4,1,498.19718309859155,178.71502373996128,1437.1971830985915,498.19718309859155,178.71502373996128,1437.1971830985915,33.05390939671309,33.10580612204898,nan,nan,1.9947893187542263,0.0054850983935863734,1.0,0.8000089526176453,nan,nan,nan,nan,66.41828775405884,69.73043322563171,0.0,136.14872527122498
18,18,trpo,trpo_paper,trpo_paper,ALE/BeamRider-v5,atari,0,1,1.0,1860225,103174,80,80,4,1,454.85,158.6306322877142,1289.675,454.85,158.6306322877142,1289.675,33.37496183631535,33.40911363933743,nan,nan,1.9605991001851242,0.004782177529288724,1.0,0.5387551784515381,nan,nan,nan,nan,66.19769763946533,70.60527873039246,0.0,136.80298113822937
19,19,trpo,trpo_paper,trpo_paper,ALE/BeamRider-v5,atari,0,1,1.0,1964671,104446,79,79,4,1,457.62025316455697,154.43029674204038,1322.1012658227849,457.62025316455697,154.43029674204038,1322.1012658227849,32.87318461812803,32.89992047325891,nan,nan,2.0039218269787735,0.00385389912243286,1.0,0.4804760217666626,nan,nan,nan,nan,68.20486974716187,71.62337446212769,0.0,139.82824873924255
20,20,trpo,trpo_paper,trpo_paper,ALE/BeamRider-v5,atari,0,1,1.0,2068871,104200,73,73,4,1,499.3972602739726,194.14856193668533,1427.3972602739725,499.3972602739726,194.14856193668533,1427.3972602739725,33.4965088171785,33.53294580734165,nan,nan,2.001374853796785,0.005917173564369699,1.0,0.5537954568862915,nan,nan,nan,nan,68.38148999214172,71.56698751449585,0.0,139.94848203659058
21,21,trpo,trpo_paper,trpo_paper,ALE/BeamRider-v5,atari,0,1,1.0,2172562,103691,71,71,4,1,528.169014084507,168.20435139616762,1460.4366197183099,528.169014084507,168.20435139616762,1460.4366197183099,34.60018212164026,34.62924654140668,nan,nan,1.9355655132346345,0.004738561412888676,1.0,0.4906884431838989,nan,nan,nan,nan,67.39029884338379,71.22704267501831,0.0,138.6173460483551
22,22,trpo,trpo_paper,trpo_paper,ALE/BeamRider-v5,atari,0,1,1.0,2276141,103579,77,77,4,1,471.5844155844156,182.4583461199139,1345.1818181818182,471.5844155844156,182.4583461199139,1345.1818181818182,33.42261175648539,33.45312665936145,nan,nan,1.9456683576062714,0.004159799655398313,1.0,0.5168332457542419,nan,nan,nan,nan,67.39377737045288,71.19108366966248,0.0,138.58486580848694
23,23,trpo,trpo_paper,trpo_paper,ALE/BeamRider-v5,atari,0,1,1.0,2379312,103171,75,75,4,1,479.62666666666667,176.54602975491187,1375.6133333333332,479.62666666666667,176.54602975491187,1375.6133333333332,33.2068563658877,33.241368698568394,nan,nan,1.9619848547859864,0.004270702191963137,1.0,0.6023534536361694,nan,nan,nan,nan,67.2051465511322,70.41932272911072,0.0,137.62447333335876
24,24,trpo,trpo_paper,trpo_paper,ALE/BeamRider-v5,atari,0,1,1.0,2482637,103325,75,75,4,1,490.56,158.16904374750453,1377.6666666666667,490.56,158.16904374750453,1377.6666666666667,33.86021367650617,33.898648530123396,nan,nan,1.943759130020566,0.005205369496480543,1.0,0.6126901507377625,nan,nan,nan,nan,67.17142486572266,70.65214228630066,0.0,137.82357144355774
25,25,trpo,trpo_paper,trpo_paper,ALE/BeamRider-v5,atari,0,1,1.0,2585566,102929,71,71,4,1,520.6760563380282,157.34413478310753,1449.7042253521126,520.6760563380282,157.34413478310753,1449.7042253521126,34.370248696917294,34.39988213963023,nan,nan,1.911395461313138,0.0026633876653742454,1.0,0.6038549542427063,nan,nan,nan,nan,66.67352604866028,70.27302122116089,0.01170802116394043,136.95826148986816
26,26,trpo,trpo_paper,trpo_paper,ALE/BeamRider-v5,atari,0,1,1.0,2687445,101879,72,72,4,1,478.44444444444446,176.36648151638434,1414.986111111111,478.44444444444446,176.36648151638434,1414.986111111111,32.228312968079784,32.270269909647716,nan,nan,1.9280332752655724,0.0038196335854972577,1.0,0.7795186042785645,nan,nan,nan,nan,66.5557541847229,69.73387026786804,0.0,136.28963971138
27,27,trpo,trpo_paper,trpo_paper,ALE/BeamRider-v5,atari,0,1,1.0,2789455,102010,76,76,4,1,476.6842105263158,146.73770104709718,1342.2368421052631,476.6842105263158,146.73770104709718,1342.2368421052631,33.87984878933438,33.91599276418979,nan,nan,1.951924008101228,0.007091230711744584,1.0,0.458171010017395,nan,nan,nan,nan,65.92263960838318,69.49963235855103,0.0,135.42227721214294
28,28,trpo,trpo_paper,trpo_paper,ALE/BeamRider-v5,atari,0,1,1.0,2891554,102099,71,71,4,1,505.07042253521126,149.42060154954237,1438.0140845070423,505.07042253521126,149.42060154954237,1438.0140845070423,33.59678121847423,33.65613139575314,nan,nan,1.9212997980973123,0.005498507841284413,1.0,0.8643341064453125,nan,nan,nan,nan,65.49870443344116,69.77414894104004,0.0,135.27285838127136
29,29,trpo,trpo_paper,trpo_paper,ALE/BeamRider-v5,atari,0,1,1.0,2993463,101909,71,71,4,1,504.84507042253523,169.25209532373273,1435.338028169014,504.84507042253523,169.25209532373273,1435.338028169014,33.576727153637066,33.61444110063881,nan,nan,1.9358481835663435,0.005530398881158475,1.0,0.572068452835083,nan,nan,nan,nan,66.5704779624939,69.82362985610962,0.0,136.39411163330078
30,30,trpo,trpo_paper,trpo_paper,ALE/BeamRider-v5,atari,0,1,1.0,3096996,103533,76,76,4,1,478.63157894736844,163.05188406610617,1362.2763157894738,478.63157894736844,163.05188406610617,1362.2763157894738,33.48375065196604,33.541449344653394,nan,nan,1.9652360332122367,0.005784035154127344,1.0,0.9084728360176086,nan,nan,nan,nan,67.93333506584167,70.83899736404419,0.0,138.7723376750946
31,31,trpo,trpo_paper,trpo_paper,ALE/BeamRider-v5,atari,0,1,1.0,3198896,101900,73,73,4,1,478.7945205479452,188.7193290986778,1395.890410958904,478.7945205479452,188.7193290986778,1395.890410958904,32.67873359298332,32.72023521835133,nan,nan,1.9177600732565627,0.004690348667177619,1.0,0.676299512386322,nan,nan,nan,nan,65.84117436408997,69.83840799331665,0.0,135.6795871257782
32,32,trpo,trpo_paper,trpo_paper,ALE/BeamRider-v5,atari,0,1,1.0,3302117,103221,74,74,4,1,476.05405405405406,156.50160968793898,1394.8783783783783,476.05405405405406,156.50160968793898,1394.8783783783783,32.48677004315982,32.542497257098844,nan,nan,1.9377172977155812,0.0083306076469964,1.0,0.613248884677887,nan,nan,nan,nan,68.17582201957703,70.57136225700378,0.0,138.7471890449524
33,33,trpo,trpo_paper,trpo_paper,ALE/BeamRider-v5,atari,0,1,1.0,3408080,105963,70,70,4,1,516.1142857142858,203.45020751716015,1513.7571428571428,516.1142857142858,203.45020751716015,1513.7571428571428,32.595685374847825,32.65823506790106,nan,nan,1.9453158085693827,0.00582546799687833,1.0,0.8734157681465149,nan,nan,nan,nan,69.3576431274414,72.4212396144867,0.0,141.77888870239258
34,34,trpo,trpo_paper,trpo_paper,ALE/BeamRider-v5,atari,0,1,1.0,3509966,101886,79,79,4,1,449.67088607594934,156.53411659669766,1289.6962025316457,449.67088607594934,156.53411659669766,1289.6962025316457,32.99034138031722,33.01626710858214,nan,nan,1.9452668473373427,0.004486693836729733,1.0,0.4468517601490021,nan,nan,nan,nan,65.49455547332764,69.7348141670227,0.0,135.22937417030334
35,35,trpo,trpo_paper,trpo_paper,ALE/BeamRider-v5,atari,0,1,1.0,3613689,103723,73,73,4,1,506.73972602739724,164.70995906023282,1420.86301369863,506.73972602739724,164.70995906023282,1420.86301369863,34.078971756505304,34.1296726015445,nan,nan,1.9659203761912738,0.004524407414357522,1.0,0.8773358464241028,nan,nan,nan,nan,66.8625648021698,70.99825024604797,0.0,137.8608193397522
36,36,trpo,trpo_paper,trpo_paper,ALE/BeamRider-v5,atari,0,1,1.0,3714972,101283,75,75,4,1,457.2266666666667,176.84521091118702,1350.44,457.2266666666667,176.84521091118702,1350.44,32.10849550270036,32.166819240395725,nan,nan,1.9691117021350448,0.004108966789897215,1.0,0.9857006669044495,nan,nan,nan,nan,65.09957790374756,69.397775888443,0.0,134.49736142158508
37,37,trpo,trpo_paper,trpo_paper,ALE/BeamRider-v5,atari,0,1,1.0,3817529,102557,76,76,4,1,465.2631578947368,182.08755618202878,1349.4342105263158,465.2631578947368,182.08755618202878,1349.4342105263158,32.923194769128386,32.962770703121194,nan,nan,1.9848854630839436,0.0032972056655199817,1.0,0.7815060615539551,nan,nan,nan,nan,67.43745684623718,70.15907907485962,0.0,137.59654092788696
38,38,trpo,trpo_paper,trpo_paper,ALE/BeamRider-v5,atari,0,1,1.0,3921732,104203,77,77,4,1,469.9220779220779,170.43944472380846,1353.2857142857142,469.9220779220779,170.43944472380846,1353.2857142857142,33.025492908073666,33.07422441052561,nan,nan,1.9874189101591364,0.0052912478696834075,1.0,0.7655103802680969,nan,nan,nan,nan,67.9565691947937,71.26589441299438,0.0,139.2224681377411
39,39,trpo,trpo_paper,trpo_paper,ALE/BeamRider-v5,atari,0,1,1.0,4024519,102787,77,77,4,1,484.6753246753247,160.67054632403358,1334.8961038961038,484.6753246753247,160.67054632403358,1334.8961038961038,34.444255474914144,34.49727576809324,nan,nan,1.9598162872615215,0.004686419106001478,1.0,0.9086002111434937,nan,nan,nan,nan,66.41679453849792,70.28117036819458,0.0,136.6979696750641
40,40,trpo,trpo_paper,trpo_paper,ALE/BeamRider-v5,atari,0,1,1.0,4126382,101863,71,71,4,1,509.85915492957747,190.48916244169,1434.6901408450703,509.85915492957747,190.48916244169,1434.6901408450703,33.90489861382445,33.943661845444375,nan,nan,1.9223893052126386,0.003432460578286809,1.0,0.8400000929832458,nan,nan,nan,nan,65.68135666847229,69.63878679275513,0.0,135.32014751434326
41,41,trpo,trpo_paper,trpo_paper,ALE/BeamRider-v5,atari,0,1,1.0,4229566,103184,77,77,4,1,465.8181818181818,142.62626916677894,1340.051948051948,465.8181818181818,142.62626916677894,1340.051948051948,33.01565725427392,33.05576173389285,nan,nan,1.9371282619216643,0.004301162335081819,1.0,0.7590627074241638,nan,nan,nan,nan,66.67384243011475,70.50856971740723,0.0,137.18241667747498
42,42,trpo,trpo_paper,trpo_paper,ALE/BeamRider-v5,atari,0,1,1.0,4333140,103574,78,78,4,1,464.20512820512823,154.7787800150017,1327.871794871795,464.20512820512823,154.7787800150017,1327.871794871795,33.17915014265163,33.22982073807133,nan,nan,1.9183636405190974,0.005512343990526276,1.0,0.8012150526046753,nan,nan,nan,nan,66.66093969345093,70.7751533985138,0.0,137.4360978603363
43,43,trpo,trpo_paper,trpo_paper,ALE/BeamRider-v5,atari,0,1,1.0,4435199,102059,71,71,4,1,521.2957746478874,167.96079307479891,1437.4507042253522,521.2957746478874,167.96079307479891,1437.4507042253522,34.6140590246818,34.66759040726443,nan,nan,1.909256456436963,0.005168079482479901,1.0,0.8451581001281738,nan,nan,nan,nan,66.41871619224548,69.73675608634949,0.0,136.1554775238037
44,44,trpo,trpo_paper,trpo_paper,ALE/BeamRider-v5,atari,0,1,1.0,4538049,102850,78,78,4,1,485.4871794871795,147.88229411446633,1318.5897435897436,485.4871794871795,147.88229411446633,1318.5897435897436,35.01105797277589,35.05934932547399,nan,nan,1.891039552442878,0.005723413617210259,1.0,0.767387866973877,nan,nan,nan,nan,66.37691569328308,70.26497673988342,0.0,136.6418969631195
45,45,trpo,trpo_paper,trpo_paper,ALE/BeamRider-v5,atari,0,1,1.0,4641746,103697,76,76,4,1,474.6842105263158,188.80386721941983,1364.4342105263158,474.6842105263158,188.80386721941983,1364.4342105263158,33.117571657087474,33.16188962795452,nan,nan,1.8571397749422596,0.0035941428970491644,1.0,0.860962986946106,nan,nan,nan,nan,68.57322549819946,70.81168270111084,0.0,139.38491296768188
46,46,trpo,trpo_paper,trpo_paper,ALE/BeamRider-v5,atari,0,1,1.0,4743996,102250,75,75,4,1,496.58666666666664,144.08100437678183,1363.3333333333333,496.58666666666664,144.08100437678183,1363.3333333333333,34.59187011002445,34.63649220660147,nan,nan,1.8357294563722495,0.006130431949527602,1.0,0.7666656970977783,nan,nan,nan,nan,67.19942903518677,69.8774938583374,0.0,137.07692742347717
47,47,trpo,trpo_paper,trpo_paper,ALE/BeamRider-v5,atari,0,1,1.0,4848090,104094,79,79,4,1,486.88607594936707,155.13350619008673,1317.6455696202531,486.88607594936707,155.13350619008673,1317.6455696202531,35.08151016148865,35.137850164274596,nan,nan,1.8076965647485685,0.005329374839738434,1.0,0.8997746109962463,nan,nan,nan,nan,67.3571527004242,71.09553217887878,0.0,138.4526891708374
48,48,trpo,trpo_paper,trpo_paper,ALE/BeamRider-v5,atari,0,1,1.0,4953263,105173,79,79,4,1,472.1012658227848,143.83108895609612,1331.3037974683543,472.1012658227848,143.83108895609612,1331.3037974683543,33.680590699371514,33.73448048096945,nan,nan,1.7915022302539625,0.004833603529616337,1.0,0.8964571356773376,nan,nan,nan,nan,68.59613609313965,71.829092502594,0.0,140.42523288726807
49,49,trpo,trpo_paper,trpo_paper,ALE/BeamRider-v5,atari,0,1,1.0,5054509,101246,76,76,4,1,471.42105263157896,184.37342421506062,1332.1842105263158,471.42105263157896,184.37342421506062,1332.1842105263158,33.6419502452566,33.702317136294276,nan,nan,1.7563745670353643,0.007868025984019826,1.0,0.7840897440910339,nan,nan,nan,nan,65.51219964027405,69.35842847824097,0.0,134.87063312530518
50,50,trpo,trpo_paper,trpo_paper,ALE/BeamRider-v5,atari,0,1,1.0,5158059,103550,78,78,4,1,453.1794871794872,170.67120463641402,1327.5641025641025,453.1794871794872,170.67120463641402,1327.5641025641025,32.60325280661516,32.65341154635442,nan,nan,1.7526601260713424,0.0051651373592383875,1.0,0.8174837231636047,nan,nan,nan,nan,67.87475991249084,70.65190267562866,0.002057313919067383,138.5287263393402
51,51,trpo,trpo_paper,trpo_paper,ALE/BeamRider-v5,atari,0,1,1.0,5263288,105229,75,75,4,1,530.6666666666666,168.7112984427013,1403.0533333333333,530.6666666666666,168.7112984427013,1403.0533333333333,36.193055443366376,36.240372930703515,nan,nan,1.7345178896294036,0.004863539674646183,1.0,0.7002279758453369,nan,nan,nan,nan,68.26166152954102,71.99524974822998,0.0,140.25691652297974
52,52,trpo,trpo_paper,trpo_paper,ALE/BeamRider-v5,atari,0,1,1.0,5365670,102382,76,76,4,1,468.57894736842104,152.59537683190442,1347.1315789473683,468.57894736842104,152.59537683190442,1347.1315789473683,33.01093240266844,33.085114601443614,nan,nan,1.7275413278747118,0.007437711469918592,1.0,1.0121746063232422,nan,nan,nan,nan,65.8171637058258,70.01699423789978,0.0,135.83416175842285
53,53,trpo,trpo_paper,trpo_paper,ALE/BeamRider-v5,atari,0,1,1.0,5468045,102375,72,72,4,1,513.2777777777778,201.61550468253938,1421.875,513.2777777777778,201.61550468253938,1421.875,34.58944719169719,34.65939468864469,nan,nan,1.6930243914072038,0.0062680436777126074,1.0,0.8907313346862793,nan,nan,nan,nan,66.15333271026611,75.66321611404419,0.0,141.81655287742615
54,54,trpo,trpo_paper,trpo_paper,ALE/BeamRider-v5,atari,0,1,1.0,5570388,102343,71,71,4,1,521.9718309859155,194.27510418969047,1441.4507042253522,521.9718309859155,194.27510418969047,1441.4507042253522,34.53648530554117,34.5944452722707,nan,nan,1.7121423227605332,0.006121174087273912,1.0,0.7452420592308044,nan,nan,nan,nan,66.74496626853943,69.98777770996094,0.0,136.73274779319763
55,55,trpo,trpo_paper,trpo_paper,ALE/BeamRider-v5,atari,0,1,1.0,5673054,102666,73,73,4,1,469.8082191780822,180.34127902049073,1406.3835616438357,469.8082191780822,180.34127902049073,1406.3835616438357,31.85108880069838,31.928107741365203,nan,nan,1.7839483405609573,0.006627543336941457,1.0,0.8510511517524719,nan,nan,nan,nan,67.06388831138611,70.34154510498047,0.0,137.405437707901
56,56,trpo,trpo_paper,trpo_paper,ALE/BeamRider-v5,atari,0,1,1.0,5777578,104524,75,75,4,1,507.0933333333333,167.8101445748207,1393.6533333333334,507.0933333333333,167.8101445748207,1393.6533333333334,34.69179775697447,34.771277708947224,nan,nan,1.7939484237023315,0.006806483069505116,1.0,0.9024217128753662,nan,nan,nan,nan,66.96553826332092,71.51961088180542,0.0,138.48515391349792
57,57,trpo,trpo_paper,trpo_paper,ALE/BeamRider-v5,atari,0,1,1.0,5880248,102670,76,76,4,1,475.42105263157896,163.17340333763556,1350.921052631579,475.42105263157896,163.17340333763556,1350.921052631579,33.42132347569884,33.49213636529658,nan,nan,1.7939243202584738,0.004857648427474721,1.0,1.1011394262313843,nan,nan,nan,nan,67.16547203063965,70.2091658115387,0.0,137.37464237213135
58,58,trpo,trpo_paper,trpo_paper,ALE/BeamRider-v5,atari,0,1,1.0,5983244,102996,74,74,4,1,479.18918918918916,162.22770747414128,1391.837837837838,479.18918918918916,162.22770747414128,1391.837837837838,32.81304583430425,32.87965779617655,nan,nan,1.8279658520567545,0.007305618530072992,1.0,0.8421791195869446,nan,nan,nan,nan,69.22462344169617,70.36384916305542,0.0,139.58847784996033
59,59,trpo,trpo_paper,trpo_paper,ALE/BeamRider-v5,atari,0,1,1.0,6086133,102889,78,78,4,1,466.5128205128205,148.17745283254854,1319.0897435897436,466.5128205128205,148.17745283254854,1319.0897435897436,33.63348973165256,33.716057322697274,nan,nan,1.7706726594467095,0.009452085271387906,1.0,0.9012573957443237,nan,nan,nan,nan,67.27521514892578,70.25317454338074,0.0,137.52839469909668
60,60,trpo,trpo_paper,trpo_paper,ALE/BeamRider-v5,atari,0,1,1.0,6189941,103808,73,73,4,1,493.86301369863014,157.2992362597604,1422.027397260274,493.86301369863014,157.2992362597604,1422.027397260274,33.109212590792616,33.18676020273004,nan,nan,1.7992859733383988,0.006977172053973713,1.0,0.9262016415596008,nan,nan,nan,nan,69.16317200660706,71.08710289001465,0.0,140.25027894973755
61,61,trpo,trpo_paper,trpo_paper,ALE/BeamRider-v5,atari,0,1,1.0,6292074,102133,74,74,4,1,481.4594594594595,172.64814940102806,1380.1756756756756,481.4594594594595,172.64814940102806,1380.1756756756756,33.30611471378007,33.39654329403817,nan,nan,1.829404830129586,0.006766964902849156,1.0,1.296021580696106,nan,nan,nan,nan,66.96995997428894,69.87996745109558,0.0,136.8499321937561
62,62,trpo,trpo_paper,trpo_paper,ALE/BeamRider-v5,atari,0,1,1.0,6395165,103091,70,70,4,1,526.6857142857143,201.55704919856478,1472.7285714285715,526.6857142857143,201.55704919856478,1472.7285714285715,34.233310709712775,34.308985204819045,nan,nan,1.8240000225832032,0.00687830772928548,1.0,0.9855930209159851,nan,nan,nan,nan,66.58451294898987,70.60952854156494,0.0,137.19404673576355
63,63,trpo,trpo_paper,trpo_paper,ALE/BeamRider-v5,atari,0,1,1.0,6498899,103734,73,73,4,1,504.93150684931504,161.09559220921054,1421.013698630137,504.93150684931504,161.09559220921054,1421.013698630137,33.83418768195577,33.912010225673356,nan,nan,1.8001117002079838,0.005283996615905629,1.0,1.1915509700775146,nan,nan,nan,nan,69.0489330291748,71.0997838973999,0.0,140.1487214565277
64,64,trpo,trpo_paper,trpo_paper,ALE/BeamRider-v5,atari,0,1,1.0,6601873,102974,74,74,4,1,478.0,174.352547474394,1391.5405405405406,478.0,174.352547474394,1391.5405405405406,32.723996469982715,32.800012169334,nan,nan,1.8229044107159331,0.0054033269884877074,1.0,1.2091530561447144,nan,nan,nan,nan,66.82243990898132,70.45235300064087,0.0,137.27479767799377
65,65,trpo,trpo_paper,trpo_paper,ALE/BeamRider-v5,atari,0,1,1.0,6704534,102661,76,76,4,1,481.5263157894737,170.6050744050199,1350.8026315789473,481.5263157894737,170.6050744050199,1350.8026315789473,33.95672529003224,34.04497280491131,nan,nan,1.8076297487528736,0.004894488434160504,1.0,1.4468470811843872,nan,nan,nan,nan,66.46568465232849,70.38192200660706,0.0,136.8476116657257
66,66,trpo,trpo_paper,trpo_paper,ALE/BeamRider-v5,atari,0,1,1.0,6806915,102381,74,74,4,1,476.3243243243243,138.7321070136086,1383.527027027027,476.3243243243243,138.7321070136086,1383.527027027027,32.77619367240992,32.84655325451011,nan,nan,1.7963298835202577,0.0061368656480042414,1.0,1.1806919574737549,nan,nan,nan,nan,66.64504265785217,69.9976110458374,0.0,136.64265847206116
67,67,trpo,trpo_paper,trpo_paper,ALE/BeamRider-v5,atari,0,1,1.0,6909673,102758,75,75,4,1,486.88,176.4195726102974,1370.1066666666666,486.88,176.4195726102974,1370.1066666666666,33.893872770246595,33.98312099179626,nan,nan,1.7688312303695333,0.006246257426876677,1.0,1.395525336265564,nan,nan,nan,nan,68.24043464660645,70.15328025817871,0.0,138.39371919631958
68,68,trpo,trpo_paper,trpo_paper,ALE/BeamRider-v5,atari,0,1,1.0,7012183,102510,74,74,4,1,513.027027027027,162.95787658106644,1385.2702702702702,513.027027027027,162.95787658106644,1385.2702702702702,35.334582296849085,35.41626838235294,nan,nan,1.7254747917123938,0.005300629618235602,1.0,1.1950137615203857,nan,nan,nan,nan,66.73954272270203,70.03564715385437,0.0,136.77519512176514
69,69,trpo,trpo_paper,trpo_paper,ALE/BeamRider-v5,atari,0,1,1.0,7114090,101907,73,73,4,1,500.2191780821918,168.4948880632111,1395.986301369863,500.2191780821918,168.4948880632111,1395.986301369863,34.044362139009095,34.12878822725622,nan,nan,1.7379725854516863,0.006237925454845389,1.0,1.3807895183563232,nan,nan,nan,nan,65.52120089530945,69.76424908638,0.0,135.28545475006104
70,70,trpo,trpo_paper,trpo_paper,ALE/BeamRider-v5,atari,0,1,1.0,7216384,102294,74,74,4,1,491.5135135135135,158.88660270799315,1382.3513513513512,491.5135135135135,158.88660270799315,1382.3513513513512,33.91425618193638,33.995279995649796,nan,nan,1.7116569384644382,0.004615101782432397,1.0,1.4113932847976685,nan,nan,nan,nan,66.2350001335144,69.9457893371582,0.0,136.18079376220703
71,71,trpo,trpo_paper,trpo_paper,ALE/BeamRider-v5,atari,0,1,1.0,7319974,103590,75,75,4,1,502.29333333333335,178.8689481777713,1381.2,502.29333333333335,178.8689481777713,1381.2,34.71212049908292,34.802020736798916,nan,nan,1.6922978546734724,0.005566926068580583,1.0,1.309812068939209,nan,nan,nan,nan,67.06645131111145,70.67488718032837,0.0,137.7413432598114
72,72,trpo,trpo_paper,trpo_paper,ALE/BeamRider-v5,atari,0,1,1.0,7421788,101814,77,77,4,1,487.68831168831167,139.71067132314977,1322.2597402597403,487.68831168831167,139.71067132314977,1322.2597402597403,35.03865673556682,35.12756227041468,nan,nan,1.6878630337091411,0.004741217155439578,1.0,1.4336851835250854,nan,nan,nan,nan,66.40644931793213,69.51300930976868,0.0,135.91946268081665
73,73,trpo,trpo_paper,trpo_paper,ALE/BeamRider-v5,atari,0,1,1.0,7524646,102858,75,75,4,1,516.2666666666667,173.94722060313455,1371.44,516.2666666666667,173.94722060313455,1371.44,35.89253919845807,35.99560346545723,nan,nan,1.674957208337283,0.006634701254164026,1.0,1.5148769617080688,nan,nan,nan,nan,66.44605994224548,70.39502620697021,0.0,136.8410906791687
74,74,trpo,trpo_paper,trpo_paper,ALE/BeamRider-v5,atari,0,1,1.0,7629586,104940,75,75,4,1,551.4666666666667,161.18406317692273,1399.2,551.4666666666667,161.18406317692273,1399.2,37.6051035115304,37.70550463360015,nan,nan,1.6286218240780446,0.005736624448639519,1.0,1.5698065757751465,nan,nan,nan,nan,68.77056312561035,71.8097448348999,0.0,140.58032202720642
75,75,trpo,trpo_paper,trpo_paper,ALE/BeamRider-v5,atari,0,1,1.0,7731301,101715,72,72,4,1,544.3333333333334,153.18217186663003,1412.7083333333333,544.3333333333334,153.18217186663003,1412.7083333333333,36.78187498463845,36.915372456127415,nan,nan,1.6221155330611268,0.008972178318521337,1.0,1.5753087997436523,nan,nan,nan,nan,66.08033275604248,69.61449384689331,0.0019686222076416016,135.69680047035217
76,76,trpo,trpo_paper,trpo_paper,ALE/BeamRider-v5,atari,0,1,1.0,7835433,104132,72,72,4,1,559.2222222222222,165.30999685962246,1446.2777777777778,559.2222222222222,165.30999685962246,1446.2777777777778,37.06875003000999,37.148118193734874,nan,nan,1.604857821683056,0.005575366738739485,1.0,1.1470839977264404,nan,nan,nan,nan,67.34047317504883,71.23542094230652,0.0,138.57589864730835
77,77,trpo,trpo_paper,trpo_paper,ALE/BeamRider-v5,atari,0,1,1.0,7937894,102461,76,76,4,1,510.36842105263156,172.7513304164828,1348.171052631579,510.36842105263156,172.7513304164828,1348.171052631579,36.02330894498883,36.11425795546598,nan,nan,1.5902851812976402,0.006060480739013433,1.0,1.649064540863037,nan,nan,nan,nan,66.79633593559265,75.65495657920837,0.0,142.45129680633545
78,78,trpo,trpo_paper,trpo_paper,ALE/BeamRider-v5,atari,0,1,1.0,8040493,102599,75,75,4,1,530.6666666666666,174.9719469578544,1367.9866666666667,530.6666666666666,174.9719469578544,1367.9866666666667,36.868226359418706,36.979775022173705,nan,nan,1.597497380959488,0.00615949633955936,1.0,1.664091944694519,nan,nan,nan,nan,65.9193434715271,70.01727485656738,0.0,135.93662285804749
79,79,trpo,trpo_paper,trpo_paper,ALE/BeamRider-v5,atari,0,1,1.0,8142603,102110,76,76,4,1,530.3157894736842,150.1792096591616,1343.5526315789473,530.3157894736842,150.1792096591616,1343.5526315789473,37.4466059886397,37.570876230290864,nan,nan,1.5994660945074552,0.0061748313791696,1.0,1.6830401420593262,nan,nan,nan,nan,66.64214181900024,69.6674017906189,0.0,136.30954766273499
80,80,trpo,trpo_paper,trpo_paper,ALE/BeamRider-v5,atari,0,1,1.0,8244113,101510,75,75,4,1,538.1333333333333,146.30063415978606,1353.4666666666667,538.1333333333333,146.30063415978606,1353.4666666666667,37.84786235654123,37.94878952812531,nan,nan,1.5887980123186756,0.0052129344593940165,1.0,1.58976411819458,nan,nan,nan,nan,66.88666582107544,69.64840245246887,0.0,136.53507328033447
81,81,trpo,trpo_paper,trpo_paper,ALE/BeamRider-v5,atari,0,1,1.0,8347767,103654,72,72,4,1,557.1111111111111,167.41992742432257,1439.638888888889,557.1111111111111,167.41992742432257,1439.638888888889,36.962337590686325,37.042824263897195,nan,nan,1.566360923797562,0.007353412851799856,1.0,1.6352871656417847,nan,nan,nan,nan,67.43919706344604,70.82525324821472,0.0,138.26445412635803
82,82,trpo,trpo_paper,trpo_paper,ALE/BeamRider-v5,atari,0,1,1.0,8451639,103872,72,72,4,1,548.2222222222222,172.65236606016393,1442.6666666666667,548.2222222222222,172.65236606016393,1442.6666666666667,36.38216085663124,36.4603135349276,nan,nan,1.5217785415132326,0.00413359212818213,1.0,1.5108543634414673,nan,nan,nan,nan,67.53392386436462,71.0347249507904,0.0,138.56865406036377
83,83,trpo,trpo_paper,trpo_paper,ALE/BeamRider-v5,atari,0,1,1.0,8553568,101929,72,72,4,1,555.1111111111111,159.44378629364746,1415.6805555555557,555.1111111111111,159.44378629364746,1415.6805555555557,37.335033148073656,37.400564516722426,nan,nan,1.5390067300982793,0.0059762788326155085,1.0,0.9632031321525574,nan,nan,nan,nan,67.5829029083252,69.6571888923645,0.0,137.24010801315308
84,84,trpo,trpo_paper,trpo_paper,ALE/BeamRider-v5,atari,0,1,1.0,8657662,104094,72,72,4,1,577.8888888888889,208.74968766147995,1445.75,577.8888888888889,208.74968766147995,1445.75,38.295310458575905,38.39136906906258,nan,nan,1.5662082806465791,0.006595819079665672,1.0,1.3908569812774658,nan,nan,nan,nan,68.56378197669983,71.12888264656067,0.0,139.69266963005066
85,85,trpo,trpo_paper,trpo_paper,ALE/BeamRider-v5,atari,0,1,1.0,8759415,101753,75,75,4,1,549.44,170.4577554703804,1356.7066666666667,549.44,170.4577554703804,1356.7066666666667,38.52731307676432,38.66752638742838,nan,nan,1.5448899253123987,0.0072145901278019234,1.0,1.4674255847930908,nan,nan,nan,nan,65.01160907745361,69.46454644203186,0.0,134.47616028785706
86,86,trpo,trpo_paper,trpo_paper,ALE/BeamRider-v5,atari,0,1,1.0,8860882,101467,72,72,4,1,552.9444444444445,162.6140530425141,1409.263888888889,552.9444444444445,162.6140530425141,1409.263888888889,37.437380734007114,37.581545524037374,nan,nan,1.5612899246568466,0.008325508566039821,1.0,1.752892255783081,nan,nan,nan,nan,65.16161251068115,69.32415890693665,0.0,134.48577642440796
87,87,trpo,trpo_paper,trpo_paper,ALE/BeamRider-v5,atari,0,1,1.0,8964140,103258,72,72,4,1,568.1666666666666,154.6443051363713,1434.138888888889,568.1666666666666,154.6443051363713,1434.138888888889,37.785341995293344,37.87670295521897,nan,nan,1.5761348299738276,0.004722459110642228,1.0,1.3997821807861328,nan,nan,nan,nan,67.09805345535278,70.44388723373413,0.0,137.54194521903992
88,88,trpo,trpo_paper,trpo_paper,ALE/BeamRider-v5,atari,0,1,1.0,9067256,103116,76,76,4,1,542.7368421052631,153.04104784948973,1356.7894736842106,542.7368421052631,153.04104784948973,1356.7894736842106,38.03790558085069,38.13385804579309,nan,nan,1.5578654099206233,0.007365790025712474,1.0,1.3139989376068115,nan,nan,nan,nan,66.69266295433044,70.41831994056702,0.0,137.11098766326904
89,89,trpo,trpo_paper,trpo_paper,ALE/BeamRider-v5,atari,0,1,1.0,9170072,102816,72,72,4,1,542.5555555555555,196.7980414938179,1428.0,542.5555555555555,196.7980414938179,1428.0,36.2293973579015,36.32415097115235,nan,nan,1.5293629299321725,0.006004633746317733,1.0,1.4428322315216064,nan,nan,nan,nan,67.28342890739441,70.21949744224548,0.0,137.5029318332672
90,90,trpo,trpo_paper,trpo_paper,ALE/BeamRider-v5,atari,0,1,1.0,9273191,103119,73,73,4,1,551.5616438356165,151.87242179344938,1412.5890410958905,551.5616438356165,151.87242179344938,1412.5890410958905,37.068034564435266,37.17684074346144,nan,nan,1.5174067845386763,0.007889779626607023,1.0,1.31805419921875,nan,nan,nan,nan,66.56921577453613,70.34869861602783,0.0,136.91791939735413
91,91,trpo,trpo_paper,trpo_paper,ALE/BeamRider-v5,atari,0,1,1.0,9375653,102462,71,71,4,1,594.0845070422536,211.24965181928957,1443.1267605633802,594.0845070422536,211.24965181928957,1443.1267605633802,39.390150128828246,39.52019620688645,nan,nan,1.496850537806089,0.006502572118487241,1.0,1.6470379829406738,nan,nan,nan,nan,66.3551778793335,69.82702565193176,0.0,136.18220829963684
92,92,trpo,trpo_paper,trpo_paper,ALE/BeamRider-v5,atari,0,1,1.0,9480041,104388,71,71,4,1,585.8591549295775,180.77121917991508,1470.2535211267605,585.8591549295775,180.77121917991508,1470.2535211267605,38.12357607555466,38.223884839493046,nan,nan,1.5062777547766506,0.005753060580255624,1.0,1.3087788820266724,nan,nan,nan,nan,67.94874095916748,71.32864928245544,0.0,139.27739429473877
93,93,trpo,trpo_paper,trpo_paper,ALE/BeamRider-v5,atari,0,1,1.0,9581981,101940,74,74,4,1,561.2972972972973,157.18346396503276,1377.5675675675675,561.2972972972973,157.18346396503276,1377.5675675675675,38.89007259172062,38.99535442110555,nan,nan,1.4981878126839316,0.006495873590104307,1.0,1.3757355213165283,nan,nan,nan,nan,66.31588840484619,69.82784795761108,0.0,136.14374089241028
94,94,trpo,trpo_paper,trpo_paper,ALE/BeamRider-v5,atari,0,1,1.0,9685943,103962,73,73,4,1,573.5342465753424,151.31153404159707,1424.13698630137,573.5342465753424,151.31153404159707,1424.13698630137,38.544110317952715,38.671798649987494,nan,nan,1.4966206853225217,0.008423466238059861,1.0,1.4704461097717285,nan,nan,nan,nan,68.62222361564636,70.93797612190247,0.0,139.56020402908325
95,95,trpo,trpo_paper,trpo_paper,ALE/BeamRider-v5,atari,0,1,1.0,9789148,103205,70,70,4,1,578.1714285714286,188.39798083757023,1474.357142857143,578.1714285714286,188.39798083757023,1474.357142857143,37.34673889346446,37.46733094932416,nan,nan,1.4804230278935129,0.007602976020766665,1.0,1.375815510749817,nan,nan,nan,nan,67.44513273239136,70.44755578041077,0.0,137.89269351959229
96,96,trpo,trpo_paper,trpo_paper,ALE/BeamRider-v5,atari,0,1,1.0,9893064,103916,75,75,4,1,534.3466666666667,147.0217664912996,1385.5466666666666,534.3466666666667,147.0217664912996,1385.5466666666666,36.719940264251896,36.83863995318334,nan,nan,1.4744987368854412,0.006384445067890594,1.0,1.6720044612884521,nan,nan,nan,nan,67.79892659187317,70.9884922504425,0.0,138.7874231338501
97,97,trpo,trpo_paper,trpo_paper,ALE/BeamRider-v5,atari,0,1,1.0,9997229,104165,76,76,4,1,541.4736842105264,168.49781145573957,1370.592105263158,541.4736842105264,168.49781145573957,1370.592105263158,37.630747191955074,37.72475864613834,nan,nan,1.4637865424596794,0.00947989232943477,1.0,0.9779221415519714,nan,nan,nan,nan,68.20705652236938,71.05329513549805,0.0,139.26035737991333
98,98,trpo,trpo_paper,trpo_paper,ALE/BeamRider-v5,atari,0,1,1.0,10100630,103401,73,73,4,1,586.8493150684932,200.0301122011436,1416.4520547945206,586.8493150684932,200.0301122011436,1416.4520547945206,39.676471486010776,39.79848024922389,nan,nan,1.4242095284680516,0.007286147928863657,1.0,1.4245158433914185,nan,nan,nan,nan,66.3921308517456,70.58364725112915,0.0,136.97578287124634
99,99,trpo,trpo_paper,trpo_paper,ALE/BeamRider-v5,atari,0,1,1.0,10203478,102848,73,73,4,1,579.7260273972603,175.92442806804215,1408.876712328767,579.7260273972603,175.92442806804215,1408.876712328767,39.23765897246422,39.35419107566506,nan,nan,1.4331847821694395,0.008996682570158843,1.0,1.4501566886901855,nan,nan,nan,nan,66.77050399780273,70.39258027076721,0.0,137.16308879852295
100,100,trpo,trpo_paper,trpo_paper,ALE/BeamRider-v5,atari,0,1,1.0,10306380,102902,73,73,4,1,557.6438356164383,152.3943487485462,1409.6164383561643,557.6438356164383,152.3943487485462,1409.6164383561643,37.72279328876018,37.84723784523138,nan,nan,1.3748465052003362,0.008071477716120608,1.0,1.3257564306259155,nan,nan,nan,nan,66.75935053825378,70.27553272247314,0.0019481182098388672,137.03683638572693
101,101,trpo,trpo_paper,trpo_paper,ALE/BeamRider-v5,atari,0,1,1.0,10409110,102730,75,75,4,1,551.7866666666666,149.413635552077,1369.7333333333333,551.7866666666666,149.413635552077,1369.7333333333333,38.32486098267302,38.44572346807164,nan,nan,1.3841920739590432,0.006672175606382887,1.0,1.4564249515533447,nan,nan,nan,nan,67.32828783988953,70.1475076675415,0.0,137.47580122947693
102,102,trpo,trpo_paper,trpo_paper,ALE/BeamRider-v5,atari,0,1,1.0,10514062,104952,72,72,4,1,563.0555555555555,162.5388747422263,1457.6666666666667,563.0555555555555,162.5388747422263,1457.6666666666667,36.85635442273611,36.97051643251201,nan,nan,1.4119845039279861,0.007786832305479419,1.0,1.2575687170028687,nan,nan,nan,nan,68.41493558883667,71.87039160728455,0.0,140.28533267974854
103,103,trpo,trpo_paper,trpo_paper,ALE/BeamRider-v5,atari,0,1,1.0,10616559,102497,73,73,4,1,557.917808219178,148.78666841006273,1404.0684931506848,557.917808219178,148.78666841006273,1404.0684931506848,37.729989048459956,37.84306049811214,nan,nan,1.4321668503864746,0.00883976117518675,1.0,1.083214282989502,nan,nan,nan,nan,65.81034970283508,69.97544527053833,0.0,135.78579926490784
104,104,trpo,trpo_paper,trpo_paper,ALE/BeamRider-v5,atari,0,1,1.0,10720530,103971,69,69,4,1,585.3333333333334,159.0371997926095,1506.8260869565217,585.3333333333334,159.0371997926095,1506.8260869565217,37.12697561098768,37.24406986082658,nan,nan,1.4274280339439602,0.008590372112040482,1.0,1.2757083177566528,nan,nan,nan,nan,68.79140114784241,71.0117301940918,0.0,139.8031361103058
105,105,trpo,trpo_paper,trpo_paper,ALE/BeamRider-v5,atari,0,1,1.0,10824358,103828,72,72,4,1,563.5555555555555,150.88119764393818,1442.0555555555557,563.5555555555555,150.88119764393818,1442.0555555555557,37.249995184343334,37.390709273991604,nan,nan,1.4555547621426783,0.0078858370227427,1.0,1.381678819656372,nan,nan,nan,nan,66.85912322998047,70.81425857543945,0.0,137.67338705062866
106,106,trpo,trpo_paper,trpo_paper,ALE/BeamRider-v5,atari,0,1,1.0,10927331,102973,74,74,4,1,565.4054054054054,159.14152454858052,1391.527027027027,565.4054054054054,159.14152454858052,1391.527027027027,38.63321301457664,38.748934338370255,nan,nan,1.4152667797702432,0.007910121628824698,1.0,1.1709709167480469,nan,nan,nan,nan,66.59493851661682,70.42661786079407,0.0,137.02156734466553
107,107,trpo,trpo_paper,trpo_paper,ALE/BeamRider-v5,atari,0,1,1.0,11029248,101917,71,71,4,1,548.169014084507,189.91999693833228,1435.4507042253522,548.169014084507,189.91999693833228,1435.4507042253522,36.31111905091888,36.45134620880226,nan,nan,1.3843143444083175,0.008170904020263641,1.0,1.5632034540176392,nan,nan,nan,nan,65.52942490577698,69.65850687026978,0.0,135.18793654441833
108,108,trpo,trpo_paper,trpo_paper,ALE/BeamRider-v5,atari,0,1,1.0,11132235,102987,71,71,4,1,582.6478873239437,169.13359155209602,1450.5211267605634,582.6478873239437,169.13359155209602,1450.5211267605634,38.365529144455124,38.365529144455124,nan,nan,1.352853451012021,0.0,0.0,1.5950125455856323,nan,nan,nan,nan,68.22582650184631,121.86103558540344,0.0,190.08686685562134
109,109,trpo,trpo_paper,trpo_paper,ALE/BeamRider-v5,atari,0,1,1.0,11235549,103314,72,72,4,1,564.7777777777778,156.58102466119774,1434.9166666666667,564.7777777777778,156.58102466119774,1434.9166666666667,37.51595651363804,37.64311422580676,nan,nan,1.3482741800028313,0.008087704596180993,1.0,1.2774455547332764,nan,nan,nan,nan,68.42463040351868,70.39559721946716,0.0,138.82023310661316
110,110,trpo,trpo_paper,trpo_paper,ALE/BeamRider-v5,atari,0,1,1.0,11340183,104634,75,75,4,1,549.76,167.49159899330274,1395.12,549.76,167.49159899330274,1395.12,37.48701694716822,37.6203543422788,nan,nan,1.3496201547626727,0.00738666778415425,1.0,1.5823540687561035,nan,nan,nan,nan,66.89146518707275,71.46759009361267,0.0,138.35905981063843
111,111,trpo,trpo_paper,trpo_paper,ALE/BeamRider-v5,atari,0,1,1.0,11443372,103189,72,72,4,1,568.5555555555555,147.91034154447237,1433.1805555555557,568.5555555555555,147.91034154447237,1433.1805555555557,37.84158255724932,37.976812269234124,nan,nan,1.3624813297686769,0.00746698187680072,1.0,1.650511622428894,nan,nan,nan,nan,67.34411597251892,70.42429494857788,0.0,137.76841497421265
112,112,trpo,trpo_paper,trpo_paper,ALE/BeamRider-v5,atari,0,1,1.0,11545823,102451,70,70,4,1,595.6,193.1917182489974,1463.5857142857142,595.6,193.1917182489974,1463.5857142857142,38.85493293745303,38.89638613825146,nan,nan,1.2978284903042063,0.0011542553226639351,1.0,1.3089203834533691,nan,nan,nan,nan,65.89415287971497,92.7260353565216,0.0,158.62019300460815
113,113,trpo,trpo_paper,trpo_paper,ALE/BeamRider-v5,atari,0,1,1.0,11648645,102822,70,70,4,1,609.4285714285714,159.24254379751048,1468.8857142857144,609.4285714285714,159.24254379751048,1468.8857142857144,39.77930276351365,39.79662228778861,nan,nan,1.3057299141279954,0.00011836121811734434,1.0,1.6880606412887573,nan,nan,nan,nan,66.91116452217102,121.48086142539978,0.0,188.39203071594238
114,114,trpo,trpo_paper,trpo_paper,ALE/BeamRider-v5,atari,0,1,1.0,11750973,102328,72,72,4,1,581.7222222222222,157.17198844138,1421.2222222222222,581.7222222222222,157.17198844138,1421.2222222222222,39.026101421409585,39.163033333984835,nan,nan,1.3002340092948654,0.007342147025268852,1.0,1.4501700401306152,nan,nan,nan,nan,66.21830892562866,70.00791811943054,0.0,136.22623229026794
115,115,trpo,trpo_paper,trpo_paper,ALE/BeamRider-v5,atari,0,1,1.0,11855541,104568,71,71,4,1,594.0845070422536,168.3455321969445,1472.7887323943662,594.0845070422536,168.3455321969445,1472.7887323943662,38.44603571360263,38.581935917297834,nan,nan,1.3578364340369424,0.007729329747177,1.0,1.6057664155960083,nan,nan,nan,nan,67.21576619148254,71.65916442871094,0.0,138.87493538856506
116,116,trpo,trpo_paper,trpo_paper,ALE/BeamRider-v5,atari,0,1,1.0,11959501,103960,72,72,4,1,586.8888888888889,200.9126092190579,1443.888888888889,586.8888888888889,200.9126092190579,1443.888888888889,38.8425118434975,38.99583794247788,nan,nan,1.3186494646002669,0.006865114217216279,1.0,1.9571948051452637,nan,nan,nan,nan,68.11720418930054,71.0208146572113,0.0,139.13802361488342
117,117,trpo,trpo_paper,trpo_paper,ALE/BeamRider-v5,atari,0,1,1.0,12063757,104256,72,72,4,1,586.5555555555555,146.07502723000573,1448.0,586.5555555555555,146.07502723000573,1448.0,38.81544797181937,38.94008288491789,nan,nan,1.306746209450775,0.007923695486910217,1.0,1.4354667663574219,nan,nan,nan,nan,67.78016710281372,71.40271186828613,0.0,139.18288373947144
118,118,trpo,trpo_paper,trpo_paper,ALE/BeamRider-v5,atari,0,1,1.0,12166628,102871,67,67,4,1,620.1194029850747,182.35077910019893,1535.3880597014925,620.1194029850747,182.35077910019893,1535.3880597014925,38.6712545323755,38.78374599619912,nan,nan,1.3288916373039414,0.00767129056058431,1.0,1.3525737524032593,nan,nan,nan,nan,66.5360324382782,70.24801111221313,0.0,136.78404879570007
119,119,trpo,trpo_paper,trpo_paper,ALE/BeamRider-v5,atari,0,1,1.0,12268909,102281,68,68,4,1,611.9411764705883,183.72933115871206,1504.1323529411766,611.9411764705883,183.72933115871206,1504.1323529411766,38.84601352523929,38.96854025307731,nan,nan,1.3203149251510544,0.00639556878140843,1.0,1.5258691310882568,nan,nan,nan,nan,65.62337875366211,69.93633842468262,0.0,135.5597221851349
120,120,trpo,trpo_paper,trpo_paper,ALE/BeamRider-v5,atari,0,1,1.0,12371236,102327,67,67,4,1,615.5223880597015,184.95343167087896,1527.2686567164178,615.5223880597015,184.95343167087896,1527.2686567164178,38.52879097159108,38.643773454220295,nan,nan,1.3116546994408855,0.007756092593518759,1.0,1.5959073305130005,nan,nan,nan,nan,66.43732213973999,70.02216601371765,0.0,136.45949292182922
121,121,trpo,trpo_paper,trpo_paper,ALE/BeamRider-v5,atari,0,1,1.0,12473859,102623,75,75,4,1,556.1066666666667,158.92300637590378,1368.3066666666666,556.1066666666667,158.92300637590378,1368.3066666666666,38.72596847197997,38.77469247269131,nan,nan,1.2762201935421398,0.0010140000378688091,1.0,1.6485661268234253,nan,nan,nan,nan,66.74325370788574,92.73040390014648,0.0,159.4736626148224
122,122,trpo,trpo_paper,trpo_paper,ALE/BeamRider-v5,atari,0,1,1.0,12576572,102713,67,67,4,1,622.6865671641791,188.35011927657283,1533.0298507462687,622.6865671641791,188.35011927657283,1533.0298507462687,38.862377297664366,38.91341772706473,nan,nan,1.2889491731891898,0.0011640051689989842,1.0,1.5486379861831665,nan,nan,nan,nan,67.75143098831177,92.80488014221191,0.0,160.55631518363953
123,123,trpo,trpo_paper,trpo_paper,ALE/BeamRider-v5,atari,0,1,1.0,12680633,104061,70,70,4,1,592.7428571428571,175.18550867289107,1486.5857142857142,592.7428571428571,175.18550867289107,1486.5857142857142,38.063139348555175,38.063139348555175,nan,nan,1.290503774528882,0.0,0.0,1.7506566047668457,nan,nan,nan,nan,67.92441892623901,123.17558860778809,0.0,191.10001158714294
124,124,trpo,trpo_paper,trpo_paper,ALE/BeamRider-v5,atari,0,1,1.0,12783522,102889,72,72,4,1,574.7222222222222,160.48098037377636,1429.013888888889,574.7222222222222,160.48098037377636,1429.013888888889,38.43537103699132,38.571757093809836,nan,nan,1.2911229207340555,0.008042949144015522,1.0,1.4735599756240845,nan,nan,nan,nan,65.9050612449646,70.40136361122131,0.0,136.30643272399902
125,125,trpo,trpo_paper,trpo_paper,ALE/BeamRider-v5,atari,0,1,1.0,12886199,102677,67,67,4,1,619.5223880597015,169.92855023609764,1532.4925373134329,619.5223880597015,169.92855023609764,1532.4925373134329,38.767187697829115,38.767187697829115,nan,nan,1.3182091865601595,0.0,0.0,1.5261427164077759,nan,nan,nan,nan,67.30468797683716,121.45428228378296,0.0019469261169433594,188.7609224319458
126,126,trpo,trpo_paper,trpo_paper,ALE/BeamRider-v5,atari,0,1,1.0,12988243,102044,70,70,4,1,595.3714285714286,181.3204087030605,1457.7714285714285,595.3714285714286,181.3204087030605,1457.7714285714285,39.010937224383596,39.129404043843834,nan,nan,1.316817133762458,0.007417573228416808,1.0,1.474488377571106,nan,nan,nan,nan,67.15159821510315,69.63113975524902,0.0,136.7827434539795
127,127,trpo,trpo_paper,trpo_paper,ALE/BeamRider-v5,atari,0,1,1.0,13091008,102765,71,71,4,1,585.0704225352113,158.65342900052391,1447.394366197183,585.0704225352113,158.65342900052391,1447.394366197183,38.569661971488344,38.698431798277625,nan,nan,1.3091255306402958,0.007338536772406627,1.0,1.6763279438018799,nan,nan,nan,nan,66.98831129074097,70.01135158538818,0.0,136.9996681213379
128,128,trpo,trpo_paper,trpo_paper,ALE/BeamRider-v5,atari,0,1,1.0,13193808,102800,70,70,4,1,588.6285714285714,188.28384130869858,1468.5714285714287,588.6285714285714,188.28384130869858,1468.5714285714287,38.237299671692604,38.30712943822957,nan,nan,1.3215914263892266,0.0017215649319943112,1.0,1.8524248600006104,nan,nan,nan,nan,66.63780570030212,87.28948640823364,0.0,153.92729663848877
129,129,trpo,trpo_paper,trpo_paper,ALE/BeamRider-v5,atari,0,1,1.0,13297060,103252,70,70,4,1,599.4857142857143,201.9356858618352,1475.0285714285715,599.4857142857143,201.9356858618352,1475.0285714285715,38.779194803732615,38.81777865077674,nan,nan,1.3056891641626795,0.0007493837669245019,1.0,1.4207699298858643,nan,nan,nan,nan,66.53532028198242,99.09199571609497,0.0,165.62732076644897
130,130,trpo,trpo_paper,trpo_paper,ALE/BeamRider-v5,atari,0,1,1.0,13401141,104081,68,68,4,1,623.1176470588235,201.2932839395531,1530.6029411764705,623.1176470588235,201.2932839395531,1530.6029411764705,39.145865359671795,39.27342376370327,nan,nan,1.2911433988311989,0.006958710999413097,1.0,1.284630298614502,nan,nan,nan,nan,66.89264392852783,70.99592876434326,0.0,137.88857769966125
131,131,trpo,trpo_paper,trpo_paper,ALE/BeamRider-v5,atari,0,1,1.0,13504686,103545,66,66,4,1,628.6666666666666,137.59771550840267,1568.8636363636363,628.6666666666666,137.59771550840267,1568.8636363636363,38.274689144816264,38.39586140084022,nan,nan,1.3433417007701964,0.005065590963432285,1.0,1.6245026588439941,nan,nan,nan,nan,68.76118063926697,76.29178071022034,0.0,145.05296635627747
132,132,trpo,trpo_paper,trpo_paper,ALE/BeamRider-v5,atari,0,1,1.0,13607568,102882,66,66,4,1,622.2424242424242,172.64449903969864,1558.8181818181818,622.2424242424242,172.64449903969864,1558.8181818181818,38.18867048536187,38.18867048536187,nan,nan,1.3378076453789292,0.0,0.0,1.6105502843856812,nan,nan,nan,nan,67.59430932998657,121.67887711524963,0.0,189.2731909751892
133,133,trpo,trpo_paper,trpo_paper,ALE/BeamRider-v5,atari,0,1,1.0,13711171,103603,68,68,4,1,631.4117647058823,181.11194420076203,1523.5735294117646,631.4117647058823,181.11194420076203,1523.5735294117646,39.56557966468152,39.60422221726205,nan,nan,1.3382746169195752,0.0007428215996792598,1.0,1.4729901552200317,nan,nan,nan,nan,66.94903779029846,99.11161255836487,0.0,166.0606551170349
134,134,trpo,trpo_paper,trpo_paper,ALE/BeamRider-v5,atari,0,1,1.0,13814889,103718,67,67,4,1,614.2089552238806,153.7499945213864,1548.0298507462687,614.2089552238806,153.7499945213864,1548.0298507462687,37.98589173287183,37.98589173287183,nan,nan,1.3243466414791791,0.0,0.0,1.6194939613342285,nan,nan,nan,nan,67.40642237663269,122.28038597106934,0.0,189.68681263923645
135,135,trpo,trpo_paper,trpo_paper,ALE/BeamRider-v5,atari,0,1,1.0,13917162,102273,64,64,4,1,644.4375,177.39802308298138,1598.015625,644.4375,177.39802308298138,1598.015625,38.63833165889336,38.63833165889336,nan,nan,1.324842721426354,0.0,0.0,1.6213657855987549,nan,nan,nan,nan,65.75453567504883,120.65713381767273,0.0,186.41167426109314
136,136,trpo,trpo_paper,trpo_paper,ALE/BeamRider-v5,atari,0,1,1.0,14021132,103970,68,68,4,1,608.1764705882352,145.48326578282936,1528.9705882352941,608.1764705882352,145.48326578282936,1528.9705882352941,37.97229549389247,38.09799085673752,nan,nan,1.3267577843217995,0.006884244803797514,1.0,1.617348074913025,nan,nan,nan,nan,67.39257407188416,70.96662545204163,0.0,138.3592050075531
137,137,trpo,trpo_paper,trpo_paper,ALE/BeamRider-v5,atari,0,1,1.0,14124631,103499,67,67,4,1,606.5671641791045,196.45175047602007,1544.7611940298507,606.5671641791045,196.45175047602007,1544.7611940298507,37.46295646576296,37.504509705407784,nan,nan,1.302650493603803,0.0007862959367541024,1.0,1.4826784133911133,nan,nan,nan,nan,66.85192728042603,99.22340512275696,0.0,166.075336933136
138,138,trpo,trpo_paper,trpo_paper,ALE/BeamRider-v5,atari,0,1,1.0,14227855,103224,66,66,4,1,634.3030303030303,179.4051593542908,1564.0,634.3030303030303,179.4051593542908,1564.0,38.833599441505854,38.833599441505854,nan,nan,1.2908903853815488,0.0,0.0,1.5616878271102905,nan,nan,nan,nan,67.85226464271545,121.91090965270996,0.0,189.76317954063416
139,139,trpo,trpo_paper,trpo_paper,ALE/BeamRider-v5,atari,0,1,1.0,14332169,104314,69,69,4,1,610.3768115942029,183.18068228077044,1511.7971014492753,610.3768115942029,183.18068228077044,1511.7971014492753,38.49331645320858,38.614301981277684,nan,nan,1.290654598136396,0.0067121139031411335,1.0,1.392212152481079,nan,nan,nan,nan,66.92137861251831,71.07668042182922,0.0,137.99806308746338
140,140,trpo,trpo_paper,trpo_paper,ALE/BeamRider-v5,atari,0,1,1.0,14434106,101937,69,69,4,1,576.0,167.44975452312576,1477.3478260869565,576.0,167.44975452312576,1477.3478260869565,37.21887101530847,37.345715521596674,nan,nan,1.3536215133949154,0.00764253993359232,1.0,1.819317102432251,nan,nan,nan,nan,65.62333869934082,69.74338674545288,0.0,135.3667290210724
141,141,trpo,trpo_paper,trpo_paper,ALE/BeamRider-v5,atari,0,1,1.0,14538802,104696,68,68,4,1,591.1176470588235,197.68405641115714,1539.6470588235295,591.1176470588235,197.68405641115714,1539.6470588235295,36.78878580604799,36.78878580604799,nan,nan,1.344543480350252,0.0,0.0,1.19847571849823,nan,nan,nan,nan,68.61257743835449,123.68748021125793,0.0,192.3000614643097
142,142,trpo,trpo_paper,trpo_paper,ALE/BeamRider-v5,atari,0,1,1.0,14641582,102780,72,72,4,1,587.2222222222222,190.32444683153133,1427.5,587.2222222222222,190.32444683153133,1427.5,39.2731913735649,39.400909253989106,nan,nan,1.3428938117976503,0.00694198823887525,1.0,1.7237879037857056,nan,nan,nan,nan,66.47203183174133,70.1822464466095,0.0,136.65428256988525
143,143,trpo,trpo_paper,trpo_paper,ALE/BeamRider-v5,atari,0,1,1.0,14744569,102987,69,69,4,1,602.3768115942029,179.45013448489155,1492.5652173913043,602.3768115942029,179.45013448489155,1492.5652173913043,38.524318755037044,38.6494481706429,nan,nan,1.331641467035888,0.006464383295147081,1.0,1.5652722120285034,nan,nan,nan,nan,67.1725652217865,70.27738237380981,0.0,137.4499523639679
144,144,trpo,trpo_paper,trpo_paper,ALE/BeamRider-v5,atari,0,1,1.0,14847746,103177,69,69,4,1,587.4782608695652,145.28079844554625,1495.3188405797102,587.4782608695652,145.28079844554625,1495.3188405797102,37.49780701488704,37.628918327243476,nan,nan,1.3501335141159125,0.007119623156433598,1.0,1.670831561088562,nan,nan,nan,nan,68.10804653167725,70.48988652229309,0.0,138.59793734550476
145,145,trpo,trpo_paper,trpo_paper,ALE/BeamRider-v5,atari,0,1,1.0,14951148,103402,71,71,4,1,607.887323943662,176.34277993867707,1456.3661971830986,607.887323943662,176.34277993867707,1456.3661971830986,39.83491161921433,39.96477915079012,nan,nan,1.3160365517440427,0.006791560317309272,1.0,1.6374672651290894,nan,nan,nan,nan,66.91332077980042,70.60788822174072,0.0,137.52121329307556
146,146,trpo,trpo_paper,trpo_paper,ALE/BeamRider-v5,atari,0,1,1.0,15056513,105365,73,73,4,1,585.6438356164383,161.52945105426065,1443.3561643835617,585.6438356164383,161.52945105426065,1443.3561643835617,38.84768364732122,38.96766389455701,nan,nan,1.2845961434655722,0.006832590043933332,1.0,1.4668238162994385,nan,nan,nan,nan,67.97440671920776,71.89058756828308,0.0,139.86499857902527
147,147,trpo,trpo_paper,trpo_paper,ALE/BeamRider-v5,atari,0,1,1.0,15161075,104562,71,71,4,1,590.8732394366198,164.8424710740158,1472.7042253521126,590.8732394366198,164.8424710740158,1472.7042253521126,38.27749893603795,38.38441217889864,nan,nan,1.274827277080524,0.006694917539881553,1.0,1.3905702829360962,nan,nan,nan,nan,68.03835272789001,71.35926938056946,0.0,139.3976263999939
148,148,trpo,trpo_paper,trpo_paper,ALE/BeamRider-v5,atari,0,1,1.0,15264095,103020,66,66,4,1,632.4848484848485,184.11000025711263,1560.909090909091,632.4848484848485,184.11000025711263,1560.909090909091,38.747477886575425,38.859617064647644,nan,nan,1.255353850814769,0.005014862721018208,1.0,1.6677953004837036,nan,nan,nan,nan,66.55553936958313,76.11422085762024,0.0,142.6697645187378
149,149,trpo,trpo_paper,trpo_paper,ALE/BeamRider-v5,atari,0,1,1.0,15366744,102649,67,67,4,1,619.2835820895523,187.79973502835642,1532.0746268656717,619.2835820895523,187.79973502835642,1532.0746268656717,38.51486939108028,38.64106216938304,nan,nan,1.2369629967017457,0.005973628424218536,1.0,1.3933584690093994,nan,nan,nan,nan,66.15929293632507,70.10737419128418,0.0,136.2666711807251
150,150,trpo,trpo_paper,trpo_paper,ALE/BeamRider-v5,atari,0,1,1.0,15470263,103519,70,70,4,1,600.9142857142857,191.48045352367603,1478.8428571428572,600.9142857142857,191.48045352367603,1478.8428571428572,38.79423312387098,38.94387654681749,nan,nan,1.280320152958032,0.008313228959893369,1.0,1.6577656269073486,nan,nan,nan,nan,68.08559489250183,70.52258348464966,0.0019481182098388672,138.61013197898865
151,151,trpo,trpo_paper,trpo_paper,ALE/BeamRider-v5,atari,0,1,1.0,15571829,101566,68,68,4,1,584.9411764705883,198.67693865055676,1493.6176470588234,584.9411764705883,198.67693865055676,1493.6176470588234,37.29225877446685,37.41398450268791,nan,nan,1.2402749841774683,0.007439860944376427,1.0,1.372277855873108,nan,nan,nan,nan,65.46510696411133,69.29311561584473,0.0,134.75822734832764
152,152,trpo,trpo_paper,trpo_paper,ALE/BeamRider-v5,atari,0,1,1.0,15674432,102603,67,67,4,1,616.776119402985,167.74855213428796,1531.3880597014925,616.776119402985,167.74855213428796,1531.3880597014925,38.56379108067016,38.66889765650127,nan,nan,1.1991135679664582,0.006205334176116875,1.0,1.2183983325958252,nan,nan,nan,nan,66.82172775268555,75.69658827781677,0.0,142.51832056045532
153,153,trpo,trpo_paper,trpo_paper,ALE/BeamRider-v5,atari,0,1,1.0,15776158,101726,67,67,4,1,627.1641791044776,172.64307041303326,1518.2985074626865,627.1641791044776,172.64307041303326,1518.2985074626865,39.474197230796456,39.52676445181173,nan,nan,1.1962840753362587,0.0012648506237008933,1.0,1.490496039390564,nan,nan,nan,nan,64.928626537323,91.86047506332397,0.0,156.78910660743713
154,154,trpo,trpo_paper,trpo_paper,ALE/BeamRider-v5,atari,0,1,1.0,15877964,101806,69,69,4,1,606.7246376811594,164.66178635536022,1475.4492753623188,606.7246376811594,164.66178635536022,1475.4492753623188,39.28463112439346,39.28463112439346,nan,nan,1.1823006003759602,0.0,0.0,1.1709551811218262,nan,nan,nan,nan,66.26973390579224,120.26193928718567,0.0,186.5316779613495
155,155,trpo,trpo_paper,trpo_paper,ALE/BeamRider-v5,atari,0,1,1.0,15981415,103451,70,70,4,1,604.5142857142857,228.20534254777417,1477.8714285714286,604.5142857142857,228.20534254777417,1477.8714285714286,38.975606960058386,38.975606960058386,nan,nan,1.1825072131824488,0.0,0.0,1.2244473695755005,nan,nan,nan,nan,68.3747718334198,122.33190989494324,0.0,190.70668578147888
156,156,trpo,trpo_paper,trpo_paper,ALE/BeamRider-v5,atari,0,1,1.0,16084134,102719,67,67,4,1,647.1044776119403,220.35067941862465,1533.1194029850747,647.1044776119403,220.35067941862465,1533.1194029850747,40.36826104469475,40.36826104469475,nan,nan,1.1851270307982213,0.0,0.0,1.2110580205917358,nan,nan,nan,nan,66.25135707855225,121.47114539146423,0.0,187.72250652313232
157,157,trpo,trpo_paper,trpo_paper,ALE/BeamRider-v5,atari,0,1,1.0,16186603,102469,68,68,4,1,607.5882352941177,189.91160755762434,1506.8970588235295,607.5882352941177,189.91160755762434,1506.8970588235295,38.517639023753524,38.54040002342172,nan,nan,1.182906952155957,0.00033911223613073164,1.0,1.196929931640625,nan,nan,nan,nan,65.69577956199646,109.55115175247192,0.0,175.24693632125854
158,158,trpo,trpo_paper,trpo_paper,ALE/BeamRider-v5,atari,0,1,1.0,16287636,101033,66,66,4,1,619.5757575757576,188.77997940572533,1530.8030303030303,619.5757575757576,188.77997940572533,1530.8030303030303,38.63629457701939,38.76737922263023,nan,nan,1.1793587379092723,0.007460865959034784,1.0,1.2311512231826782,nan,nan,nan,nan,65.15967106819153,69.03268480300903,0.0,134.19236040115356
159,159,trpo,trpo_paper,trpo_paper,ALE/BeamRider-v5,atari,0,1,1.0,16390293,102657,71,71,4,1,595.2112676056338,180.23661408309812,1445.8732394366198,595.2112676056338,180.23661408309812,1445.8732394366198,39.23109907263996,39.36386918329973,nan,nan,1.1727632593019108,0.007158930894000917,1.0,1.4883521795272827,nan,nan,nan,nan,66.7488341331482,70.22506403923035,0.0,136.97390246391296
160,160,trpo,trpo_paper,trpo_paper,ALE/BeamRider-v5,atari,0,1,1.0,16491919,101626,70,70,4,1,589.1428571428571,168.21094628168404,1451.8,589.1428571428571,168.21094628168404,1451.8,38.663768222452916,38.757932578769214,nan,nan,1.2235520697136437,0.003013159875607644,1.0,1.7357145547866821,nan,nan,nan,nan,65.46786594390869,80.81928181648254,0.0,146.28715252876282
161,161,trpo,trpo_paper,trpo_paper,ALE/BeamRider-v5,atari,0,1,1.0,16594916,102997,71,71,4,1,584.5633802816901,174.63916379848956,1450.661971830986,584.5633802816901,174.63916379848956,1450.661971830986,38.49903941376933,38.59484620911289,nan,nan,1.209097479401706,0.006043769180654716,1.0,1.252177119255066,nan,nan,nan,nan,67.05359721183777,70.46750593185425,0.0,137.5211079120636
162,162,trpo,trpo_paper,trpo_paper,ALE/BeamRider-v5,atari,0,1,1.0,16697491,102575,68,68,4,1,624.5294117647059,188.7991829640406,1508.4558823529412,624.5294117647059,188.7991829640406,1508.4558823529412,39.699219168900804,39.72052918596149,nan,nan,1.2043526268888618,0.00022232486376125304,1.0,1.3338974714279175,nan,nan,nan,nan,67.02221727371216,115.6315975189209,0.0,182.65381932258606
163,163,trpo,trpo_paper,trpo_paper,ALE/BeamRider-v5,atari,0,1,1.0,16800142,102651,70,70,4,1,582.5714285714286,192.4269487682141,1466.442857142857,582.5714285714286,192.4269487682141,1466.442857142857,38.01264965757762,38.125494698054574,nan,nan,1.2005180649269125,0.0053986410941422765,1.0,1.527828335762024,nan,nan,nan,nan,66.64502954483032,75.6817831993103,0.0,142.32681727409363
164,164,trpo,trpo_paper,trpo_paper,ALE/BeamRider-v5,atari,0,1,1.0,16903032,102890,67,67,4,1,611.3432835820895,172.64176975415003,1535.6716417910447,611.3432835820895,172.64176975415003,1535.6716417910447,37.997377053163575,37.997377053163575,nan,nan,1.189688908512732,0.0,0.0,1.040783405303955,nan,nan,nan,nan,65.86729669570923,121.34397983551025,0.0,187.21128177642822
165,165,trpo,trpo_paper,trpo_paper,ALE/BeamRider-v5,atari,0,1,1.0,17006676,103644,70,70,4,1,602.8571428571429,158.41088397981153,1480.6285714285714,602.8571428571429,158.41088397981153,1480.6285714285714,38.891807382723556,38.891807382723556,nan,nan,1.1959744903527942,0.0,0.0,1.471787691116333,nan,nan,nan,nan,66.87691903114319,122.33575558662415,0.0,189.21267890930176
166,166,trpo,trpo_paper,trpo_paper,ALE/BeamRider-v5,atari,0,1,1.0,17110537,103861,73,73,4,1,586.1917808219179,153.3495119299616,1422.7534246575342,586.1917808219179,153.3495119299616,1422.7534246575342,39.29072901522227,39.40414953639961,nan,nan,1.193169677727323,0.006437504400594781,1.0,1.409209966659546,nan,nan,nan,nan,67.31332874298096,70.93877053260803,0.0,138.25210309028625
167,167,trpo,trpo_paper,trpo_paper,ALE/BeamRider-v5,atari,0,1,1.0,17213721,103184,71,71,4,1,597.3521126760563,161.50132765263808,1453.2957746478874,597.3521126760563,161.50132765263808,1453.2957746478874,39.17199371995658,39.292330933090405,nan,nan,1.20611849569095,0.007575057640831741,1.0,1.3195613622665405,nan,nan,nan,nan,67.85804533958435,70.54402494430542,0.0,138.40207529067993
168,168,trpo,trpo_paper,trpo_paper,ALE/BeamRider-v5,atari,0,1,1.0,17316376,102655,71,71,4,1,591.5492957746479,162.8015977992321,1445.8450704225352,591.5492957746479,162.8015977992321,1445.8450704225352,38.97044438897277,39.09604241756369,nan,nan,1.237334786801057,0.00896931910919749,1.0,1.2902318239212036,nan,nan,nan,nan,65.89586400985718,70.08957028388977,0.0,135.98543882369995
169,169,trpo,trpo_paper,trpo_paper,ALE/BeamRider-v5,atari,0,1,1.0,17419825,103449,68,68,4,1,629.0,189.24913551749094,1521.3088235294117,629.0,189.24913551749094,1521.3088235294117,39.635226053417625,39.74202958704289,nan,nan,1.2410010193730727,0.005190316621914887,1.0,1.4301135540008545,nan,nan,nan,nan,67.91812086105347,76.35965704917908,0.0,144.27778363227844
170,170,trpo,trpo_paper,trpo_paper,ALE/BeamRider-v5,atari,0,1,1.0,17523128,103303,72,72,4,1,598.0,187.01633915546284,1434.763888888889,598.0,187.01633915546284,1434.763888888889,39.62683592199646,39.670380155949005,nan,nan,1.2473664301708325,0.0008232756291866636,1.0,1.4818376302719116,nan,nan,nan,nan,67.47598195075989,99.15916895866394,0.0,166.635155916214
171,171,trpo,trpo_paper,trpo_paper,ALE/BeamRider-v5,atari,0,1,1.0,17626847,103719,69,69,4,1,594.0289855072464,182.92011173127574,1503.1739130434783,594.0289855072464,182.92011173127574,1503.1739130434783,37.75240403156606,37.882603777996316,nan,nan,1.2484667576125155,0.007873473592693149,1.0,1.3024234771728516,nan,nan,nan,nan,68.65929841995239,70.83096289634705,0.0,139.4902663230896
172,172,trpo,trpo_paper,trpo_paper,ALE/BeamRider-v5,atari,0,1,1.0,17728734,101887,70,70,4,1,583.7142857142857,142.02506246204203,1455.5285714285715,583.7142857142857,142.02506246204203,1455.5285714285715,38.1740564915053,38.309365859972324,nan,nan,1.2453898643534014,0.00755009130410714,1.0,1.5092029571533203,nan,nan,nan,nan,66.92410206794739,69.75033116340637,0.0,136.6744384765625
173,173,trpo,trpo_paper,trpo_paper,ALE/BeamRider-v5,atari,0,1,1.0,17831682,102948,67,67,4,1,623.7014925373135,205.60772786781718,1536.5373134328358,623.7014925373135,205.60772786781718,1536.5373134328358,38.78359523740141,38.905370915413606,nan,nan,1.2191421977752117,0.00872543139112018,1.0,1.2486265897750854,nan,nan,nan,nan,67.9092423915863,70.48327231407166,0.0,138.39251971244812
174,174,trpo,trpo_paper,trpo_paper,ALE/BeamRider-v5,atari,0,1,1.0,17935125,103443,69,69,4,1,604.231884057971,199.96855875525335,1499.1739130434783,604.231884057971,199.96855875525335,1499.1739130434783,38.44451020127026,38.567682503891035,nan,nan,1.1919757061255958,0.006773938346399493,1.0,1.3885726928710938,nan,nan,nan,nan,66.43579816818237,70.79858803749084,0.0,137.2343909740448
175,175,trpo,trpo_paper,trpo_paper,ALE/BeamRider-v5,atari,0,1,1.0,18038269,103144,70,70,4,1,604.1142857142858,180.4856577489226,1473.4857142857143,604.1142857142858,180.4856577489226,1473.4857142857143,39.10052450942372,39.13903029381253,nan,nan,1.2028123019304322,0.0005031317950028877,1.0,1.6979378461837769,nan,nan,nan,nan,66.43003392219543,104.94146871566772,0.0021276473999023438,171.37363505363464
176,176,trpo,trpo_paper,trpo_paper,ALE/BeamRider-v5,atari,0,1,1.0,18139876,101607,64,64,4,1,650.5,192.60646406598093,1587.609375,650.5,192.60646406598093,1587.609375,39.196121914582655,39.348056113259915,nan,nan,1.1828942199633146,0.00736536129325729,1.0,1.6758605241775513,nan,nan,nan,nan,65.30095338821411,69.47572636604309,0.0,134.7766842842102
177,177,trpo,trpo_paper,trpo_paper,ALE/BeamRider-v5,atari,0,1,1.0,18243097,103221,65,65,4,1,630.276923076923,199.38486229804275,1588.0153846153846,630.276923076923,199.38486229804275,1588.0153846153846,38.00221263720561,38.13187693153525,nan,nan,1.2488477109339426,0.007579723884772646,1.0,1.4376643896102905,nan,nan,nan,nan,67.65739417076111,70.55190706253052,0.0,138.2093062400818
178,178,trpo,trpo_paper,trpo_paper,ALE/BeamRider-v5,atari,0,1,1.0,18345728,102631,69,69,4,1,625.7971014492754,210.26474545202342,1487.4057971014493,625.7971014492754,210.26474545202342,1487.4057971014493,40.10842453790765,40.27216557375452,nan,nan,1.19832919995999,0.007713828968801013,1.0,1.581748604774475,nan,nan,nan,nan,66.26411414146423,70.1632194519043,0.0,136.42733788490295
179,179,trpo,trpo_paper,trpo_paper,ALE/BeamRider-v5,atari,0,1,1.0,18449940,104212,69,69,4,1,652.4057971014493,205.9093876160643,1510.3188405797102,652.4057971014493,205.9093876160643,1510.3188405797102,41.26736724177638,41.3990831190266,nan,nan,1.2344943527451853,0.008439544123667042,1.0,1.3648978471755981,nan,nan,nan,nan,67.55394506454468,71.13461017608643,0.0,138.6885597705841
180,180,trpo,trpo_paper,trpo_paper,ALE/BeamRider-v5,atari,0,1,1.0,18552453,102513,70,70,4,1,596.2857142857143,170.35669661516877,1464.4714285714285,596.2857142857143,170.35669661516877,1464.4714285714285,38.83909769370714,38.975366081618915,nan,nan,1.227512836786554,0.007285259352314141,1.0,1.361703872680664,nan,nan,nan,nan,66.51941394805908,70.11759448051453,0.0,136.63701272010803
181,181,trpo,trpo_paper,trpo_paper,ALE/BeamRider-v5,atari,0,1,1.0,18655187,102734,72,72,4,1,579.8888888888889,188.55588293037775,1426.861111111111,579.8888888888889,188.55588293037775,1426.861111111111,38.714838502832556,38.790523646017874,nan,nan,1.2121653942158876,0.002709739285187585,1.0,1.5696204900741577,nan,nan,nan,nan,67.14449501037598,81.50800156593323,0.0,148.65250253677368
182,182,trpo,trpo_paper,trpo_paper,ALE/BeamRider-v5,atari,0,1,1.0,18758782,103595,72,72,4,1,570.5555555555555,160.61728916977435,1438.8194444444443,570.5555555555555,160.61728916977435,1438.8194444444443,37.747699122785846,37.87958697330952,nan,nan,1.1969668446685409,0.007769800878755921,1.0,1.3432813882827759,nan,nan,nan,nan,68.05596041679382,70.77288866043091,0.0,138.82885718345642
183,183,trpo,trpo_paper,trpo_paper,ALE/BeamRider-v5,atari,0,1,1.0,18861835,103053,72,72,4,1,574.5555555555555,178.3309103331414,1431.2916666666667,574.5555555555555,178.3309103331414,1431.2916666666667,38.27752421690781,38.36140778288841,nan,nan,1.21411850406314,0.003179497666900328,1.0,1.3506649732589722,nan,nan,nan,nan,66.69269061088562,81.68370532989502,0.0,148.3764009475708
184,184,trpo,trpo_paper,trpo_paper,ALE/BeamRider-v5,atari,0,1,1.0,18964809,102974,66,66,4,1,640.2424242424242,201.06971959889333,1560.2121212121212,640.2424242424242,201.06971959889333,1560.2121212121212,39.30855209810243,39.30855209810243,nan,nan,1.2092406403861655,0.0,0.0,1.3966748714447021,nan,nan,nan,nan,66.86362719535828,121.72645044326782,0.0,188.59008145332336
185,185,trpo,trpo_paper,trpo_paper,ALE/BeamRider-v5,atari,0,1,1.0,19068850,104041,73,73,4,1,603.3424657534247,179.73742028707963,1425.2191780821918,603.3424657534247,179.73742028707963,1425.2191780821918,40.32030401476341,40.448849341846,nan,nan,1.2137686686468556,0.007224712885351645,1.0,1.417840838432312,nan,nan,nan,nan,67.22588086128235,70.99327659606934,0.0,138.21916222572327
186,186,trpo,trpo_paper,trpo_paper,ALE/BeamRider-v5,atari,0,1,1.0,19173358,104508,69,69,4,1,632.5797101449275,187.3089678669824,1514.608695652174,632.5797101449275,187.3089678669824,1514.608695652174,39.99458504372871,40.08317305852184,nan,nan,1.2120069456405251,0.003086359664747451,1.0,1.4598642587661743,nan,nan,nan,nan,68.31450629234314,83.09436821937561,0.0,151.4088785648346
187,187,trpo,trpo_paper,trpo_paper,ALE/BeamRider-v5,atari,0,1,1.0,19276661,103303,69,69,4,1,602.8985507246376,162.5719145154044,1497.144927536232,602.8985507246376,162.5719145154044,1497.144927536232,38.531990842473114,38.531990842473114,nan,nan,1.2208166789989159,0.0,0.0,1.3665093183517456,nan,nan,nan,nan,67.3335108757019,122.21110463142395,0.0,189.5446207523346
188,188,trpo,trpo_paper,trpo_paper,ALE/BeamRider-v5,atari,0,1,1.0,19379416,102755,70,70,4,1,611.4857142857143,160.21545697298131,1467.9285714285713,611.4857142857143,160.21545697298131,1467.9285714285713,39.82217471169286,39.82217471169286,nan,nan,1.2207754013642889,0.0,0.0,1.5204190015792847,nan,nan,nan,nan,65.76545000076294,121.39876675605774,0.0,187.16422128677368
189,189,trpo,trpo_paper,trpo_paper,ALE/BeamRider-v5,atari,0,1,1.0,19482488,103072,65,65,4,1,661.4153846153846,166.6442449612294,1585.7230769230769,661.4153846153846,166.6442449612294,1585.7230769230769,39.914077356119996,39.914077356119996,nan,nan,1.2212004591981211,0.0,0.0,1.8249986171722412,nan,nan,nan,nan,66.75461196899414,121.78928542137146,0.0,188.54390168190002
190,190,trpo,trpo_paper,trpo_paper,ALE/BeamRider-v5,atari,0,1,1.0,19586798,104310,68,68,4,1,586.5882352941177,147.0506350661445,1533.9705882352941,586.5882352941177,147.0506350661445,1533.9705882352941,36.53727470999904,36.66557946265938,nan,nan,1.2193929621590691,0.009640054672909324,1.0,1.4772639274597168,nan,nan,nan,nan,67.19089150428772,71.23294925689697,0.0,138.42384505271912
191,191,trpo,trpo_paper,trpo_paper,ALE/BeamRider-v5,atari,0,1,1.0,19690262,103464,71,71,4,1,614.8169014084507,180.3975507983983,1457.2394366197184,614.8169014084507,180.3975507983983,1457.2394366197184,40.30944051191719,40.45665385423916,nan,nan,1.2086753907156111,0.008549286647470273,1.0,1.3893320560455322,nan,nan,nan,nan,67.43832612037659,70.63311624526978,0.0,138.0714466571808
192,192,trpo,trpo_paper,trpo_paper,ALE/BeamRider-v5,atari,0,1,1.0,19793791,103529,70,70,4,1,620.1142857142858,204.7202650906244,1478.9857142857143,620.1142857142858,204.7202650906244,1478.9857142857143,39.923493960629386,39.9847980396797,nan,nan,1.2171974647502148,0.0014053844979177994,1.0,1.3287792205810547,nan,nan,nan,nan,66.36412692070007,93.74262952804565,0.0,160.1067614555359
193,193,trpo,trpo_paper,trpo_paper,ALE/BeamRider-v5,atari,0,1,1.0,19896949,103158,72,72,4,1,589.5,170.25136644907664,1432.75,589.5,170.25136644907664,1432.75,39.177700105663156,39.21931951472499,nan,nan,1.2043814255953247,0.0005316793044410203,1.0,1.689111590385437,nan,nan,nan,nan,67.80664443969727,104.76131200790405,0.0,172.56796193122864
194,194,trpo,trpo_paper,trpo_paper,ALE/BeamRider-v5,atari,0,1,1.0,19999555,102606,68,68,4,1,618.2941176470588,145.9094258560194,1508.9117647058824,618.2941176470588,145.9094258560194,1508.9117647058824,39.01000489737442,39.01000489737442,nan,nan,1.206597414160417,0.0,0.0,1.4581657648086548,nan,nan,nan,nan,66.62028288841248,121.16534852981567,0.0,187.78563570976257
195,195,trpo,trpo_paper,trpo_paper,ALE/BeamRider-v5,atari,0,1,1.0,20103781,104226,67,67,4,1,629.6716417910447,168.85093558977792,1555.6119402985075,629.6716417910447,168.85093558977792,1555.6119402985075,38.88183085914263,38.90548003857003,nan,nan,1.204188489548853,0.00024144991709445596,1.0,1.2230627536773682,nan,nan,nan,nan,68.68189191818237,117.59037375450134,0.0,186.27227067947388
196,196,trpo,trpo_paper,trpo_paper,ALE/BeamRider-v5,atari,0,1,1.0,20205883,102102,67,67,4,1,631.7014925373135,197.25678505821713,1523.910447761194,631.7014925373135,197.25678505821713,1523.910447761194,39.543860857279974,39.543860857279974,nan,nan,1.2104845837755993,0.0,0.0,1.075211763381958,nan,nan,nan,nan,66.08084440231323,120.96480441093445,0.0,187.04565334320068
197,197,trpo,trpo_paper,trpo_paper,ALE/BeamRider-v5,atari,0,1,1.0,20309543,103660,70,70,4,1,590.0,166.70350069166855,1480.857142857143,590.0,166.70350069166855,1480.857142857143,37.98511283884816,37.98511283884816,nan,nan,1.2074231797839692,0.0,0.0,0.9594334959983826,nan,nan,nan,nan,66.46608757972717,122.46765899658203,0.0,188.9337513446808
198,198,trpo,trpo_paper,trpo_paper,ALE/BeamRider-v5,atari,0,1,1.0,20412539,102996,70,70,4,1,595.8857142857142,198.4407463096185,1471.3714285714286,595.8857142857142,198.4407463096185,1471.3714285714286,38.61588405132238,38.7542040467591,nan,nan,1.2028065998163764,0.007446832697069007,1.0,1.4739327430725098,nan,nan,nan,nan,67.97352290153503,70.28139233589172,0.0,138.25491952896118
199,199,trpo,trpo_paper,trpo_paper,ALE/BeamRider-v5,atari,0,1,1.0,20514755,102216,71,71,4,1,588.4507042253521,168.38794817638632,1439.661971830986,588.4507042253521,168.38794817638632,1439.661971830986,38.93102718752446,39.05038717030602,nan,nan,1.2340473343137939,0.007593138737004425,1.0,1.3167402744293213,nan,nan,nan,nan,66.13693237304688,69.91046166419983,0.0,136.04740166664124
200,200,trpo,trpo_paper,trpo_paper,ALE/BeamRider-v5,atari,0,1,1.0,20618375,103620,71,71,4,1,606.4788732394367,207.65449766073073,1459.4366197183099,606.4788732394367,207.65449766073073,1459.4366197183099,39.66307738009072,39.803228442868175,nan,nan,1.2181798484697695,0.008596465478064677,1.0,1.2148661613464355,nan,nan,nan,nan,67.39844799041748,70.7921552658081,0.0019931793212890625,138.1926019191742
201,201,trpo,trpo_paper,trpo_paper,ALE/BeamRider-v5,atari,0,1,1.0,20720873,102498,68,68,4,1,623.8823529411765,176.0734747544636,1507.3235294117646,623.8823529411765,176.0734747544636,1507.3235294117646,39.46087972448243,39.62124032298191,nan,nan,1.2058952426968088,0.008509800823560905,1.0,1.5453128814697266,nan,nan,nan,nan,65.99859380722046,70.136305809021,0.0,136.13490414619446
202,202,trpo,trpo_paper,trpo_paper,ALE/BeamRider-v5,atari,0,1,1.0,20823571,102698,69,69,4,1,581.5652173913044,163.0267585630084,1488.376811594203,581.5652173913044,163.0267585630084,1488.376811594203,37.28011225875869,37.39929133843892,nan,nan,1.2133869746961357,0.00791084698535189,1.0,1.103672981262207,nan,nan,nan,nan,67.05198860168457,70.21890878677368,0.0,137.270902633667
203,203,trpo,trpo_paper,trpo_paper,ALE/BeamRider-v5,atari,0,1,1.0,20926210,102639,73,73,4,1,582.082191780822,177.02331348860176,1406.013698630137,582.082191780822,177.02331348860176,1406.013698630137,39.47784848473777,39.61247468372159,nan,nan,1.2612680464114518,0.008668345949407047,1.0,1.483152985572815,nan,nan,nan,nan,66.45406889915466,69.99227023124695,0.0,136.44634366035461
204,204,trpo,trpo_paper,trpo_paper,ALE/BeamRider-v5,atari,0,1,1.0,21030873,104663,70,70,4,1,598.9142857142857,143.8235767337532,1495.1857142857143,598.9142857142857,143.8235767337532,1495.1857142857143,38.130745523728535,38.2558586845399,nan,nan,1.2180705219520032,0.0089823533484515,1.0,1.1626185178756714,nan,nan,nan,nan,68.40148305892944,71.29447722434998,0.0,139.695965051651
205,205,trpo,trpo_paper,trpo_paper,ALE/BeamRider-v5,atari,0,1,1.0,21134541,103668,67,67,4,1,639.820895522388,193.34285727406515,1547.2835820895523,639.820895522388,193.34285727406515,1547.2835820895523,39.66462665070224,39.77238576513486,nan,nan,1.2095680253007195,0.0056516590462285686,1.0,1.1575757265090942,nan,nan,nan,nan,68.6243085861206,76.52586650848389,0.0,145.15017938613892
206,206,trpo,trpo_paper,trpo_paper,ALE/BeamRider-v5,atari,0,1,1.0,21238571,104030,74,74,4,1,588.918918918919,187.25389302464532,1405.8108108108108,588.918918918919,187.25389302464532,1405.8108108108108,39.939226665384986,40.07998894549649,nan,nan,1.2376546466464,0.007758690297539507,1.0,1.223678469657898,nan,nan,nan,nan,66.64301609992981,70.98735475540161,0.0,137.63037633895874
207,207,trpo,trpo_paper,trpo_paper,ALE/BeamRider-v5,atari,0,1,1.0,21344084,105513,69,69,4,1,607.1304347826087,146.3810703929172,1529.1739130434783,607.1304347826087,146.3810703929172,1529.1739130434783,37.96208390790708,38.08612919735009,nan,nan,1.267159985617886,0.00672140782574004,1.0,1.5116736888885498,nan,nan,nan,nan,67.85869097709656,71.96446967124939,0.0,139.8231658935547
208,208,trpo,trpo_paper,trpo_paper,ALE/BeamRider-v5,atari,0,1,1.0,21446057,101973,68,68,4,1,625.2941176470588,196.70633971238692,1499.6029411764705,625.2941176470588,196.70633971238692,1499.6029411764705,39.8418463098075,39.984569751306715,nan,nan,1.2763119779561747,0.007796447737091098,1.0,1.4825613498687744,nan,nan,nan,nan,66.32729935646057,69.48308753967285,0.0,135.810391664505
209,209,trpo,trpo_paper,trpo_paper,ALE/BeamRider-v5,atari,0,1,1.0,21548616,102559,68,68,4,1,643.6470588235294,194.94763736675264,1508.2205882352941,643.6470588235294,194.94763736675264,1508.2205882352941,40.8158081567683,40.83730035881785,nan,nan,1.2285763750926295,0.0002471334908529057,1.0,1.0555232763290405,nan,nan,nan,nan,66.53844594955444,115.48414421081543,0.0,182.02259516716003
210,210,trpo,trpo_paper,trpo_paper,ALE/BeamRider-v5,atari,0,1,1.0,21651593,102977,63,63,4,1,682.2222222222222,176.54141511895895,1634.5555555555557,682.2222222222222,176.54141511895895,1634.5555555555557,40.060246462802375,40.060246462802375,nan,nan,1.2112241661441996,0.0,0.0,1.3604140281677246,nan,nan,nan,nan,66.52089643478394,121.51120162010193,0.0,188.03210306167603
211,211,trpo,trpo_paper,trpo_paper,ALE/BeamRider-v5,atari,0,1,1.0,21754980,103387,70,70,4,1,591.0285714285715,182.36595636471276,1476.9571428571428,591.0285714285715,182.36595636471276,1476.9571428571428,38.17448775595578,38.17448775595578,nan,nan,1.2185874820229454,0.0,0.0,1.3577369451522827,nan,nan,nan,nan,67.3936116695404,121.99544596672058,0.0,189.389062166214
212,212,trpo,trpo_paper,trpo_paper,ALE/BeamRider-v5,atari,0,1,1.0,21858359,103379,69,69,4,1,615.7101449275362,163.09374040088116,1498.2463768115942,615.7101449275362,163.09374040088116,1498.2463768115942,39.19487698178547,39.19487698178547,nan,nan,1.2120350665466995,0.0,0.0,1.3945105075836182,nan,nan,nan,nan,66.78325629234314,122.15459442138672,0.0,188.93785619735718
213,213,trpo,trpo_paper,trpo_paper,ALE/BeamRider-v5,atari,0,1,1.0,21961533,103174,72,72,4,1,579.2777777777778,184.40453885579194,1432.9722222222222,579.2777777777778,184.40453885579194,1432.9722222222222,38.49417307170411,38.49417307170411,nan,nan,1.2142665621304787,0.0,0.0,1.4590661525726318,nan,nan,nan,nan,68.04277110099792,121.86257553100586,0.0,189.90535163879395
214,214,trpo,trpo_paper,trpo_paper,ALE/BeamRider-v5,atari,0,1,1.0,22066682,105149,70,70,4,1,615.3142857142857,153.768614934178,1502.1285714285714,615.3142857142857,153.768614934178,1502.1285714285714,39.17807200971954,39.313089342266686,nan,nan,1.2212648186293973,0.007955755149893768,1.0,1.2515740394592285,nan,nan,nan,nan,68.12056040763855,71.82707071304321,0.0,139.9476354122162
215,215,trpo,trpo_paper,trpo_paper,ALE/BeamRider-v5,atari,0,1,1.0,22168245,101563,67,67,4,1,603.4626865671642,169.4759550909107,1515.865671641791,603.4626865671642,169.4759550909107,1515.865671641791,38.07070003655367,38.183782941376286,nan,nan,1.2042489752358143,0.00783562184424175,1.0,1.2490646839141846,nan,nan,nan,nan,65.17167711257935,69.54072046279907,0.0,134.71240234375
216,216,trpo,trpo_paper,trpo_paper,ALE/BeamRider-v5,atari,0,1,1.0,22271963,103718,68,68,4,1,636.0588235294117,165.7290384538908,1525.264705882353,636.0588235294117,165.7290384538908,1525.264705882353,39.828656790528164,39.97851701850209,nan,nan,1.1855079981747383,0.009039229644849765,1.0,1.2006213665008545,nan,nan,nan,nan,68.04010319709778,70.90602445602417,0.0,138.94613194465637
217,217,trpo,trpo_paper,trpo_paper,ALE/BeamRider-v5,atari,0,1,1.0,22373867,101904,67,67,4,1,640.0,189.83606439052508,1520.955223880597,640.0,189.83606439052508,1520.955223880597,40.35511286971071,40.38373631677854,nan,nan,1.1955155911522732,0.0003343458519380307,1.0,1.4891328811645508,nan,nan,nan,nan,65.49059343338013,109.24377274513245,0.0,174.73437213897705
218,218,trpo,trpo_paper,trpo_paper,ALE/BeamRider-v5,atari,0,1,1.0,22475621,101754,71,71,4,1,576.9014084507043,165.22482803995644,1433.1549295774648,576.9014084507043,165.22482803995644,1433.1549295774648,38.389515553442614,38.517909154676964,nan,nan,1.2031060645496736,0.007939592933387585,1.0,1.2650951147079468,nan,nan,nan,nan,66.08042812347412,69.43095684051514,0.0,135.5113890171051
219,219,trpo,trpo_paper,trpo_paper,ALE/BeamRider-v5,atari,0,1,1.0,22579288,103667,72,72,4,1,599.0555555555555,179.73992700016515,1439.8194444444443,599.0555555555555,179.73992700016515,1439.8194444444443,39.67499391079129,39.79533747479912,nan,nan,1.2129492138515028,0.008395220387160288,1.0,1.1551885604858398,nan,nan,nan,nan,67.9689621925354,70.78888320922852,0.0,138.75784993171692
220,220,trpo,trpo_paper,trpo_paper,ALE/BeamRider-v5,atari,0,1,1.0,22681159,101871,71,71,4,1,584.5633802816901,166.6441542687711,1434.8028169014085,584.5633802816901,166.6441542687711,1434.8028169014085,38.93489867086806,39.05525155588931,nan,nan,1.2112242923188394,0.007435533858056345,1.0,1.2799875736236572,nan,nan,nan,nan,65.7707405090332,69.61320972442627,0.0,135.3839545249939
221,221,trpo,trpo_paper,trpo_paper,ALE/BeamRider-v5,atari,0,1,1.0,22783940,102781,67,67,4,1,619.7611940298508,163.1289289161201,1534.044776119403,619.7611940298508,163.1289289161201,1534.044776119403,38.57540152119555,38.69293662009515,nan,nan,1.2231787647628818,0.00892507285427889,1.0,1.0625431537628174,nan,nan,nan,nan,66.62047076225281,70.05261611938477,0.0,136.67309260368347
222,222,trpo,trpo_paper,trpo_paper,ALE/BeamRider-v5,atari,0,1,1.0,22886465,102525,71,71,4,1,590.6478873239437,197.19605591230163,1444.0140845070423,590.6478873239437,197.19605591230163,1444.0140845070423,39.16657217751768,39.25229486710558,nan,nan,1.2244563825896122,0.0032213310345619466,1.0,1.4709563255310059,nan,nan,nan,nan,68.3856029510498,81.48292016983032,0.0,149.8685278892517
223,223,trpo,trpo_paper,trpo_paper,ALE/BeamRider-v5,atari,0,1,1.0,22991464,104999,72,72,4,1,591.9444444444445,146.53705341889253,1458.3194444444443,591.9444444444445,146.53705341889253,1458.3194444444443,38.7371629729807,38.87175502861932,nan,nan,1.2092895025339527,0.00905960963233393,1.0,1.1863893270492554,nan,nan,nan,nan,68.92150449752808,71.71516537666321,0.0,140.63667511940002
224,224,trpo,trpo_paper,trpo_paper,ALE/BeamRider-v5,atari,0,1,1.0,23094664,103200,70,70,4,1,593.3142857142857,165.96002469244928,1474.2857142857142,593.3142857142857,165.96002469244928,1474.2857142857142,38.43928143168605,38.63641230620155,nan,nan,1.2053240446342055,0.00791963352713474,1.0,1.7547039985656738,nan,nan,nan,nan,66.49496245384216,70.54479265213013,0.0,137.0397596359253
225,225,trpo,trpo_paper,trpo_paper,ALE/BeamRider-v5,atari,0,1,1.0,23197648,102984,69,69,4,1,605.5072463768116,163.30372016568938,1492.5217391304348,605.5072463768116,163.30372016568938,1492.5217391304348,38.74402152276082,38.80739225874893,nan,nan,1.2350547362029538,0.0023130546695818498,1.0,1.1207077503204346,nan,nan,nan,nan,66.85352087020874,87.5030128955841,0.0019540786743164062,154.3584930896759
226,226,trpo,trpo_paper,trpo_paper,ALE/BeamRider-v5,atari,0,1,1.0,23302803,105155,69,69,4,1,612.927536231884,152.1831770817112,1523.9855072463768,612.927536231884,152.1831770817112,1523.9855072463768,38.389606562930915,38.51771551519186,nan,nan,1.2124527390370168,0.008371210562231838,1.0,1.323156476020813,nan,nan,nan,nan,68.54148411750793,71.87547850608826,0.0,140.41696667671204
227,227,trpo,trpo_paper,trpo_paper,ALE/BeamRider-v5,atari,0,1,1.0,23405174,102371,71,71,4,1,592.3380281690141,148.16777164369572,1441.8450704225352,592.3380281690141,148.16777164369572,1441.8450704225352,39.11920642808999,39.22553254522765,nan,nan,1.1830313806522355,0.005982940525220334,1.0,1.1198158264160156,nan,nan,nan,nan,67.41371870040894,75.63148403167725,0.0,143.04520678520203
228,228,trpo,trpo_paper,trpo_paper,ALE/BeamRider-v5,atari,0,1,1.0,23507397,102223,69,69,4,1,619.3623188405797,192.43865734565858,1481.4927536231885,619.3623188405797,192.43865734565858,1481.4927536231885,40.051258645314654,40.051258645314654,nan,nan,1.1514380583305004,0.0,0.0,1.4321850538253784,nan,nan,nan,nan,65.83322668075562,121.13343095779419,0.0,186.96666169166565
229,229,trpo,trpo_paper,trpo_paper,ALE/BeamRider-v5,atari,0,1,1.0,23611104,103707,66,66,4,1,667.8181818181819,186.5260489640757,1571.3181818181818,667.8181818181819,186.5260489640757,1571.3181818181818,40.79542545344094,40.814631003693094,nan,nan,1.159352509503939,0.00015378271121988706,1.0,1.2693214416503906,nan,nan,nan,nan,68.68939900398254,122.50332713127136,0.0,191.19273042678833
230,230,trpo,trpo_paper,trpo_paper,ALE/BeamRider-v5,atari,0,1,1.0,23714925,103821,71,71,4,1,591.7746478873239,164.34506785754587,1462.2676056338028,591.7746478873239,164.34506785754587,1462.2676056338028,38.6881859763439,38.81937059939704,nan,nan,1.1521748708414001,0.007812971932709342,1.0,1.2826108932495117,nan,nan,nan,nan,66.6764817237854,70.81049513816833,0.0,137.4869818687439
231,231,trpo,trpo_paper,trpo_paper,ALE/BeamRider-v5,atari,0,1,1.0,23818006,103081,70,70,4,1,610.5142857142857,161.85379141656944,1472.5857142857142,610.5142857142857,161.85379141656944,1472.5857142857142,39.55733567534269,39.70198830288802,nan,nan,1.1811795286443427,0.008604527105378984,1.0,1.1701099872589111,nan,nan,nan,nan,66.79752397537231,70.37970614433289,0.0,137.1772346496582
232,232,trpo,trpo_paper,trpo_paper,ALE/BeamRider-v5,atari,0,1,1.0,23920397,102391,72,72,4,1,614.1111111111111,190.11805948728247,1422.0972222222222,614.1111111111111,190.11805948728247,1422.0972222222222,41.25897799245051,41.280588320750844,nan,nan,1.1493388539016491,0.00025484996853980963,1.0,0.9536163806915283,nan,nan,nan,nan,66.48470330238342,115.10534453392029,0.0,181.5900526046753
233,233,trpo,trpo_paper,trpo_paper,ALE/BeamRider-v5,atari,0,1,1.0,24024516,104119,68,68,4,1,643.5294117647059,163.8256309929622,1531.1617647058824,643.5294117647059,163.8256309929622,1531.1617647058824,40.2333456789827,40.2333456789827,nan,nan,1.1470869147847056,0.0,0.0,1.181674599647522,nan,nan,nan,nan,67.37112712860107,122.91669631004333,0.0,190.2878279685974
234,234,trpo,trpo_paper,trpo_paper,ALE/BeamRider-v5,atari,0,1,1.0,24128026,103510,69,69,4,1,630.0289855072464,198.230576548324,1500.144927536232,630.0289855072464,198.230576548324,1500.144927536232,40.14142353395807,40.14142353395807,nan,nan,1.1502963840299247,0.0,0.0,1.1889262199401855,nan,nan,nan,nan,66.6439881324768,122.22889685630798,0.0,188.87289190292358
235,235,trpo,trpo_paper,trpo_paper,ALE/BeamRider-v5,atari,0,1,1.0,24232001,103975,72,72,4,1,596.8333333333334,151.44480109194168,1444.0972222222222,596.8333333333334,151.44480109194168,1444.0972222222222,39.40171976436643,39.40171976436643,nan,nan,1.1493271416280957,0.0,0.0,1.007957100868225,nan,nan,nan,nan,66.87497282028198,122.90243625640869,0.0,189.7774143218994
236,236,trpo,trpo_paper,trpo_paper,ALE/BeamRider-v5,atari,0,1,1.0,24333893,101892,71,71,4,1,613.3521126760563,171.46913643293865,1435.0985915492959,613.3521126760563,171.46913643293865,1435.0985915492959,40.852128356495115,40.98490988006909,nan,nan,1.1553861870902524,0.00770441433112456,1.0,1.3085402250289917,nan,nan,nan,nan,66.43156886100769,69.64948296546936,0.0,136.08105635643005
237,237,trpo,trpo_paper,trpo_paper,ALE/BeamRider-v5,atari,0,1,1.0,24436597,102704,70,70,4,1,634.2285714285714,165.50892694341047,1467.2,634.2285714285714,165.50892694341047,1467.2,41.40109653713585,41.49183652170315,nan,nan,1.1789858429245088,0.003397106841623825,1.0,1.5214027166366577,nan,nan,nan,nan,66.73022246360779,81.54671287536621,0.0,148.27693963050842
238,238,trpo,trpo_paper,trpo_paper,ALE/BeamRider-v5,atari,0,1,1.0,24539970,103373,68,68,4,1,635.5294117647059,178.77429662831315,1520.1911764705883,635.5294117647059,178.77429662831315,1520.1911764705883,40.092428329931415,40.2151610551111,nan,nan,1.13257436056804,0.008737494475225205,1.0,1.00874662399292,nan,nan,nan,nan,66.99019694328308,70.57606911659241,0.0,137.56627106666565
239,239,trpo,trpo_paper,trpo_paper,ALE/BeamRider-v5,atari,0,1,1.0,24642626,102656,69,69,4,1,618.9565217391304,174.21579445382406,1487.768115942029,618.9565217391304,174.21579445382406,1487.768115942029,39.650542984579566,39.77376124508066,nan,nan,1.1358242510560148,0.008105638046793064,1.0,1.1657484769821167,nan,nan,nan,nan,66.22413945198059,70.34843254089355,0.0,136.57257604599
240,240,trpo,trpo_paper,trpo_paper,ALE/BeamRider-v5,atari,0,1,1.0,24745079,102453,69,69,4,1,607.768115942029,167.59631839610492,1484.8260869565217,607.768115942029,167.59631839610492,1484.8260869565217,39.05253765751125,39.18910896947869,nan,nan,1.1341994545669722,0.008476152166889066,1.0,1.2956546545028687,nan,nan,nan,nan,66.52238464355469,69.98109292984009,0.0,136.5034818649292
241,241,trpo,trpo_paper,trpo_paper,ALE/BeamRider-v5,atari,0,1,1.0,24849160,104081,70,70,4,1,622.1714285714286,165.24224394407585,1486.8714285714286,622.1714285714286,165.24224394407585,1486.8714285714286,40.008704758793634,40.07587720141044,nan,nan,1.1428098734023862,0.002133389436058982,1.0,1.2697091102600098,nan,nan,nan,nan,67.66794395446777,88.40935707092285,0.0,156.07730531692505
242,242,trpo,trpo_paper,trpo_paper,ALE/BeamRider-v5,atari,0,1,1.0,24953676,104516,66,66,4,1,648.6060606060606,138.47873469695284,1583.5757575757575,648.6060606060606,138.47873469695284,1583.5757575757575,39.19986727510621,39.32602603907536,nan,nan,1.1477281943524198,0.007922410094735783,1.0,1.2845920324325562,nan,nan,nan,nan,69.29908990859985,71.44520735740662,0.0,140.7443025112152
243,243,trpo,trpo_paper,trpo_paper,ALE/BeamRider-v5,atari,0,1,1.0,25056520,102844,72,72,4,1,593.3888888888889,163.13342830976967,1428.388888888889,593.3888888888889,163.13342830976967,1428.388888888889,39.63869094210649,39.780734352514486,nan,nan,1.1394241283749538,0.008530965837892368,1.0,1.1277977228164673,nan,nan,nan,nan,67.42317414283752,70.3513605594635,0.0,137.7745397090912
244,244,trpo,trpo_paper,trpo_paper,ALE/BeamRider-v5,atari,0,1,1.0,25161097,104577,73,73,4,1,592.7671232876712,167.9303933220951,1432.5616438356165,592.7671232876712,167.9303933220951,1432.5616438356165,39.40721654259541,39.519124962945966,nan,nan,1.1180709978502683,0.00649503610262454,1.0,1.0389448404312134,nan,nan,nan,nan,67.28655958175659,77.21986103057861,0.0,144.5064253807068
245,245,trpo,trpo_paper,trpo_paper,ALE/BeamRider-v5,atari,0,1,1.0,25265988,104891,68,68,4,1,645.4117647058823,147.23772647282289,1542.514705882353,645.4117647058823,147.23772647282289,1542.514705882353,39.964116767644505,40.02785421294487,nan,nan,1.1146630695048907,0.0014684915425040722,1.0,1.175081491470337,nan,nan,nan,nan,68.95109462738037,94.8368456363678,0.0,163.7879445552826
246,246,trpo,trpo_paper,trpo_paper,ALE/BeamRider-v5,atari,0,1,1.0,25368741,102753,71,71,4,1,602.9859154929577,183.65763409722467,1447.225352112676,602.9859154929577,183.65763409722467,1447.225352112676,39.706652573404185,39.706652573404185,nan,nan,1.1377877006936536,0.0,0.0,1.1836050748825073,nan,nan,nan,nan,66.36744832992554,121.3267502784729,0.0,187.6942036151886
247,247,trpo,trpo_paper,trpo_paper,ALE/BeamRider-v5,atari,0,1,1.0,25472855,104114,73,73,4,1,611.5068493150685,177.3879830440308,1426.2191780821918,611.5068493150685,177.3879830440308,1426.2191780821918,40.84022366708608,40.84022366708608,nan,nan,1.1337210124689043,0.0,0.0,0.8844579458236694,nan,nan,nan,nan,67.41541004180908,122.9258975982666,0.0,190.34131264686584
248,248,trpo,trpo_paper,trpo_paper,ALE/BeamRider-v5,atari,0,1,1.0,25577607,104752,69,69,4,1,662.0289855072464,190.59220987277575,1518.144927536232,662.0289855072464,190.59220987277575,1518.144927536232,41.62060599081641,41.62060599081641,nan,nan,1.1335270970363334,0.0,0.0,1.0695420503616333,nan,nan,nan,nan,67.75480961799622,123.62532472610474,0.0,191.38013863563538
249,249,trpo,trpo_paper,trpo_paper,ALE/BeamRider-v5,atari,0,1,1.0,25680546,102939,70,70,4,1,612.4571428571429,179.62060697197185,1470.557142857143,612.4571428571429,179.62060697197185,1470.557142857143,39.584430615461585,39.700216572436105,nan,nan,1.1391841104394957,0.007940584385245385,1.0,0.9174672365188599,nan,nan,nan,nan,66.3762583732605,70.18785810470581,0.0,136.5641210079193
250,250,trpo,trpo_paper,trpo_paper,ALE/BeamRider-v5,atari,0,1,1.0,25783828,103282,69,69,4,1,621.2173913043479,170.31299996891636,1496.840579710145,621.2173913043479,170.31299996891636,1496.840579710145,39.52490057560853,39.56776728398947,nan,nan,1.1644406175265294,0.0008678658638073376,1.0,1.318946123123169,nan,nan,nan,nan,67.16622853279114,99.10152006149292,0.0019483566284179688,166.2697024345398
251,251,trpo,trpo_paper,trpo_paper,ALE/BeamRider-v5,atari,0,1,1.0,25886706,102878,71,71,4,1,631.3239436619718,183.7977895810231,1448.9859154929577,631.3239436619718,183.7977895810231,1448.9859154929577,41.54598878647524,41.68574367211649,nan,nan,1.1554103658429158,0.008639674204788747,1.0,0.8620800375938416,nan,nan,nan,nan,66.48344230651855,70.19063329696655,0.0,136.67407965660095
252,252,trpo,trpo_paper,trpo_paper,ALE/BeamRider-v5,atari,0,1,1.0,25989826,103120,70,70,4,1,622.8571428571429,192.44370499404945,1473.142857142857,622.8571428571429,192.44370499404945,1473.142857142857,40.318563778849885,40.456778207428236,nan,nan,1.2007189979286874,0.007814591494298563,1.0,1.2002873420715332,nan,nan,nan,nan,68.17426109313965,70.55759143829346,0.0,138.73185777664185
253,253,trpo,trpo_paper,trpo_paper,ALE/BeamRider-v5,atari,0,1,1.0,26092069,102243,69,69,4,1,629.2173913043479,177.28556098093588,1481.7826086956522,629.2173913043479,177.28556098093588,1481.7826086956522,40.60759507985877,40.76264649535909,nan,nan,1.246673461905705,0.008986213273090654,1.0,1.5141260623931885,nan,nan,nan,nan,66.3673939704895,69.82967758178711,0.0,136.19707584381104
254,254,trpo,trpo_paper,trpo_paper,ALE/BeamRider-v5,atari,0,1,1.0,26193536,101467,69,69,4,1,625.7971014492754,159.51598708758297,1470.536231884058,625.7971014492754,159.51598708758297,1470.536231884058,40.60682698870076,40.75976241043886,nan,nan,1.2038564522132196,0.008423617153309642,1.0,1.2477223873138428,nan,nan,nan,nan,65.23069620132446,69.35386228561401,0.0,134.58456230163574
255,255,trpo,trpo_paper,trpo_paper,ALE/BeamRider-v5,atari,0,1,1.0,26295561,102025,71,71,4,1,617.9718309859155,209.55741233767316,1436.9718309859154,617.9718309859155,209.55741233767316,1436.9718309859154,41.097976598872826,41.24259541166381,nan,nan,1.228683954606714,0.008956216365935113,1.0,1.3353193998336792,nan,nan,nan,nan,66.01387524604797,69.60917234420776,0.0,135.62305188179016
256,256,trpo,trpo_paper,trpo_paper,ALE/BeamRider-v5,atari,0,1,1.0,26398767,103206,71,71,4,1,595.4929577464789,142.86868522532254,1453.605633802817,595.4929577464789,142.86868522532254,1453.605633802817,39.099791012634924,39.131918505222565,nan,nan,1.1695224728031801,0.0006331191239145523,1.0,0.9410940408706665,nan,nan,nan,nan,66.60149836540222,104.92252564430237,0.0,171.52402901649475
257,257,trpo,trpo_paper,trpo_paper,ALE/BeamRider-v5,atari,0,1,1.0,26501993,103226,67,67,4,1,628.3582089552239,202.60127016240304,1540.686567164179,628.3582089552239,202.60127016240304,1540.686567164179,38.9512733286672,38.9512733286672,nan,nan,1.1600949464040067,0.0,0.0,0.8552679419517517,nan,nan,nan,nan,67.49167823791504,122.20011830329895,0.0,189.69180250167847
258,258,trpo,trpo_paper,trpo_paper,ALE/BeamRider-v5,atari,0,1,1.0,26604195,102202,71,71,4,1,593.1267605633802,183.7612450963619,1439.4647887323943,593.1267605633802,183.7612450963619,1439.4647887323943,39.280092824749026,39.280092824749026,nan,nan,1.1652048598837963,0.0,0.0,1.1944931745529175,nan,nan,nan,nan,66.42617559432983,120.89523887634277,0.0,187.32141971588135
259,259,trpo,trpo_paper,trpo_paper,ALE/BeamRider-v5,atari,0,1,1.0,26707506,103311,69,69,4,1,606.5507246376811,167.6420908227314,1497.2608695652175,606.5507246376811,167.6420908227314,1497.2608695652175,38.76537030785686,38.89352325744596,nan,nan,1.1544465434994216,0.008141353406192209,1.0,1.078477382659912,nan,nan,nan,nan,67.03739476203918,70.7253828048706,0.0,137.76278233528137
260,260,trpo,trpo_paper,trpo_paper,ALE/BeamRider-v5,atari,0,1,1.0,26808991,101485,71,71,4,1,608.5633802816901,188.6590734180042,1429.3661971830986,608.5633802816901,188.6590734180042,1429.3661971830986,40.57498275607232,40.6278393974479,nan,nan,1.233516816293664,0.001439150549564662,1.0,1.1315395832061768,nan,nan,nan,nan,64.96842360496521,91.94103980064392,0.0,156.90946745872498
261,261,trpo,trpo_paper,trpo_paper,ALE/BeamRider-v5,atari,0,1,1.0,26910882,101891,71,71,4,1,572.7887323943662,161.66683838562702,1435.0845070422536,572.7887323943662,161.66683838562702,1435.0845070422536,38.037178823448585,38.037178823448585,nan,nan,1.2420298320861878,0.0,0.0,1.2003390789031982,nan,nan,nan,nan,66.48437333106995,120.45920538902283,0.0,186.9435830116272
262,262,trpo,trpo_paper,trpo_paper,ALE/BeamRider-v5,atari,0,1,1.0,27012158,101276,70,70,4,1,618.0,169.4330040374155,1446.8,618.0,169.4330040374155,1446.8,40.77375655387259,40.87681110899917,nan,nan,1.2369150981136943,0.0030311628482733227,1.0,1.8789445161819458,nan,nan,nan,nan,65.11206007003784,80.44876456260681,0.0,145.56082820892334
263,263,trpo,trpo_paper,trpo_paper,ALE/BeamRider-v5,atari,0,1,1.0,27115616,103458,71,71,4,1,606.0281690140845,182.61311152894058,1457.1549295774648,606.0281690140845,182.61311152894058,1457.1549295774648,39.7078427961105,39.85491425264358,nan,nan,1.2029522245742235,0.00819776893505638,1.0,1.3657104969024658,nan,nan,nan,nan,68.04317736625671,70.65698790550232,0.0,138.70016980171204
264,264,trpo,trpo_paper,trpo_paper,ALE/BeamRider-v5,atari,0,1,1.0,27219336,103720,74,74,4,1,605.081081081081,219.53296598822698,1401.6216216216217,605.081081081081,219.53296598822698,1401.6216216216217,41.16228020752989,41.254542729222905,nan,nan,1.2535175316130567,0.003784220319760642,1.0,1.175049066543579,nan,nan,nan,nan,66.89825940132141,82.4184787273407,0.0,149.3167426586151
265,265,trpo,trpo_paper,trpo_paper,ALE/BeamRider-v5,atari,0,1,1.0,27322467,103131,69,69,4,1,648.6376811594203,233.38578940473698,1494.6521739130435,648.6376811594203,233.38578940473698,1494.6521739130435,41.553457798818975,41.589745081498286,nan,nan,1.2339156469911448,0.0005661465147479837,1.0,1.3325011730194092,nan,nan,nan,nan,66.29817605018616,104.88985633850098,0.0,171.18803644180298
266,266,trpo,trpo_paper,trpo_paper,ALE/BeamRider-v5,atari,0,1,1.0,27427737,105270,70,70,4,1,618.3428571428572,201.1924370713121,1503.857142857143,618.3428571428572,201.1924370713121,1503.857142857143,39.30022546190747,39.30022546190747,nan,nan,1.2165966272739146,0.0,0.0,1.3112800121307373,nan,nan,nan,nan,67.74811434745789,124.62661218643188,0.0,192.37473130226135
267,267,trpo,trpo_paper,trpo_paper,ALE/BeamRider-v5,atari,0,1,1.0,27530551,102814,72,72,4,1,607.2222222222222,178.9818598988163,1427.9722222222222,607.2222222222222,178.9818598988163,1427.9722222222222,40.50404963696578,40.634989215962804,nan,nan,1.2325092692416646,0.007857840678591547,1.0,1.4507123231887817,nan,nan,nan,nan,66.9756133556366,70.2299861907959,0.0,137.20560503005981
268,268,trpo,trpo_paper,trpo_paper,ALE/BeamRider-v5,atari,0,1,1.0,27631648,101097,68,68,4,1,617.7058823529412,193.88209416030702,1486.7205882352941,617.7058823529412,193.88209416030702,1486.7205882352941,39.70993444105661,39.81813954049082,nan,nan,1.2633221953606437,0.004980432304362084,1.0,1.2144458293914795,nan,nan,nan,nan,65.61900520324707,74.7515025138855,0.0,140.37051248550415
269,269,trpo,trpo_paper,trpo_paper,ALE/BeamRider-v5,atari,0,1,1.0,27735741,104093,69,69,4,1,640.7536231884058,173.90888883926343,1508.5942028985507,640.7536231884058,173.90888883926343,1508.5942028985507,40.43271131344086,40.45086395098614,nan,nan,1.268291603009148,0.00014157675679123369,1.0,1.3949470520019531,nan,nan,nan,nan,66.95810794830322,122.92100501060486,0.0,189.8791172504425
270,270,trpo,trpo_paper,trpo_paper,ALE/BeamRider-v5,atari,0,1,1.0,27838676,102935,73,73,4,1,599.3424657534247,163.1310271906489,1410.0684931506848,599.3424657534247,163.1310271906489,1410.0684931506848,40.523497838441735,40.523497838441735,nan,nan,1.2679898969161365,0.0,0.0,1.2237603664398193,nan,nan,nan,nan,66.633784532547,121.61330199241638,0.0,188.24709153175354
271,271,trpo,trpo_paper,trpo_paper,ALE/BeamRider-v5,atari,0,1,1.0,27943033,104357,69,69,4,1,613.9710144927536,171.43706083139384,1512.4202898550725,613.9710144927536,171.43706083139384,1512.4202898550725,38.75218390956045,38.75218390956045,nan,nan,1.2705342766447147,0.0,0.0,1.3494783639907837,nan,nan,nan,nan,69.34428334236145,123.14619898796082,0.0,192.49048733711243
272,272,trpo,trpo_paper,trpo_paper,ALE/BeamRider-v5,atari,0,1,1.0,28045036,102003,72,72,4,1,589.6666666666666,151.97331637129227,1416.7083333333333,589.6666666666666,151.97331637129227,1416.7083333333333,39.57815594271737,39.73219591274276,nan,nan,1.2660818933481124,0.007865528835391522,1.0,1.7481365203857422,nan,nan,nan,nan,65.93551516532898,69.6489725112915,0.0,135.58449244499207
273,273,trpo,trpo_paper,trpo_paper,ALE/BeamRider-v5,atari,0,1,1.0,28150402,105366,71,71,4,1,629.1267605633802,172.19600112952398,1484.0281690140846,629.1267605633802,172.19600112952398,1484.0281690140846,40.43323421454739,40.55350842539339,nan,nan,1.2659401403500654,0.0068438079764210295,1.0,1.32711923122406,nan,nan,nan,nan,69.99194049835205,71.82338500022888,0.0,141.81533002853394
274,274,trpo,trpo_paper,trpo_paper,ALE/BeamRider-v5,atari,0,1,1.0,28253439,103037,75,75,4,1,567.2533333333333,201.69277583052457,1373.8266666666666,567.2533333333333,201.69277583052457,1373.8266666666666,39.36525092321205,39.40877654992867,nan,nan,1.289702947083026,0.000822762035662318,1.0,1.3910858631134033,nan,nan,nan,nan,67.14926958084106,98.8370726108551,0.0,165.98634672164917
275,275,trpo,trpo_paper,trpo_paper,ALE/BeamRider-v5,atari,0,1,1.0,28356923,103484,71,71,4,1,595.943661971831,193.3689378411156,1457.5211267605634,595.943661971831,193.3689378411156,1457.5211267605634,39.08667040315411,39.231486872366744,nan,nan,1.2916704760065565,0.007641098934240246,1.0,1.6897900104522705,nan,nan,nan,nan,67.49797129631042,70.50684261322021,0.0018987655639648438,138.00671792030334
276,276,trpo,trpo_paper,trpo_paper,ALE/BeamRider-v5,atari,0,1,1.0,28461121,104198,73,73,4,1,599.8356164383562,180.891476865833,1427.3698630136987,599.8356164383562,180.891476865833,1427.3698630136987,40.10987524952494,40.15761308998253,nan,nan,1.268279613992111,0.0008048151352275893,1.0,1.6220496892929077,nan,nan,nan,nan,67.88833165168762,99.88183903694153,0.0,167.77017498016357
277,277,trpo,trpo_paper,trpo_paper,ALE/BeamRider-v5,atari,0,1,1.0,28564889,103768,71,71,4,1,593.3521126760563,192.8700283809003,1461.5211267605634,593.3521126760563,192.8700283809003,1461.5211267605634,38.77005962218603,38.77005962218603,nan,nan,1.281687734673141,0.0,0.0,1.2240785360336304,nan,nan,nan,nan,66.98400664329529,122.60233211517334,0.0,189.5863435268402
278,278,trpo,trpo_paper,trpo_paper,ALE/BeamRider-v5,atari,0,1,1.0,28667917,103028,69,69,4,1,617.5652173913044,176.9004860891454,1493.159420289855,617.5652173913044,176.9004860891454,1493.159420289855,39.63044466674108,39.82219775813371,nan,nan,1.2699471004317395,0.009833019203901438,1.0,1.2746630907058716,nan,nan,nan,nan,67.0105836391449,70.31896352767944,0.0,137.32955193519592
279,279,trpo,trpo_paper,trpo_paper,ALE/BeamRider-v5,atari,0,1,1.0,28771541,103624,76,76,4,1,552.578947368421,181.72009007188524,1363.4736842105262,552.578947368421,181.72009007188524,1363.4736842105262,38.507541689183974,38.64708480298965,nan,nan,1.2798113363880472,0.007620932168221507,1.0,1.5216691493988037,nan,nan,nan,nan,67.55219745635986,70.85732650756836,0.0,138.40952897071838
280,280,trpo,trpo_paper,trpo_paper,ALE/BeamRider-v5,atari,0,1,1.0,28874274,102733,67,67,4,1,635.4029850746268,196.22375742035916,1533.3283582089553,635.4029850746268,196.22375742035916,1533.3283582089553,39.55523054909328,39.68549145600732,nan,nan,1.2694182256735909,0.008616565018294692,1.0,1.1512336730957031,nan,nan,nan,nan,66.88198256492615,70.15229344367981,0.0,137.03428030014038
281,281,trpo,trpo_paper,trpo_paper,ALE/BeamRider-v5,atari,0,1,1.0,28977317,103043,71,71,4,1,599.4366197183099,186.6910328794283,1451.3098591549297,599.4366197183099,186.6910328794283,1451.3098591549297,39.37323374707646,39.49281974515493,nan,nan,1.2375410828564894,0.008621399653481061,1.0,1.023081660270691,nan,nan,nan,nan,66.69901609420776,70.35193181037903,0.0,137.05095291137695
282,282,trpo,trpo_paper,trpo_paper,ALE/BeamRider-v5,atari,0,1,1.0,29081187,103870,69,69,4,1,617.7391304347826,161.83223126900504,1505.3623188405797,617.7391304347826,161.83223126900504,1505.3623188405797,39.17166846177915,39.31797980648888,nan,nan,1.242767913956448,0.00808712076512311,1.0,1.3007543087005615,nan,nan,nan,nan,66.94284534454346,70.9835774898529,0.0,137.92642736434937
283,283,trpo,trpo_paper,trpo_paper,ALE/BeamRider-v5,atari,0,1,1.0,29183931,102744,72,72,4,1,595.7777777777778,165.5937316163184,1427.0,595.7777777777778,165.5937316163184,1427.0,39.79643139137079,39.81343466528459,nan,nan,1.2333563311787064,0.00015564891423145805,1.0,1.0663588047027588,nan,nan,nan,nan,67.26674699783325,121.45491456985474,0.0,188.7216658592224
284,284,trpo,trpo_paper,trpo_paper,ALE/BeamRider-v5,atari,0,1,1.0,29286314,102383,68,68,4,1,607.0588235294117,160.7191450904836,1505.6323529411766,607.0588235294117,160.7191450904836,1505.6323529411766,38.49345472392878,38.49345472392878,nan,nan,1.2144509998608168,0.0,0.0,1.3780328035354614,nan,nan,nan,nan,66.19451093673706,120.86428761482239,0.0,187.0588035583496
285,285,trpo,trpo_paper,trpo_paper,ALE/BeamRider-v5,atari,0,1,1.0,29389756,103442,69,69,4,1,642.2608695652174,163.8811563186729,1499.159420289855,642.2608695652174,163.8811563186729,1499.159420289855,41.02786706560198,41.15958187921734,nan,nan,1.2340931061080727,0.008075767899037727,1.0,1.1670020818710327,nan,nan,nan,nan,67.17587733268738,70.64214086532593,0.0,137.8180229663849
286,286,trpo,trpo_paper,trpo_paper,ALE/BeamRider-v5,atari,0,1,1.0,29493182,103426,71,71,4,1,599.943661971831,170.51966036942912,1456.7042253521126,599.943661971831,170.51966036942912,1456.7042253521126,39.2472962250788,39.28665694554561,nan,nan,1.2416091596437309,0.0008230103537684923,1.0,1.3946528434753418,nan,nan,nan,nan,67.97000122070312,99.26178526878357,0.0,167.23179078102112
287,287,trpo,trpo_paper,trpo_paper,ALE/BeamRider-v5,atari,0,1,1.0,29596795,103613,72,72,4,1,607.1111111111111,141.6838769502526,1439.0694444444443,607.1111111111111,141.6838769502526,1439.0694444444443,40.27724154425603,40.27724154425603,nan,nan,1.2310856319760792,0.0,0.0,1.364079236984253,nan,nan,nan,nan,67.92944121360779,122.48607206344604,0.0,190.41551804542542
288,288,trpo,trpo_paper,trpo_paper,ALE/BeamRider-v5,atari,0,1,1.0,29701145,104350,70,70,4,1,643.1428571428571,194.8231641928712,1490.7142857142858,643.1428571428571,194.8231641928712,1490.7142857142858,41.24380031145184,41.24380031145184,nan,nan,1.2495847152761141,0.0,0.0,1.2694306373596191,nan,nan,nan,nan,67.10715341567993,123.2451765537262,0.0,190.35233426094055
289,289,trpo,trpo_paper,trpo_paper,ALE/BeamRider-v5,atari,0,1,1.0,29802802,101657,68,68,4,1,621.2941176470588,196.4214450691293,1494.9558823529412,621.2941176470588,196.4214450691293,1494.9558823529412,39.713423878827825,39.86314549170249,nan,nan,1.2357223328970213,0.007591608159645844,1.0,1.5048290491104126,nan,nan,nan,nan,65.69495368003845,69.4069938659668,0.0,135.10197710990906
290,290,trpo,trpo_paper,trpo_paper,ALE/BeamRider-v5,atari,0,1,1.0,29904667,101865,67,67,4,1,626.3880597014926,150.63496999630425,1520.3731343283582,626.3880597014926,150.63496999630425,1520.3731343283582,39.28898174053895,39.43731777352378,nan,nan,1.2650959507528345,0.00874490435730966,1.0,1.4704508781433105,nan,nan,nan,nan,67.02991700172424,69.71461296081543,0.0,136.74453473091125
291,291,trpo,trpo_paper,trpo_paper,ALE/BeamRider-v5,atari,0,1,1.0,30007543,102876,69,69,4,1,631.1884057971015,180.36559292711917,1490.9565217391305,631.1884057971015,180.36559292711917,1490.9565217391305,40.43107570035771,40.5961520118881,nan,nan,1.2576650416824624,0.009056278221655946,1.0,1.2556432485580444,nan,nan,nan,nan,66.75641942024231,70.37168478965759,0.0,137.12810802459717
292,292,trpo,trpo_paper,trpo_paper,ALE/BeamRider-v5,atari,0,1,1.0,30110447,102904,71,71,4,1,592.169014084507,133.09987628860537,1449.3521126760563,592.169014084507,133.09987628860537,1449.3521126760563,39.002943277229264,39.12534285596284,nan,nan,1.256343376244485,0.007920438136456822,1.0,1.1898356676101685,nan,nan,nan,nan,66.9634222984314,70.39265179634094,0.0,137.35607814788818
293,293,trpo,trpo_paper,trpo_paper,ALE/BeamRider-v5,atari,0,1,1.0,30213070,102623,68,68,4,1,619.1764705882352,179.42727030393044,1509.1617647058824,619.1764705882352,179.42727030393044,1509.1617647058824,39.16688281988443,39.31940512847997,nan,nan,1.2590867235993637,0.007261445543022638,1.0,1.95184326171875,nan,nan,nan,nan,67.86639666557312,70.10070633888245,0.0,137.96710729599
294,294,trpo,trpo_paper,trpo_paper,ALE/BeamRider-v5,atari,0,1,1.0,30315580,102510,71,71,4,1,589.4647887323944,181.4150816739286,1443.8028169014085,589.4647887323944,181.4150816739286,1443.8028169014085,38.86849545166325,39.014447980684814,nan,nan,1.2594345978441128,0.008324747183698583,1.0,1.5359902381896973,nan,nan,nan,nan,66.01491832733154,70.05616068840027,0.0,136.0710837841034
295,295,trpo,trpo_paper,trpo_paper,ALE/BeamRider-v5,atari,0,1,1.0,30421331,105751,72,72,4,1,628.2777777777778,201.71633150308313,1468.763888888889,628.2777777777778,201.71633150308313,1468.763888888889,40.73435401911093,40.88006880549593,nan,nan,1.285769673203445,0.007623846161938976,1.0,1.4438436031341553,nan,nan,nan,nan,68.19509840011597,72.15423774719238,0.0,140.34934043884277
296,296,trpo,trpo_paper,trpo_paper,ALE/BeamRider-v5,atari,0,1,1.0,30524604,103273,71,71,4,1,605.4647887323944,172.2261722095961,1454.5492957746478,605.4647887323944,172.2261722095961,1454.5492957746478,39.70588210374444,39.819463037289516,nan,nan,1.2907706356876918,0.004880292709920365,1.0,1.463431477546692,nan,nan,nan,nan,67.08475112915039,76.30069828033447,0.0,143.38545417785645
297,297,trpo,trpo_paper,trpo_paper,ALE/BeamRider-v5,atari,0,1,1.0,30627480,102876,70,70,4,1,610.3428571428572,176.40018510795971,1469.6571428571428,610.3428571428572,176.40018510795971,1469.6571428571428,39.55033790680042,39.55033790680042,nan,nan,1.2686489491900443,0.0,0.0,1.53379225730896,nan,nan,nan,nan,67.11910939216614,121.66545367240906,0.0,188.78456830978394
298,298,trpo,trpo_paper,trpo_paper,ALE/BeamRider-v5,atari,0,1,1.0,30729932,102452,70,70,4,1,604.9714285714285,169.0611868465355,1463.6,604.9714285714285,169.0611868465355,1463.6,39.39814834019834,39.554916265665874,nan,nan,1.287386152859998,0.00806706625616531,1.0,1.557267427444458,nan,nan,nan,nan,66.31936049461365,69.85518741607666,0.0,136.17455291748047
299,299,trpo,trpo_paper,trpo_paper,ALE/BeamRider-v5,atari,0,1,1.0,30835269,105337,68,68,4,1,631.3529411764706,207.03919525950258,1549.0735294117646,631.3529411764706,207.03919525950258,1549.0735294117646,38.960664640629595,39.081804411080626,nan,nan,1.2858592763582597,0.007499481758939928,1.0,1.3033775091171265,nan,nan,nan,nan,67.74894642829895,71.92003583908081,0.0,139.66898703575134
300,300,trpo,trpo_paper,trpo_paper,ALE/BeamRider-v5,atari,0,1,1.0,30938932,103663,71,71,4,1,622.1408450704225,184.77586695165726,1460.0422535211267,622.1408450704225,184.77586695165726,1460.0422535211267,40.69013971354292,40.82566570883536,nan,nan,1.3146078575377667,0.00838943806019248,1.0,1.2694233655929565,nan,nan,nan,nan,67.54820966720581,70.82831001281738,0.0018475055694580078,138.37837195396423
