iteration,epoch,method,method_variant,estimator,env_id,suite,seed,trainable,did_update,env_steps,batch_env_steps,episodes_in_batch,episodes_in_epoch,num_workers,parallel_rollouts,train_return_mean,train_return_std,train_len_mean,ep_return_mean,ep_return_std,ep_len_mean,policy_loss_before,policy_loss_after,value_loss_before,value_loss_after,entropy,approx_kl,line_search_success,cg_norm,clip_fraction,kl_coef,value_explained_variance_before,value_explained_variance_after,collect_time_sec,update_time_sec,checkpoint_time_sec,wall_time_sec
1,1,ppo,clip,gae,ALE/Pong-v5,atari,0,1,1.0,100000,100000,104,104,4,1,-20.10576923076923,0.9190114801196533,940.3365384615385,-20.10576923076923,0.9190114801196533,940.3365384615385,4.5118331909179685e-08,-0.00033157001495361327,4.330547944946289,0.6003524464035034,1.7882995070266723,0.0011075203444063663,nan,nan,0.0,nan,-6.854534149169922e-05,0.00169450044631958,78.01022577285767,78.33739924430847,0.0,156.34782576560974
2,2,ppo,clip,gae,ALE/Pong-v5,atari,0,1,1.0,200000,100000,106,106,4,1,-20.20754716981132,0.9973264367096235,928.7075471698113,-20.20754716981132,0.9973264367096235,928.7075471698113,-2.732276916503906e-09,-0.00043087178587913514,0.6158506326198578,0.6051852483558655,1.7876880863952638,0.002581211387887597,nan,nan,0.0060800000016391275,nan,0.001531839370727539,0.01532655954360962,78.31483745574951,76.82059907913208,0.0,155.13547658920288
3,3,ppo,clip,gae,ALE/Pong-v5,atari,0,1,1.0,300000,100000,105,105,4,1,-20.34285714285714,0.7907630001770314,931.847619047619,-20.34285714285714,0.7907630001770314,931.847619047619,-1.7957743257284165e-08,-0.0002857228709105402,0.5491720488929749,0.5263235710144043,1.785661431388855,0.0006889335255511105,nan,nan,0.0,nan,0.016390740871429443,0.05871778726577759,76.57556009292603,76.6383376121521,0.0,153.213937997818
4,4,ppo,clip,gae,ALE/Pong-v5,atari,0,1,1.0,400000,100000,104,104,4,1,-20.192307692307693,0.931055264377708,939.8173076923077,-20.192307692307693,0.931055264377708,939.8173076923077,5.292892456054688e-10,-0.000361474569439888,0.5783915149879456,0.5605402415847779,1.7845495003890992,0.0016645296538248659,nan,nan,0.0,nan,0.048944056034088135,0.08597820997238159,77.10737633705139,76.45962357521057,0.0,153.5670347213745
5,5,ppo,clip,gae,ALE/Pong-v5,atari,0,1,1.0,500000,100000,106,106,4,1,-20.443396226415093,0.7278838373947295,915.622641509434,-20.443396226415093,0.7278838373947295,915.622641509434,2.1949410438537596e-09,-0.0004890781593322753,0.4971066799449921,0.45931793358802797,1.7883802465820313,0.0020175874654203654,nan,nan,0.0,nan,0.10957843065261841,0.14411544799804688,77.66779494285583,75.9999794960022,0.0,153.66780734062195
6,6,ppo,clip,gae,ALE/Pong-v5,atari,0,1,1.0,600000,100000,104,104,4,1,-20.14423076923077,1.0323448778124305,950.3653846153846,-20.14423076923077,1.0323448778124305,950.3653846153846,-4.5490264892578124e-09,-0.00022125146627426147,0.5668607486724854,0.5317781109237671,1.7882036548233031,0.0012882488119229675,nan,nan,0.0,nan,0.12944328784942627,0.148112952709198,76.85608625411987,76.35355997085571,0.0,153.20967817306519
7,7,ppo,clip,gae,ALE/Pong-v5,atari,0,1,1.0,700000,100000,105,105,4,1,-20.19047619047619,0.8629433363866127,941.6285714285714,-20.19047619047619,0.8629433363866127,941.6285714285714,8.853673934936524e-09,-0.000513281044960022,0.4857687770938873,0.48230583996772763,1.7861702551651002,0.0009772582476958633,nan,nan,0.0,nan,0.18203049898147583,0.19121891260147095,76.88922023773193,76.25447702407837,0.0,153.14372730255127
8,8,ppo,clip,gae,ALE/Pong-v5,atari,0,1,1.0,800000,100000,102,102,4,1,-20.127450980392158,0.9566236441865139,955.2549019607843,-20.127450980392158,0.9566236441865139,955.2549019607843,-1.735687255859375e-09,-0.0006504591989517212,0.5412301525878906,0.5385346527671814,1.7796531115722656,0.0032536358643323183,nan,nan,1e-05,nan,0.16036850214004517,0.16742664575576782,77.19061732292175,75.98562121391296,0.0,153.17627692222595
9,9,ppo,clip,gae,ALE/Pong-v5,atari,0,1,1.0,900000,100000,104,104,4,1,-20.201923076923077,0.9027714560037596,943.4134615384615,-20.201923076923077,0.9027714560037596,943.4134615384615,-1.6889572143554688e-08,-8.704333782196046e-05,0.5611091238689423,0.5420183547592163,1.7787093217468262,0.0010302875215560197,nan,nan,0.0,nan,0.09392625093460083,0.1164478063583374,76.32658553123474,76.20081090927124,0.0,152.527428150177
10,10,ppo,clip,gae,ALE/Pong-v5,atari,0,1,1.0,1000000,100000,107,107,4,1,-20.27102803738318,0.8600162295571844,922.7476635514018,-20.27102803738318,0.8600162295571844,922.7476635514018,3.5619735717773438e-09,-0.00017651349544525147,0.5275912552165986,0.5077397655010223,1.785437715950012,0.0021101640428602695,nan,nan,1e-05,nan,0.15018802881240845,0.16938167810440063,76.40206718444824,76.1258704662323,0.0,152.52796816825867
11,11,ppo,clip,gae,ALE/Pong-v5,atari,0,1,1.0,1100000,100000,106,106,4,1,-20.264150943396228,0.8389333613364419,928.3018867924528,-20.264150943396228,0.8389333613364419,928.3018867924528,6.72757625579834e-09,-0.00030187772035598757,0.4760259289121628,0.47917745003223416,1.7817644702911377,0.0024965784505754708,nan,nan,0.18705000003814698,nan,0.16939926147460938,0.1831565499305725,77.84234094619751,75.81411719322205,0.0,153.65649724006653
12,12,ppo,clip,gae,ALE/Pong-v5,atari,0,1,1.0,1200000,100000,104,104,4,1,-20.21153846153846,0.8397925215730019,937.1923076923077,-20.21153846153846,0.8397925215730019,937.1923076923077,-6.1178207397460935e-09,-0.00028952051639556886,0.5081281335067749,0.4885952372741699,1.786877193183899,0.0015629134330525994,nan,nan,0.0,nan,0.17505311965942383,0.1867046356201172,76.6021797657013,76.12257266044617,0.0,152.7247931957245
13,13,ppo,clip,gae,ALE/Pong-v5,atari,0,1,1.0,1300000,100000,104,104,4,1,-20.048076923076923,0.9444148340100471,943.9038461538462,-20.048076923076923,0.9444148340100471,943.9038461538462,5.719661712646485e-09,-0.0002449616551399231,0.48667051195144656,0.4976934876441956,1.783341766242981,0.0006126299744285643,nan,nan,0.0,nan,0.17857277393341064,0.18436270952224731,76.7432119846344,76.44143342971802,0.0,153.18467831611633
14,14,ppo,clip,gae,ALE/Pong-v5,atari,0,1,1.0,1400000,100000,104,104,4,1,-20.153846153846153,0.8854511102477953,938.6057692307693,-20.153846153846153,0.8854511102477953,938.6057692307693,-9.573101997375488e-09,-0.0001543048095703125,0.507736890001297,0.49571491701126097,1.7851177137374878,0.0015026488849520683,nan,nan,0.0,nan,0.16624027490615845,0.1741933822631836,76.3606686592102,76.10870265960693,0.0,152.46940064430237
15,15,ppo,clip,gae,ALE/Pong-v5,atari,0,1,1.0,1500000,100000,105,105,4,1,-20.333333333333332,0.7517176099303283,925.7714285714286,-20.333333333333332,0.7517176099303283,925.7714285714286,-4.041194915771484e-09,-0.0002988493466377258,0.4725435217189789,0.4464920547580719,1.7857597095108033,0.001118981435932219,nan,nan,0.0,nan,0.18342643976211548,0.19541329145431519,77.15450263023376,76.3237943649292,0.0,153.47832989692688
16,16,ppo,clip,gae,ALE/Pong-v5,atari,0,1,1.0,1600000,100000,103,103,4,1,-20.067961165048544,1.007372203196713,949.8349514563107,-20.067961165048544,1.007372203196713,949.8349514563107,3.5762786865234374e-09,-0.00013065590858459472,0.5663694844436645,0.5553712495803833,1.7878417537689208,0.0007907259134761989,nan,nan,0.0,nan,0.13429474830627441,0.1411818265914917,76.377681016922,76.69543433189392,0.0,153.07315063476562
17,17,ppo,clip,gae,ALE/Pong-v5,atari,0,1,1.0,1700000,100000,104,104,4,1,-20.153846153846153,0.9783151801520695,947.0384615384615,-20.153846153846153,0.9783151801520695,947.0384615384615,-5.960464477539063e-09,-0.0010182814121246337,0.4988002271842957,0.4915256387615204,1.7818920367813111,0.0029738922427594663,nan,nan,0.0,nan,0.16162198781967163,0.16697567701339722,76.62569165229797,76.26085686683655,0.0,152.88658952713013
18,18,ppo,clip,gae,ALE/Pong-v5,atari,0,1,1.0,1800000,100000,105,105,4,1,-20.238095238095237,0.8340812969832881,924.4666666666667,-20.238095238095237,0.8340812969832881,924.4666666666667,2.3102760314941408e-09,-0.00026763380765914917,0.49766381649494174,0.48134633548259737,1.7873512494659425,0.0016367378719896078,nan,nan,0.0,nan,0.16510403156280518,0.18950790166854858,76.54261112213135,76.43049502372742,0.0,152.9731469154358
19,19,ppo,clip,gae,ALE/Pong-v5,atari,0,1,1.0,1900000,100000,103,103,4,1,-20.233009708737864,0.9264598398512462,944.1165048543689,-20.233009708737864,0.9264598398512462,944.1165048543689,1.312732696533203e-08,-0.0005396112680435181,0.48178885223388673,0.49242431750297544,1.7891725635147095,0.0016724781140312552,nan,nan,0.0,nan,0.1775987148284912,0.183299720287323,76.76747369766235,76.60617280006409,0.0,153.37367606163025
20,20,ppo,clip,gae,ALE/Pong-v5,atari,0,1,1.0,2000000,100000,104,104,4,1,-20.192307692307693,1.0007393716352067,947.3461538461538,-20.192307692307693,1.0007393716352067,947.3461538461538,-4.773139953613281e-09,-0.00012316891610622405,0.5335803015804291,0.5253583568954467,1.7892825416564941,0.00024809248548932376,nan,nan,0.0,nan,0.15764355659484863,0.17429637908935547,77.5398964881897,76.41318321228027,0.0,153.95311188697815
21,21,ppo,clip,gae,ALE/Pong-v5,atari,0,1,1.0,2100000,100000,102,102,4,1,-20.03921568627451,1.008994535707342,957.1176470588235,-20.03921568627451,1.008994535707342,957.1176470588235,-1.9216537475585936e-09,-7.37029218673706e-05,0.5483532056236267,0.523806475944519,1.789039130935669,6.0081072964239864e-05,nan,nan,0.0,nan,0.13581418991088867,0.14066892862319946,76.57745885848999,76.62437319755554,0.0,153.2018644809723
22,22,ppo,clip,gae,ALE/Pong-v5,atari,0,1,1.0,2200000,100000,105,105,4,1,-20.152380952380952,1.0399720910261865,934.7714285714286,-20.152380952380952,1.0399720910261865,934.7714285714286,8.4686279296875e-09,-0.0001992946720123291,0.47453487478256223,0.4706294648170471,1.7880784077835084,0.0006501603176631034,nan,nan,0.0,nan,0.19222372770309448,0.20135873556137085,76.76102089881897,76.38271474838257,0.0,153.14379000663757
23,23,ppo,clip,gae,ALE/Pong-v5,atari,0,1,1.0,2300000,100000,104,104,4,1,-20.14423076923077,1.0040137643744005,940.1923076923077,-20.14423076923077,1.0040137643744005,940.1923076923077,-1.5131235122680663e-08,-5.707059264183045e-05,0.48609861255645753,0.4871603082561493,1.7878372522735595,8.524211125681177e-05,nan,nan,0.0,nan,0.1823204755783081,0.1844913363456726,76.26042675971985,76.29866862297058,0.0,152.5591278076172
24,24,ppo,clip,gae,ALE/Pong-v5,atari,0,1,1.0,2400000,100000,103,103,4,1,-20.29126213592233,0.8882301368141886,944.5728155339806,-20.29126213592233,0.8882301368141886,944.5728155339806,-6.060600280761719e-09,-0.00013473130702972412,0.471178266582489,0.4645417311668396,1.7884678860855103,0.0004650081602204591,nan,nan,0.0,nan,0.1539105772972107,0.1620587706565857,76.37629747390747,76.64379787445068,0.0,153.0201277732849
25,25,ppo,clip,gae,ALE/Pong-v5,atari,0,1,1.0,2500000,100000,103,103,4,1,-20.184466019417474,0.8447159896759694,950.9514563106796,-20.184466019417474,0.8447159896759694,950.9514563106796,-1.888275146484375e-09,-2.6730270385742187e-05,0.4824166560554504,0.4789891271495819,1.7885348983764648,5.27410734584555e-05,nan,nan,0.0,nan,0.16498172283172607,0.16911280155181885,76.87949442863464,76.46107745170593,0.01769733428955078,153.35830354690552
26,26,ppo,clip,gae,ALE/Pong-v5,atari,0,1,1.0,2600000,100000,104,104,4,1,-20.134615384615383,0.9308566392523806,944.1634615384615,-20.134615384615383,0.9308566392523806,944.1634615384615,-7.333755493164062e-09,-0.0001748368740081787,0.5102895795059205,0.5068444501972198,1.7862049474334716,0.0007726003669202328,nan,nan,0.0,nan,0.15803474187850952,0.16355758905410767,76.34388542175293,76.35074639320374,0.0,152.69466614723206
27,27,ppo,clip,gae,ALE/Pong-v5,atari,0,1,1.0,2700000,100000,105,105,4,1,-20.20952380952381,0.8695399779438725,932.3809523809524,-20.20952380952381,0.8695399779438725,932.3809523809524,-4.76837158203125e-10,-0.0004325839138031006,0.48013958908081056,0.4768324700164795,1.7814421923065185,0.0020055909578502178,nan,nan,0.0,nan,0.18197762966156006,0.19254064559936523,77.24718141555786,76.24451208114624,0.0,153.49173069000244
28,28,ppo,clip,gae,ALE/Pong-v5,atari,0,1,1.0,2800000,100000,106,106,4,1,-20.21698113207547,0.857868321042207,933.3301886792453,-20.21698113207547,0.857868321042207,933.3301886792453,-4.153847694396973e-09,-0.00016513372838497162,0.46422871081352235,0.4535627141571045,1.7821375490570068,0.001045203930772841,nan,nan,0.0,nan,0.22207707166671753,0.23955750465393066,77.43782901763916,76.30407333374023,0.0,153.74193453788757
29,29,ppo,clip,gae,ALE/Pong-v5,atari,0,1,1.0,2900000,100000,105,105,4,1,-20.37142857142857,0.7465111597053495,932.7333333333333,-20.37142857142857,0.7465111597053495,932.7333333333333,3.8123130798339846e-09,-0.00025041334867477417,0.4396257700967789,0.4419666029691696,1.783191353378296,0.0011648737437278032,nan,nan,0.0,nan,0.22073543071746826,0.22655212879180908,77.17684006690979,76.47241115570068,0.0,153.64928555488586
30,30,ppo,clip,gae,ALE/Pong-v5,atari,0,1,1.0,3000000,100000,103,103,4,1,-20.155339805825243,1.0024947672274447,951.1067961165048,-20.155339805825243,1.0024947672274447,951.1067961165048,3.910064697265625e-09,-5.5339179039001466e-05,0.5238366223430634,0.5204999960517883,1.7874566897583009,0.001278834735713899,nan,nan,0.0,nan,0.20091068744659424,0.20922714471817017,76.52595543861389,76.34141492843628,0.0,152.86740231513977
31,31,ppo,clip,gae,ALE/Pong-v5,atari,0,1,1.0,3100000,100000,106,106,4,1,-20.235849056603772,0.916843300457308,926.2358490566038,-20.235849056603772,0.916843300457308,926.2358490566038,1.4206171035766601e-08,-0.0001889717948436737,0.46461891625404356,0.4698265108203888,1.7867439161682128,0.0008556793997064233,nan,nan,0.0,nan,0.18831026554107666,0.19664663076400757,76.92117166519165,76.2568588256836,0.0,153.17806243896484
32,32,ppo,clip,gae,ALE/Pong-v5,atari,0,1,1.0,3200000,100000,105,105,4,1,-20.17142857142857,0.8886280796517619,939.3428571428572,-20.17142857142857,0.8886280796517619,939.3428571428572,-9.174346923828125e-09,-7.957510948181153e-05,0.49476932880401614,0.4908694288825989,1.786113531074524,0.0001001488568307832,nan,nan,0.0,nan,0.191966712474823,0.19751423597335815,77.07688474655151,76.20991253852844,0.0,153.2868435382843
33,33,ppo,clip,gae,ALE/Pong-v5,atari,0,1,1.0,3300000,100000,104,104,4,1,-20.182692307692307,0.9278223374875324,942.2403846153846,-20.182692307692307,0.9278223374875324,942.2403846153846,4.305839538574219e-09,-0.0005146068954467773,0.4974522097492218,0.4867224437904358,1.7810623245620727,0.0010773088562488556,nan,nan,1e-05,nan,0.18169313669204712,0.19303905963897705,76.73630952835083,76.19100284576416,0.0,152.92734217643738
34,34,ppo,clip,gae,ALE/Pong-v5,atari,0,1,1.0,3400000,100000,103,103,4,1,-20.106796116504853,1.003998040450098,948.8446601941747,-20.106796116504853,1.003998040450098,948.8446601941747,7.755756378173829e-09,-0.00015977612972259522,0.505722279548645,0.49327611782073977,1.7823447127151488,0.00042077931286767126,nan,nan,0.0,nan,0.19034582376480103,0.2015964388847351,77.29812812805176,76.50723934173584,0.0,153.80539870262146
35,35,ppo,clip,gae,ALE/Pong-v5,atari,0,1,1.0,3500000,100000,104,104,4,1,-20.182692307692307,0.8744715225706222,949.0480769230769,-20.182692307692307,0.8744715225706222,949.0480769230769,9.551048278808593e-09,-0.0003436392068862915,0.49166783104896544,0.4897157994842529,1.7802628133773803,0.00031793073329143226,nan,nan,0.0,nan,0.1786130666732788,0.18472158908843994,77.64669752120972,76.29778361320496,0.0,153.94451141357422
36,36,ppo,clip,gae,ALE/Pong-v5,atari,0,1,1.0,3600000,100000,104,104,4,1,-20.125,0.9270248108869579,946.4903846153846,-20.125,0.9270248108869579,946.4903846153846,-3.018379211425781e-09,-0.00038513399600982666,0.49750181970596313,0.4918222796058655,1.783033404159546,0.0006390490941330791,nan,nan,0.0,nan,0.1956923007965088,0.20061123371124268,77.26833033561707,76.12291431427002,0.0,153.3912763595581
37,37,ppo,clip,gae,ALE/Pong-v5,atari,0,1,1.0,3700000,100000,106,106,4,1,-20.31132075471698,0.85078440551269,925.6792452830189,-20.31132075471698,0.85078440551269,925.6792452830189,-1.5201568603515624e-08,-0.00011267763137817383,0.45896288022994997,0.4522621502304077,1.7855809201431274,0.0008430957108177244,nan,nan,0.0,nan,0.19486117362976074,0.1988564133644104,77.06996273994446,76.23804974555969,0.0,153.3080427646637
38,38,ppo,clip,gae,ALE/Pong-v5,atari,0,1,1.0,3800000,100000,102,102,4,1,-20.245098039215687,0.8452436069525723,957.1764705882352,-20.245098039215687,0.8452436069525723,957.1764705882352,-8.195638656616212e-09,-4.020759880542755e-05,0.5060910190963746,0.4933689430618286,1.785305068321228,1.7348661615396848e-05,nan,nan,0.0,nan,0.16277074813842773,0.1745125651359558,76.85728764533997,76.12583088874817,0.0,152.98315024375916
39,39,ppo,clip,gae,ALE/Pong-v5,atari,0,1,1.0,3900000,100000,102,102,4,1,-20.137254901960784,0.8406255337343534,960.0,-20.137254901960784,0.8406255337343534,960.0,1.5211105346679688e-09,-0.00025381128549575806,0.49444265305519103,0.49393779049873354,1.7823436666107177,0.0011376744077727199,nan,nan,0.0,nan,0.19503158330917358,0.2017466425895691,77.03982591629028,76.44415068626404,0.0,153.48401832580566
40,40,ppo,clip,gae,ALE/Pong-v5,atari,0,1,1.0,4000000,100000,105,105,4,1,-20.16190476190476,0.8295013938253972,941.2857142857143,-20.16190476190476,0.8295013938253972,941.2857142857143,-8.1634521484375e-09,-0.0001535591411590576,0.4526022320175171,0.4427215003395081,1.7840256589889527,0.0008301152680814266,nan,nan,0.0,nan,0.21504420042037964,0.22630345821380615,76.66921496391296,76.1781268119812,0.0,152.84737372398376
41,41,ppo,clip,gae,ALE/Pong-v5,atari,0,1,1.0,4100000,100000,102,102,4,1,-20.019607843137255,0.9597833921976795,965.9215686274509,-20.019607843137255,0.9597833921976795,965.9215686274509,4.911422729492188e-10,-6.729093074798585e-05,0.5052127836418152,0.49884908395767213,1.782287232284546,0.0003400918486434966,nan,nan,0.0,nan,0.16906684637069702,0.17730754613876343,77.13898777961731,76.2769684791565,0.0,153.41598963737488
42,42,ppo,clip,gae,ALE/Pong-v5,atari,0,1,1.0,4200000,100000,104,104,4,1,-20.10576923076923,0.9498812600972942,943.0673076923077,-20.10576923076923,0.9498812600972942,943.0673076923077,-1.7690658569335938e-09,-0.00012736287593841553,0.5169395826625824,0.5080993449783325,1.7835355023956299,0.0008651218442432583,nan,nan,0.0,nan,0.17901819944381714,0.19152790307998657,76.78688836097717,76.08154392242432,0.0,152.86846375465393
43,43,ppo,clip,gae,ALE/Pong-v5,atari,0,1,1.0,4300000,100000,105,105,4,1,-20.142857142857142,0.9302183197771261,934.9333333333333,-20.142857142857142,0.9302183197771261,934.9333333333333,-3.600120544433594e-10,-0.00014638750076293946,0.45919779754638673,0.45060027025222776,1.7836769729995727,0.0003483164610248059,nan,nan,0.0,nan,0.22934824228286743,0.2386181354522705,76.60417628288269,76.39246010780334,0.0,152.9966676235199
44,44,ppo,clip,gae,ALE/Pong-v5,atari,0,1,1.0,4400000,100000,104,104,4,1,-20.009615384615383,0.8932997634924242,942.2403846153846,-20.009615384615383,0.8932997634924242,942.2403846153846,3.451108932495117e-09,-3.652767181396484e-05,0.5122837908554078,0.5040213153839112,1.78343391620636,8.926231272518635e-05,nan,nan,0.0,nan,0.20428138971328735,0.21627748012542725,76.64531683921814,76.3589882850647,0.0,153.00433588027954
45,45,ppo,clip,gae,ALE/Pong-v5,atari,0,1,1.0,4500000,100000,106,106,4,1,-20.150943396226417,0.8985570490408045,927.2358490566038,-20.150943396226417,0.8985570490408045,927.2358490566038,-6.742477416992187e-09,-0.00015761711120605468,0.46480156244277954,0.4602592883300781,1.7837435348892212,0.00019280296742916106,nan,nan,0.0,nan,0.2315998673439026,0.24234837293624878,77.4728353023529,76.52557253837585,0.0,153.99843907356262
46,46,ppo,clip,gae,ALE/Pong-v5,atari,0,1,1.0,4600000,100000,105,105,4,1,-20.333333333333332,0.8125992002933922,934.5142857142857,-20.333333333333332,0.8125992002933922,934.5142857142857,-3.886222839355468e-09,-4.9463610649108885e-05,0.42091231318473815,0.41281960382461547,1.7834030723190308,3.14521173259709e-05,nan,nan,0.0,nan,0.23989170789718628,0.2449358105659485,76.60508418083191,76.22204995155334,0.0,152.8271656036377
47,47,ppo,clip,gae,ALE/Pong-v5,atari,0,1,1.0,4700000,100000,105,105,4,1,-20.266666666666666,0.771722460186015,930.0190476190476,-20.266666666666666,0.771722460186015,930.0190476190476,2.54511833190918e-09,-0.0002672919201850891,0.4258992610645294,0.42878380464553834,1.782626657524109,0.0006346354584768415,nan,nan,0.0,nan,0.248207688331604,0.25574570894241333,76.65900373458862,76.27283263206482,0.0,152.93187952041626
48,48,ppo,clip,gae,ALE/Pong-v5,atari,0,1,1.0,4800000,100000,103,103,4,1,-20.145631067961165,0.9695136103161109,952.0485436893204,-20.145631067961165,0.9695136103161109,952.0485436893204,-1.8310546875e-09,-0.0003668430995941162,0.4654902435874939,0.46574618955612185,1.779896739463806,0.0008320620305277408,nan,nan,0.0,nan,0.22375363111495972,0.23351198434829712,77.2615282535553,76.48834776878357,0.0,153.74992322921753
49,49,ppo,clip,gae,ALE/Pong-v5,atari,0,1,1.0,4900000,100000,105,105,4,1,-20.17142857142857,0.899281648313362,934.4190476190477,-20.17142857142857,0.899281648313362,934.4190476190477,8.96751880645752e-09,-5.2214099764823917e-05,0.47424897233963015,0.45230738783836366,1.7826497192764281,0.0006972359536774457,nan,nan,0.0,nan,0.2527005076408386,0.2694318890571594,77.19926571846008,76.36750411987305,0.0,153.566801071167
50,50,ppo,clip,gae,ALE/Pong-v5,atari,0,1,1.0,5000000,100000,104,104,4,1,-20.25,0.82915619758885,937.25,-20.25,0.82915619758885,937.25,-3.4427642822265624e-09,-0.0002526206636428833,0.4245508600521088,0.421549022769928,1.7798069946289063,0.0006991530091129244,nan,nan,0.0,nan,0.2652263045310974,0.2715188264846802,77.67008900642395,76.16122436523438,0.0027976036071777344,153.83414506912231
51,51,ppo,clip,gae,ALE/Pong-v5,atari,0,1,1.0,5100000,100000,106,106,4,1,-20.31132075471698,0.8396226415094339,916.877358490566,-20.31132075471698,0.8396226415094339,916.877358490566,-6.67572021484375e-09,-0.0003346272850036621,0.41236654941558837,0.39903428760528564,1.7757382331466676,0.0007955824262648821,nan,nan,0.0,nan,0.29621338844299316,0.3163207769393921,77.01408171653748,76.37192845344543,0.0,153.38604068756104
52,52,ppo,clip,gae,ALE/Pong-v5,atari,0,1,1.0,5200000,100000,102,102,4,1,-20.11764705882353,1.0126079477392436,960.8235294117648,-20.11764705882353,1.0126079477392436,960.8235294117648,1.4914572238922118e-08,-0.00014024362325668334,0.528960522146225,0.48956622287750245,1.7797113507843016,0.0006330606156773865,nan,nan,0.0,nan,0.20319396257400513,0.22086232900619507,77.35646557807922,76.42381691932678,0.0,153.78032064437866
53,53,ppo,clip,gae,ALE/Pong-v5,atari,0,1,1.0,5300000,100000,104,104,4,1,-20.182692307692307,0.8853989005062923,948.0480769230769,-20.182692307692307,0.8853989005062923,948.0480769230769,3.914833068847656e-09,-0.0002649003982543945,0.4665315852165222,0.4539282397651672,1.7825265879058838,0.0005875467041693628,nan,nan,0.0,nan,0.2562100887298584,0.2697904706001282,76.54077315330505,76.3249077796936,0.0,152.86573100090027
54,54,ppo,clip,gae,ALE/Pong-v5,atari,0,1,1.0,5400000,100000,105,105,4,1,-20.276190476190475,0.7495425664743238,929.6190476190476,-20.276190476190475,0.7495425664743238,929.6190476190476,-5.452632904052735e-09,-8.291417360305786e-05,0.4260692197990417,0.4243262879180908,1.781774139213562,0.0002008882045187056,nan,nan,0.0,nan,0.24367552995681763,0.25806617736816406,77.9821207523346,76.61013650894165,0.0,154.59229063987732
55,55,ppo,clip,gae,ALE/Pong-v5,atari,0,1,1.0,5500000,100000,105,105,4,1,-20.247619047619047,0.8139375473989142,933.3238095238095,-20.247619047619047,0.8139375473989142,933.3238095238095,6.618499755859375e-09,-0.00026089494705200194,0.4322180371284485,0.4170138359451294,1.783374146080017,0.0005923165886104107,nan,nan,0.0,nan,0.27525538206100464,0.2906610369682312,77.84465885162354,77.11216354370117,0.0,154.95685291290283
56,56,ppo,clip,gae,ALE/Pong-v5,atari,0,1,1.0,5600000,100000,105,105,4,1,-20.21904761904762,0.8505567071148994,939.7523809523809,-20.21904761904762,0.8505567071148994,939.7523809523809,3.6144256591796875e-09,-0.00013005964875221254,0.4096337164783478,0.40826996487617495,1.782533320159912,8.667686395347118e-05,nan,nan,0.0,nan,0.2772660255432129,0.287411093711853,78.37488746643066,77.02732300758362,0.0,155.40224814414978
57,57,ppo,clip,gae,ALE/Pong-v5,atari,0,1,1.0,5700000,100000,105,105,4,1,-20.142857142857142,0.9897433186107869,939.5142857142857,-20.142857142857142,0.9897433186107869,939.5142857142857,-5.76019287109375e-09,-2.9626543521881105e-05,0.4566298928260803,0.44719874913215635,1.782990742034912,2.7710762326605616e-05,nan,nan,0.0,nan,0.23599529266357422,0.2441994547843933,77.78738141059875,76.58344864845276,0.0,154.3708689212799
58,58,ppo,clip,gae,ALE/Pong-v5,atari,0,1,1.0,5800000,100000,103,103,4,1,-20.009708737864077,1.0566033289641004,952.1067961165048,-20.009708737864077,1.0566033289641004,952.1067961165048,1.1777877807617187e-09,-5.347314834594726e-05,0.4525534341430664,0.4483754222393036,1.7822051669692993,8.183919471688568e-05,nan,nan,0.0,nan,0.26860547065734863,0.27705490589141846,76.64389181137085,76.52924704551697,0.0,153.17317032814026
59,59,ppo,clip,gae,ALE/Pong-v5,atari,0,1,1.0,5900000,100000,105,105,4,1,-20.238095238095237,0.9311928808823099,940.0761904761905,-20.238095238095237,0.9311928808823099,940.0761904761905,-7.590055465698243e-09,-0.00010902675390243531,0.4173348034954071,0.4184377714443207,1.7807363097000122,6.190694570774212e-05,nan,nan,0.0,nan,0.30073535442352295,0.3145429491996765,76.61359000205994,76.75516080856323,0.0,153.36879873275757
60,60,ppo,clip,gae,ALE/Pong-v5,atari,0,1,1.0,6000000,100000,103,103,4,1,-20.116504854368934,0.8735706313943297,953.0776699029126,-20.116504854368934,0.8735706313943297,953.0776699029126,1.9342899322509764e-08,-1.746854066848755e-05,0.46750745666503907,0.4463178631401062,1.781502017364502,8.053398840129375e-05,nan,nan,0.0,nan,0.24199992418289185,0.2540629506111145,77.56893968582153,76.76920557022095,0.0,154.3381781578064
61,61,ppo,clip,gae,ALE/Pong-v5,atari,0,1,1.0,6100000,100000,106,106,4,1,-20.22641509433962,0.7558953065664199,925.1415094339623,-20.22641509433962,0.7558953065664199,925.1415094339623,2.6418082416057586e-09,-0.0002862597560463473,0.42862747462272643,0.399192059841156,1.7772073498153687,0.0009958073261752724,nan,nan,0.0,nan,0.3136196732521057,0.330893337726593,76.67989444732666,76.46308708190918,0.0,153.14301562309265
62,62,ppo,clip,gae,ALE/Pong-v5,atari,0,1,1.0,6200000,100000,106,106,4,1,-20.32075471698113,0.895978118534624,921.6509433962265,-20.32075471698113,0.895978118534624,921.6509433962265,1.1941194534301757e-08,-0.0002923129856586456,0.40115097672462463,0.39922531199455263,1.7804690139770507,0.0008250897054187953,nan,nan,0.014090000012516975,nan,0.2878168225288391,0.3003804087638855,76.7848687171936,76.62626147270203,0.0,153.4111635684967
63,63,ppo,clip,gae,ALE/Pong-v5,atari,0,1,1.0,6300000,100000,103,103,4,1,-20.194174757281555,0.9559040089435034,940.5242718446602,-20.194174757281555,0.9559040089435034,940.5242718446602,8.511543273925782e-09,-0.00011877909898757935,0.40842617800712583,0.39080242584228514,1.7797959672546386,5.905124607263133e-05,nan,nan,0.0,nan,0.3237854838371277,0.33424854278564453,76.46167302131653,76.77237677574158,0.0,153.23408269882202
64,64,ppo,clip,gae,ALE/Pong-v5,atari,0,1,1.0,6400000,100000,103,103,4,1,-20.0,1.0520437806977685,961.0291262135922,-20.0,1.0520437806977685,961.0291262135922,2.7561187744140627e-09,-2.027111530303955e-05,0.4691834722137451,0.4626771250152588,1.7798185998535156,1.2714276695915033e-05,nan,nan,0.0,nan,0.23808276653289795,0.2482355237007141,77.40504121780396,76.58855199813843,0.0,153.99362754821777
65,65,ppo,clip,gae,ALE/Pong-v5,atari,0,1,1.0,6500000,100000,105,105,4,1,-20.17142857142857,0.8886280796517619,942.3142857142857,-20.17142857142857,0.8886280796517619,942.3142857142857,-2.779960632324219e-09,-7.748380661010742e-05,0.41355666500091554,0.4082029025363922,1.78001353767395,6.507124892668798e-05,nan,nan,0.0,nan,0.28181642293930054,0.29148733615875244,77.22145581245422,76.66872954368591,0.0,153.89021611213684
66,66,ppo,clip,gae,ALE/Pong-v5,atari,0,1,1.0,6600000,100000,103,103,4,1,-20.145631067961165,0.8054157340565491,940.1067961165048,-20.145631067961165,0.8054157340565491,940.1067961165048,3.7741661071777345e-09,-0.00027351062536239623,0.4171392104530334,0.4073173995018005,1.7759674005126953,0.0010672656729444861,nan,nan,0.0,nan,0.30659598112106323,0.32329946756362915,77.65707111358643,76.88890194892883,0.0,154.54600262641907
67,67,ppo,clip,gae,ALE/Pong-v5,atari,0,1,1.0,6700000,100000,103,103,4,1,-20.0873786407767,0.9764886183052549,946.2912621359224,-20.0873786407767,0.9764886183052549,946.2912621359224,-1.4090538024902345e-09,-0.0002688257884979248,0.4543363374137878,0.4469661298561096,1.7722995162200927,0.00027801285471767186,nan,nan,0.0,nan,0.25905126333236694,0.2802252769470215,76.81437587738037,76.69949078559875,0.0,153.51390027999878
68,68,ppo,clip,gae,ALE/Pong-v5,atari,0,1,1.0,6800000,100000,104,104,4,1,-20.201923076923077,0.9027714560037595,944.7307692307693,-20.201923076923077,0.9027714560037595,944.7307692307693,7.2479248046875e-09,-8.518885850906372e-05,0.427726371049881,0.4131179812526703,1.7725356624221802,6.707386184483767e-05,nan,nan,0.0,nan,0.3107125163078308,0.3213834762573242,76.97614645957947,76.64663171768188,0.0,153.62281155586243
69,69,ppo,clip,gae,ALE/Pong-v5,atari,0,1,1.0,6900000,100000,103,103,4,1,-20.07766990291262,1.103298852104601,945.747572815534,-20.07766990291262,1.103298852104601,945.747572815534,3.457069396972656e-10,-6.349008321762085e-05,0.43217057185173036,0.4252533946990967,1.7732659578323364,7.339269309304654e-05,nan,nan,0.0,nan,0.2981507182121277,0.3104090094566345,76.58380460739136,76.79420256614685,0.0,153.37804532051086
70,70,ppo,clip,gae,ALE/Pong-v5,atari,0,1,1.0,7000000,100000,105,105,4,1,-20.114285714285714,0.9290474970100724,944.6857142857143,-20.114285714285714,0.9290474970100724,944.6857142857143,-2.2172927856445314e-10,-7.009992361068726e-05,0.41718055532455445,0.4150263180446625,1.7760608216476441,0.0003358605312835425,nan,nan,0.0,nan,0.28843480348587036,0.29594677686691284,77.7269036769867,76.56842684745789,0.0,154.29536199569702
71,71,ppo,clip,gae,ALE/Pong-v5,atari,0,1,1.0,7100000,100000,102,102,4,1,-20.147058823529413,0.9330222747433435,958.3921568627451,-20.147058823529413,0.9330222747433435,958.3921568627451,2.5260448455810547e-09,-2.4332032799720764e-05,0.4471020880126953,0.4412051460361481,1.7765753269195557,2.6521798465400933e-05,nan,nan,0.0,nan,0.25808054208755493,0.26592308282852173,76.9146044254303,76.69107723236084,0.0,153.60571599006653
72,72,ppo,clip,gae,ALE/Pong-v5,atari,0,1,1.0,7200000,100000,107,107,4,1,-20.22429906542056,0.8461944631338466,919.7196261682243,-20.22429906542056,0.8461944631338466,919.7196261682243,-7.266700267791748e-09,-5.6966275870800016e-05,0.4114114805793762,0.3876683623027802,1.777949333190918,0.00022494804555084555,nan,nan,0.0,nan,0.33809328079223633,0.3493589162826538,76.91049695014954,76.63867473602295,0.0,153.54920387268066
73,73,ppo,clip,gae,ALE/Pong-v5,atari,0,1,1.0,7300000,100000,103,103,4,1,-20.116504854368934,0.9784172961043981,945.8834951456311,-20.116504854368934,0.9784172961043981,945.8834951456311,3.3330917358398436e-09,-0.00024037347316741944,0.4194480142784119,0.4071058170700073,1.7797125598144532,0.000809194054454565,nan,nan,0.0,nan,0.31253910064697266,0.3224771022796631,77.5849552154541,76.82184529304504,0.0,154.40683126449585
74,74,ppo,clip,gae,ALE/Pong-v5,atari,0,1,1.0,7400000,100000,104,104,4,1,-20.173076923076923,0.8138501526730318,952.7115384615385,-20.173076923076923,0.8138501526730318,952.7115384615385,-1.3751983642578126e-08,-8.817584991455078e-05,0.4240463143730164,0.41598010364532473,1.780439136390686,0.00023046473506838083,nan,nan,0.0,nan,0.2828843593597412,0.2924644947052002,76.84839296340942,76.52635359764099,0.0,153.3747866153717
75,75,ppo,clip,gae,ALE/Pong-v5,atari,0,1,1.0,7500000,100000,104,104,4,1,-20.240384615384617,0.8824702251208547,939.6153846153846,-20.240384615384617,0.8824702251208547,939.6153846153846,-9.450912475585938e-09,-2.701315402984619e-05,0.423592807765007,0.4188934806060791,1.7801263332366943,9.370443876832724e-06,nan,nan,0.0,nan,0.29397279024124146,0.3050606846809387,77.56872892379761,76.79949069023132,0.0028717517852783203,154.3711245059967
76,76,ppo,clip,gae,ALE/Pong-v5,atari,0,1,1.0,7600000,100000,104,104,4,1,-20.201923076923077,0.8812120989373724,948.3173076923077,-20.201923076923077,0.8812120989373724,948.3173076923077,5.843639373779297e-09,-0.00021809191465377807,0.4057169630908966,0.4033354883766174,1.7798646688461304,7.5978459790349e-05,nan,nan,0.0,nan,0.2749291658401489,0.2849377989768982,77.4089560508728,76.76018285751343,0.0,154.16916918754578
77,77,ppo,clip,gae,ALE/Pong-v5,atari,0,1,1.0,7700000,100000,102,102,4,1,-20.176470588235293,1.0233716353490108,950.4607843137255,-20.176470588235293,1.0233716353490108,950.4607843137255,-3.6334991455078125e-09,-0.00028258273363113406,0.4211846709918976,0.4145160544013977,1.7787388563156128,0.00010251998901367188,nan,nan,0.0,nan,0.29666608572006226,0.30225664377212524,77.54377031326294,76.81049704551697,0.0,154.3542993068695
78,78,ppo,clip,gae,ALE/Pong-v5,atari,0,1,1.0,7800000,100000,106,106,4,1,-20.349056603773583,0.9011779799312641,918.0471698113207,-20.349056603773583,0.9011779799312641,918.0471698113207,-3.76582145690918e-09,-6.673630118370056e-05,0.3799704731655121,0.36957455701828,1.7783660888671875,2.5088666006922722e-05,nan,nan,0.0,nan,0.350675106048584,0.358062744140625,78.03362369537354,76.7630352973938,0.0,154.7966902256012
79,79,ppo,clip,gae,ALE/Pong-v5,atari,0,1,1.0,7900000,100000,106,106,4,1,-20.169811320754718,0.818093712780332,925.0094339622641,-20.169811320754718,0.818093712780332,925.0094339622641,-5.0234794616699215e-09,-3.944754123687744e-05,0.40943252932548524,0.4016862782001495,1.7781348248672486,1.2194388546049595e-05,nan,nan,0.0,nan,0.3325423002243042,0.34846967458724976,77.36670446395874,76.99896216392517,0.0,154.3656997680664
80,80,ppo,clip,gae,ALE/Pong-v5,atari,0,1,1.0,8000000,100000,104,104,4,1,-20.048076923076923,0.9133603182785626,948.0192307692307,-20.048076923076923,0.9133603182785626,948.0192307692307,9.160041809082032e-09,-5.066769123077393e-05,0.4305627268028259,0.4311864885234833,1.7778906842422486,1.7597631085664034e-05,nan,nan,0.0,nan,0.30103039741516113,0.30699414014816284,77.77138590812683,76.69998812675476,0.0,154.47140884399414
81,81,ppo,clip,gae,ALE/Pong-v5,atari,0,1,1.0,8100000,100000,104,104,4,1,-20.240384615384617,0.9557034492143662,937.0,-20.240384615384617,0.9557034492143662,937.0,1.0698437690734864e-08,-6.754612684249878e-05,0.42465186120986936,0.4066534145641327,1.7771928330612183,2.117027179338038e-05,nan,nan,0.0,nan,0.3076786398887634,0.3215670585632324,77.51495265960693,76.69520878791809,0.0,154.2101924419403
82,82,ppo,clip,gae,ALE/Pong-v5,atari,0,1,1.0,8200000,100000,103,103,4,1,-20.097087378640776,0.8869557744121356,950.6601941747573,-20.097087378640776,0.8869557744121356,950.6601941747573,1.3297796249389648e-09,-3.672104775905609e-05,0.42346781735420225,0.41567713996887207,1.7769428511810303,1.1888332664966583e-05,nan,nan,0.0,nan,0.292940616607666,0.30127590894699097,77.44446134567261,76.6413221359253,0.0,154.08581495285034
83,83,ppo,clip,gae,ALE/Pong-v5,atari,0,1,1.0,8300000,100000,106,106,4,1,-20.21698113207547,0.8902481844029118,927.1037735849056,-20.21698113207547,0.8902481844029118,927.1037735849056,5.8794021606445316e-09,-8.556204319000244e-05,0.38967391439437865,0.37801356627464294,1.7764203548431396,2.6700785383582115e-05,nan,nan,0.0,nan,0.3354639410972595,0.3485146760940552,76.6840922832489,76.80408358573914,0.0,153.48820877075195
84,84,ppo,clip,gae,ALE/Pong-v5,atari,0,1,1.0,8400000,100000,105,105,4,1,-20.21904761904762,0.8505567071148994,935.6761904761905,-20.21904761904762,0.8505567071148994,935.6761904761905,-7.49826431274414e-09,-3.7661993503570554e-05,0.3840725116825104,0.37253312621116635,1.77588164604187,1.2699980288743973e-05,nan,nan,0.0,nan,0.34990406036376953,0.3657413721084595,76.6999876499176,76.59928894042969,0.0,153.29930758476257
85,85,ppo,clip,gae,ALE/Pong-v5,atari,0,1,1.0,8500000,100000,102,102,4,1,-20.098039215686274,0.9852819236393029,963.1078431372549,-20.098039215686274,0.9852819236393029,963.1078431372549,-3.4046173095703123e-09,-3.760842800140381e-05,0.42133089378356936,0.4094639054250717,1.7752536535263062,1.0209972970187664e-05,nan,nan,0.0,nan,0.34088295698165894,0.34862005710601807,77.59798526763916,76.78928017616272,0.0,154.38729619979858
86,86,ppo,clip,gae,ALE/Pong-v5,atari,0,1,1.0,8600000,100000,104,104,4,1,-20.192307692307693,0.8213137116947163,932.375,-20.192307692307693,0.8213137116947163,932.375,-1.0356903076171875e-08,-5.3144688606262206e-05,0.40114090762615207,0.39056138423442843,1.7755568027496338,1.7838086932897568e-05,nan,nan,0.0,nan,0.3140155076980591,0.33038419485092163,77.54955649375916,76.69178938865662,0.0,154.24138402938843
87,87,ppo,clip,gae,ALE/Pong-v5,atari,0,1,1.0,8700000,100000,105,105,4,1,-20.333333333333332,0.8242360580350022,931.7238095238096,-20.333333333333332,0.8242360580350022,931.7238095238096,-4.9066543579101565e-09,-0.0001177411937713623,0.3366850622224808,0.3299802800655365,1.7756221294403076,4.004570655524731e-05,nan,nan,0.0,nan,0.38441985845565796,0.39608144760131836,77.15835547447205,76.74539732933044,0.0,153.9037961959839
88,88,ppo,clip,gae,ALE/Pong-v5,atari,0,1,1.0,8800000,100000,102,102,4,1,-20.186274509803923,0.8486482002464996,952.4607843137255,-20.186274509803923,0.8486482002464996,952.4607843137255,-8.203983306884766e-09,-0.00016570412516593932,0.40331581895828245,0.3954596553993225,1.7765429040145875,6.511295214295387e-05,nan,nan,0.0,nan,0.3342805504798889,0.3421066999435425,77.73864269256592,76.78711748123169,0.0,154.52580571174622
89,89,ppo,clip,gae,ALE/Pong-v5,atari,0,1,1.0,8900000,100000,106,106,4,1,-20.264150943396228,0.9245283018867925,921.5943396226415,-20.264150943396228,0.9245283018867925,921.5943396226415,-7.674694061279298e-09,-9.276352047920226e-05,0.38390963223457336,0.3672756767940521,1.7764757871627808,2.9458431527018547e-05,nan,nan,0.0,nan,0.35188788175582886,0.3639700412750244,77.20544695854187,76.8746280670166,0.0,154.0801079273224
90,90,ppo,clip,gae,ALE/Pong-v5,atari,0,1,1.0,9000000,100000,105,105,4,1,-20.333333333333332,0.7517176099303283,928.1238095238095,-20.333333333333332,0.7517176099303283,928.1238095238095,-8.854269981384277e-10,-2.761346697807312e-05,0.36106397327423095,0.3576371200275421,1.7766093015670776,1.046698891237611e-05,nan,nan,0.0,nan,0.3712172508239746,0.37755829095840454,77.5962176322937,76.75731873512268,0.0,154.3535704612732
91,91,ppo,clip,gae,ALE/Pong-v5,atari,0,1,1.0,9100000,100000,104,104,4,1,-20.134615384615383,0.9099629357169984,940.7307692307693,-20.134615384615383,0.9099629357169984,940.7307692307693,-2.6917457580566406e-09,-1.1314027309417725e-05,0.3971164428329468,0.39600438970565793,1.7770357131958008,4.690664354711771e-06,nan,nan,0.0,nan,0.3222530484199524,0.3341086506843567,77.52599835395813,76.54706168174744,0.0,154.07309412956238
92,92,ppo,clip,gae,ALE/Pong-v5,atari,0,1,1.0,9200000,100000,106,106,4,1,-20.30188679245283,0.8261048784524392,924.8490566037735,-20.30188679245283,0.8261048784524392,924.8490566037735,1.7499923706054688e-09,-3.3313441276550295e-06,0.3734323310661316,0.36456237478256226,1.7771811485290527,1.7061393009498715e-06,nan,nan,0.0,nan,0.3626168966293335,0.3712640404701233,77.66149854660034,76.51254224777222,0.0,154.17407989501953
93,93,ppo,clip,gae,ALE/Pong-v5,atari,0,1,1.0,9300000,100000,102,102,4,1,-20.127450980392158,0.824520878431606,947.8823529411765,-20.127450980392158,0.824520878431606,947.8823529411765,-1.7690658569335938e-09,-1.791609525680542e-05,0.4182252990818024,0.41212121491909026,1.777152419090271,6.747315637767315e-06,nan,nan,0.0,nan,0.2971283197402954,0.305442750453949,77.3160707950592,76.558274269104,0.0,153.87437772750854
94,94,ppo,clip,gae,ALE/Pong-v5,atari,0,1,1.0,9400000,100000,101,101,4,1,-20.04950495049505,0.9267876771355694,964.9009900990098,-20.04950495049505,0.9267876771355694,964.9009900990098,-3.913640975952148e-09,-4.8944226503372195e-05,0.43246233575820925,0.43356390001296996,1.7769417782974244,1.5060999430716038e-05,nan,nan,0.0,nan,0.3133241534233093,0.3174371123313904,76.71573948860168,76.71595096588135,0.0,153.43172311782837
95,95,ppo,clip,gae,ALE/Pong-v5,atari,0,1,1.0,9500000,100000,103,103,4,1,-20.038834951456312,0.9646401823979976,944.5631067961165,-20.038834951456312,0.9646401823979976,944.5631067961165,-4.76837158203125e-09,-0.00012064343929290772,0.44645483402252195,0.44067421219348907,1.7763292809677125,3.842124715447426e-05,nan,nan,0.0,nan,0.2945886254310608,0.308010458946228,77.36690616607666,76.46790289878845,0.0,153.83484053611755
96,96,ppo,clip,gae,ALE/Pong-v5,atari,0,1,1.0,9600000,100000,105,105,4,1,-20.17142857142857,0.9406901504659616,930.5238095238095,-20.17142857142857,0.9406901504659616,930.5238095238095,6.613731384277344e-09,-2.8597264289855958e-05,0.39400343477725985,0.3930548115634918,1.7764873484420776,8.672126568853855e-06,nan,nan,0.0,nan,0.34919363260269165,0.35566049814224243,77.56725144386292,76.81716918945312,0.0,154.3844587802887
97,97,ppo,clip,gae,ALE/Pong-v5,atari,0,1,1.0,9700000,100000,105,105,4,1,-20.152380952380952,0.8021513024474501,934.2571428571429,-20.152380952380952,0.8021513024474501,934.2571428571429,-2.217292785644531e-09,-0.00010372933864593506,0.3661681896305084,0.364048405880928,1.7771347761154175,3.997352905571461e-05,nan,nan,0.0,nan,0.357364296913147,0.3668109178543091,77.3810646533966,76.79700875282288,0.0,154.17810559272766
98,98,ppo,clip,gae,ALE/Pong-v5,atari,0,1,1.0,9800000,100000,103,103,4,1,-20.16504854368932,0.860086780207771,945.1747572815534,-20.16504854368932,0.860086780207771,945.1747572815534,-4.76837158203125e-11,-3.797274708747864e-05,0.4070157967853546,0.39329800681114196,1.777187349433899,1.2964708730578423e-05,nan,nan,0.0,nan,0.3196762800216675,0.32930541038513184,78.4504029750824,76.75209546089172,0.0,155.20253562927246
99,99,ppo,clip,gae,ALE/Pong-v5,atari,0,1,1.0,9900000,100000,103,103,4,1,-20.097087378640776,1.0659292231990958,944.4854368932039,-20.097087378640776,1.0659292231990958,944.4854368932039,8.678436279296875e-10,-2.4765071868896486e-05,0.4337643039894104,0.4266681241989136,1.7768503427505493,6.024318281561136e-06,nan,nan,0.0,nan,0.29151368141174316,0.3033161163330078,77.1808032989502,76.82090163230896,0.0,154.0017387866974
100,100,ppo,clip,gae,ALE/Pong-v5,atari,0,1,1.0,10000000,100000,103,103,4,1,-20.203883495145632,0.9069229241286791,945.7961165048544,-20.203883495145632,0.9069229241286791,945.7961165048544,7.236003875732422e-10,-3.540442824363709e-05,0.39707027331352235,0.3942936714935303,1.7768790701675414,1.1180236469954252e-05,nan,nan,0.0,nan,0.3489615321159363,0.353534460067749,76.97248983383179,76.6901319026947,0.002805471420288086,153.6654589176178
101,101,ppo,clip,gae,ALE/Pong-v5,atari,0,1,1.0,10100000,100000,105,105,4,1,-20.133333333333333,0.9468410302199289,935.4285714285714,-20.133333333333333,0.9468410302199289,935.4285714285714,1.4495849609375e-09,-2.674518823623657e-05,0.3983863844013214,0.3886572174453735,1.7768657207489014,8.341390639543533e-06,nan,nan,0.0,nan,0.3233625888824463,0.340160071849823,76.70557975769043,76.74157524108887,0.0,153.447194814682
102,102,ppo,clip,gae,ALE/Pong-v5,atari,0,1,1.0,10200000,100000,107,107,4,1,-20.327102803738317,0.7706739487135814,923.9906542056075,-20.327102803738317,0.7706739487135814,923.9906542056075,9.763240814208984e-10,-3.618593335151672e-05,0.3403468079948425,0.3356758550834656,1.7772052308273316,1.3644923456013203e-05,nan,nan,0.0,nan,0.3769318461418152,0.3851180672645569,77.4446349143982,76.75672125816345,0.0,154.2013897895813
103,103,ppo,clip,gae,ALE/Pong-v5,atari,0,1,1.0,10300000,100000,102,102,4,1,-20.068627450980394,0.9209948151007813,960.6470588235294,-20.068627450980394,0.9209948151007813,960.6470588235294,-3.046393394470215e-09,-3.25335755944252e-05,0.42094496473312376,0.4107440588474274,1.7776975631713867,1.1161318980157375e-05,nan,nan,0.0,nan,0.3223046660423279,0.3350127935409546,76.95271968841553,76.56832909584045,0.0,153.52107906341553
104,104,ppo,clip,gae,ALE/Pong-v5,atari,0,1,1.0,10400000,100000,106,106,4,1,-20.31132075471698,0.7315427939502668,933.7264150943396,-20.31132075471698,0.7315427939502668,933.7264150943396,-3.3640861511230467e-09,-0.00016572373390197755,0.3710099530887604,0.35916206107139587,1.7767302989959717,4.9549154937267303e-05,nan,nan,0.0,nan,0.3516055941581726,0.3611924648284912,76.83777475357056,76.66603088378906,0.0,153.50383830070496
105,105,ppo,clip,gae,ALE/Pong-v5,atari,0,1,1.0,10500000,100000,104,104,4,1,-20.16346153846154,0.8672522581636446,946.5673076923077,-20.16346153846154,0.8672522581636446,946.5673076923077,-5.38945198059082e-09,-6.793810427188873e-05,0.38733486087799074,0.37421076637268064,1.7759821435165406,2.0683975890278816e-05,nan,nan,0.0,nan,0.34962552785873413,0.36359578371047974,77.72926735877991,76.5582492351532,0.0,154.2875497341156
106,106,ppo,clip,gae,ALE/Pong-v5,atari,0,1,1.0,10600000,100000,108,108,4,1,-20.23148148148148,0.8777758243453805,917.5092592592592,-20.23148148148148,0.8777758243453805,917.5092592592592,-3.497600555419922e-09,-8.20724606513977e-06,0.35519207871437075,0.34954239614486693,1.77612578666687,2.6962370611727238e-06,nan,nan,0.0,nan,0.3819344639778137,0.38652342557907104,76.79258489608765,76.56352210044861,0.0,153.35613751411438
107,107,ppo,clip,gae,ALE/Pong-v5,atari,0,1,1.0,10700000,100000,104,104,4,1,-20.067307692307693,1.0854317031709184,943.5,-20.067307692307693,1.0854317031709184,943.5,-8.273124694824219e-09,-5.699325561523438e-05,0.41970112115859987,0.41915833059310914,1.7764456312561034,1.89982820302248e-05,nan,nan,0.0,nan,0.35327982902526855,0.3633236289024353,77.4552743434906,76.70802450180054,0.0,154.16333031654358
108,108,ppo,clip,gae,ALE/Pong-v5,atari,0,1,1.0,10800000,100000,102,102,4,1,-20.15686274509804,0.837188315302321,961.0392156862745,-20.15686274509804,0.837188315302321,961.0392156862745,6.377696990966797e-10,-3.988855957984924e-05,0.40879040614128115,0.3992935349655151,1.7767546197128297,1.2782751582562923e-05,nan,nan,0.0,nan,0.32373708486557007,0.3278752565383911,77.87315821647644,76.52895450592041,0.0,154.4021499156952
109,109,ppo,clip,gae,ALE/Pong-v5,atari,0,1,1.0,10900000,100000,106,106,4,1,-20.21698113207547,1.0187368888484432,922.1132075471698,-20.21698113207547,1.0187368888484432,922.1132075471698,-2.7942657470703124e-09,-4.6955771446228025e-05,0.38598345848560334,0.3791194079208374,1.7772531489181518,1.595797948539257e-05,nan,nan,0.0,nan,0.34081941843032837,0.3501737713813782,77.65552377700806,76.60945749282837,0.0,154.26502561569214
110,110,ppo,clip,gae,ALE/Pong-v5,atari,0,1,1.0,11000000,100000,103,103,4,1,-20.0873786407767,0.9042166176213632,951.3786407766991,-20.0873786407767,0.9042166176213632,951.3786407766991,1.0363459587097168e-08,-6.489777982234954e-05,0.4030120657157898,0.396778738861084,1.7768402099609375,1.7441227100789547e-05,nan,nan,0.0,nan,0.34704047441482544,0.3557155132293701,77.26495790481567,76.48243689537048,0.0,153.74742603302002
111,111,ppo,clip,gae,ALE/Pong-v5,atari,0,1,1.0,11100000,100000,106,106,4,1,-20.32075471698113,0.759184888253989,928.6509433962265,-20.32075471698113,0.759184888253989,928.6509433962265,9.636878967285156e-09,-1.4341709613800048e-05,0.34781668943405153,0.3384441156578064,1.7766867876052856,3.17947706207633e-06,nan,nan,0.0,nan,0.39274299144744873,0.4053645133972168,76.85887336730957,76.98345685005188,0.0,153.8423616886139
112,112,ppo,clip,gae,ALE/Pong-v5,atari,0,1,1.0,11200000,100000,104,104,4,1,-20.134615384615383,0.9204690725980246,932.8461538461538,-20.134615384615383,0.9204690725980246,932.8461538461538,3.6907196044921877e-09,-1.4995173215866089e-05,0.3806884050655365,0.375822995634079,1.7764378786087036,3.5393168218433857e-06,nan,nan,0.0,nan,0.38558727502822876,0.39036309719085693,77.67569398880005,76.89098000526428,0.0,154.56670713424683
113,113,ppo,clip,gae,ALE/Pong-v5,atari,0,1,1.0,11300000,100000,102,102,4,1,-19.980392156862745,0.8853977964608343,965.7843137254902,-19.980392156862745,0.8853977964608343,965.7843137254902,4.105567932128906e-09,-1.4229938983917237e-05,0.4240132256412506,0.41319871477127074,1.7763158082962036,3.825931344181299e-06,nan,nan,0.0,nan,0.32976222038269043,0.3395032286643982,78.35127758979797,76.73329019546509,0.0,155.08460068702698
114,114,ppo,clip,gae,ALE/Pong-v5,atari,0,1,1.0,11400000,100000,103,103,4,1,-20.21359223300971,0.8320110790535359,948.3009708737864,-20.21359223300971,0.8320110790535359,948.3009708737864,2.823472023010254e-09,-0.0001303146716952324,0.40922023926734924,0.40224635058403013,1.7766821384429932,4.117004573345184e-05,nan,nan,0.0,nan,0.3090931177139282,0.3215290307998657,77.66483950614929,76.73965287208557,0.0,154.404541015625
115,115,ppo,clip,gae,ALE/Pong-v5,atari,0,1,1.0,11500000,100000,106,106,4,1,-20.32075471698113,0.863813067340347,916.6509433962265,-20.32075471698113,0.863813067340347,916.6509433962265,1.3780593872070312e-08,-3.047677993774414e-05,0.371954969997406,0.3590573173713684,1.7766635438156129,8.715724106878042e-06,nan,nan,0.0,nan,0.36076128482818604,0.3655577301979065,77.14352774620056,76.52490043640137,0.0,153.6684639453888
116,116,ppo,clip,gae,ALE/Pong-v5,atari,0,1,1.0,11600000,100000,102,102,4,1,-19.88235294117647,1.0599122942540846,958.0686274509804,-19.88235294117647,1.0599122942540846,958.0686274509804,8.028745651245117e-10,-0.00015030159443616867,0.46246600149154665,0.4502830355834961,1.7758979797363281,4.379497841000557e-05,nan,nan,0.0,nan,0.30525511503219604,0.3104870915412903,76.81327819824219,76.1806287765503,0.0,152.99394488334656
117,117,ppo,clip,gae,ALE/Pong-v5,atari,0,1,1.0,11700000,100000,105,105,4,1,-20.2,0.8663002888584249,937.8952380952381,-20.2,0.8663002888584249,937.8952380952381,-2.491474151611328e-09,-3.1901824474334716e-05,0.39801536276817323,0.3807330286216736,1.7758738994598389,8.899020031094551e-06,nan,nan,0.0,nan,0.35877060890197754,0.3712241053581238,77.62034344673157,76.37078785896301,0.0,153.9911651611328
118,118,ppo,clip,gae,ALE/Pong-v5,atari,0,1,1.0,11800000,100000,105,105,4,1,-20.16190476190476,0.8295013938253971,936.3523809523809,-20.16190476190476,0.8295013938253971,936.3523809523809,-2.052783966064453e-09,-2.0049514770507813e-05,0.4088660718631744,0.3963379958724976,1.7758698463439941,5.061156116425991e-06,nan,nan,0.0,nan,0.33720719814300537,0.35643279552459717,78.19154691696167,76.80971622467041,0.0,155.00129628181458
119,119,ppo,clip,gae,ALE/Pong-v5,atari,0,1,1.0,11900000,100000,105,105,4,1,-20.142857142857142,0.888321814579887,940.7333333333333,-20.142857142857142,0.888321814579887,940.7333333333333,8.234977722167969e-09,-0.000123865487575531,0.39981901603698733,0.3914284475040436,1.7751421928405762,3.617838956415653e-05,nan,nan,0.0,nan,0.358479380607605,0.3710044026374817,78.1500997543335,76.85467982292175,0.0,155.00481152534485
120,120,ppo,clip,gae,ALE/Pong-v5,atari,0,1,1.0,12000000,100000,106,106,4,1,-20.349056603773583,0.7653147438625308,925.4622641509434,-20.349056603773583,0.7653147438625308,925.4622641509434,-8.64267349243164e-09,-0.0001454823899269104,0.3448551837158203,0.3367830666542053,1.7745218256759643,4.0211714804172516e-05,nan,nan,0.0,nan,0.40131431818008423,0.41389840841293335,77.48549151420593,76.78456807136536,0.0,154.27010416984558
121,121,ppo,clip,gae,ALE/Pong-v5,atari,0,1,1.0,12100000,100000,105,105,4,1,-20.19047619047619,0.8291732898925301,934.8095238095239,-20.19047619047619,0.8291732898925301,934.8095238095239,-1.0499954223632813e-08,-0.000183686740398407,0.37773654483795166,0.3587117479324341,1.7754026671600343,5.370844155550003e-05,nan,nan,0.0,nan,0.3867930769920349,0.3943853974342346,77.40124440193176,76.62834167480469,0.0,154.0296277999878
122,122,ppo,clip,gae,ALE/Pong-v5,atari,0,1,1.0,12200000,100000,105,105,4,1,-20.257142857142856,0.7687785169756406,936.9809523809524,-20.257142857142856,0.7687785169756406,936.9809523809524,6.253719329833984e-09,-1.5994772911071777e-05,0.35539002287864685,0.3528313261985779,1.775820020904541,5.714595317840576e-06,nan,nan,0.0,nan,0.36847496032714844,0.3821595311164856,77.66465353965759,76.62111639976501,0.0,154.28580355644226
123,123,ppo,clip,gae,ALE/Pong-v5,atari,0,1,1.0,12300000,100000,105,105,4,1,-20.142857142857142,0.821480329632298,935.8285714285714,-20.142857142857142,0.821480329632298,935.8285714285714,-6.937980651855468e-10,-1.8976738452911378e-05,0.3916152107143402,0.3752225839328766,1.7763748168945312,6.967951776459813e-06,nan,nan,0.0,nan,0.3833131194114685,0.3907742500305176,77.75843405723572,76.97459149360657,0.0,154.73306894302368
124,124,ppo,clip,gae,ALE/Pong-v5,atari,0,1,1.0,12400000,100000,104,104,4,1,-20.298076923076923,0.8071770334403783,940.4615384615385,-20.298076923076923,0.8071770334403783,940.4615384615385,4.739761352539062e-09,-8.99256706237793e-06,0.3763780639076233,0.36827082349777224,1.7764480113983154,2.548214979469776e-06,nan,nan,0.0,nan,0.363727331161499,0.3736833930015564,77.7789032459259,76.90902733802795,0.0,154.68796348571777
125,125,ppo,clip,gae,ALE/Pong-v5,atari,0,1,1.0,12500000,100000,106,106,4,1,-20.21698113207547,0.8126908133691234,927.4056603773585,-20.21698113207547,0.8126908133691234,927.4056603773585,-5.081295967102051e-09,-6.693897068500518e-05,0.37163248821258543,0.3692156819152832,1.775792121887207,1.826218795031309e-05,nan,nan,0.0,nan,0.3547724485397339,0.36317527294158936,77.19212436676025,76.69578909873962,0.002795696258544922,153.89074516296387
126,126,ppo,clip,gae,ALE/Pong-v5,atari,0,1,1.0,12600000,100000,106,106,4,1,-20.18867924528302,0.8480077378960087,927.5283018867924,-20.18867924528302,0.8480077378960087,927.5283018867924,-4.067420959472656e-09,-8.37633466720581e-05,0.37764679458141326,0.366789603972435,1.775446891784668,2.245022915303707e-05,nan,nan,0.0,nan,0.36380183696746826,0.37608397006988525,77.82280445098877,76.75244569778442,0.0,154.5752956867218
127,127,ppo,clip,gae,ALE/Pong-v5,atari,0,1,1.0,12700000,100000,105,105,4,1,-20.35238095238095,0.7034737261950242,936.552380952381,-20.35238095238095,0.7034737261950242,936.552380952381,-1.048088051902596e-08,-8.379039765044581e-05,0.3427574422454834,0.3393150683784485,1.7753657102584839,2.293870784342289e-05,nan,nan,0.0,nan,0.36374592781066895,0.38080912828445435,77.46851587295532,76.57506108283997,0.0,154.04361200332642
128,128,ppo,clip,gae,ALE/Pong-v5,atari,0,1,1.0,12800000,100000,105,105,4,1,-20.114285714285714,0.9290474970100723,942.6857142857143,-20.114285714285714,0.9290474970100723,942.6857142857143,-1.3446807861328125e-09,-1.1807928085327149e-05,0.40042363945007325,0.39381031126022337,1.77521550655365,2.5349872885271907e-06,nan,nan,0.0,nan,0.35621827840805054,0.364718496799469,77.18476819992065,76.64028406143188,0.0,153.8250970840454
129,129,ppo,clip,gae,ALE/Pong-v5,atari,0,1,1.0,12900000,100000,104,104,4,1,-20.028846153846153,0.9553164072022539,939.8365384615385,-20.028846153846153,0.9553164072022539,939.8365384615385,2.0694732666015626e-09,-2.9997506141662596e-05,0.3904703893661499,0.3874989685869217,1.775753023262024,1.0007526725530624e-05,nan,nan,0.0,nan,0.3465133309364319,0.353681743144989,77.82330417633057,76.8601598739624,0.0,154.68350434303284
130,130,ppo,clip,gae,ALE/Pong-v5,atari,0,1,1.0,13000000,100000,106,106,4,1,-20.132075471698112,0.7899781666210687,933.622641509434,-20.132075471698112,0.7899781666210687,933.622641509434,5.6815147399902345e-09,-3.135157346725464e-05,0.3749193555736542,0.3651369311618805,1.7761032601547242,9.655021131038666e-06,nan,nan,0.0,nan,0.3782132863998413,0.389886736869812,78.2369794845581,77.19951176643372,0.0,155.43652486801147
131,131,ppo,clip,gae,ALE/Pong-v5,atari,0,1,1.0,13100000,100000,104,104,4,1,-20.16346153846154,0.8099213746630562,942.6634615384615,-20.16346153846154,0.8099213746630562,942.6634615384615,1.6736984252929688e-09,-4.618277192115784e-05,0.36074880189418795,0.35801905593395233,1.776681661605835,1.3548764400184155e-05,nan,nan,0.0,nan,0.3990073800086975,0.4028337001800537,77.65624570846558,76.65063261985779,0.0,154.3069131374359
132,132,ppo,clip,gae,ALE/Pong-v5,atari,0,1,1.0,13200000,100000,105,105,4,1,-20.228571428571428,0.8756727248741023,935.3238095238095,-20.228571428571428,0.8756727248741023,935.3238095238095,3.0040740966796875e-09,-3.3468642234802244e-05,0.3704714580821991,0.3623375440406799,1.7773417234420776,1.1721625924110413e-05,nan,nan,0.0,nan,0.36751461029052734,0.382276713848114,77.3053925037384,76.51188468933105,0.0,153.81731128692627
133,133,ppo,clip,gae,ALE/Pong-v5,atari,0,1,1.0,13300000,100000,102,102,4,1,-20.254901960784313,0.8005668887291609,953.7352941176471,-20.254901960784313,0.8005668887291609,953.7352941176471,-1.2040138244628907e-10,-0.0001033263435959816,0.3809720313167572,0.3711701996421814,1.7778091430664062,3.0392315238714218e-05,nan,nan,0.0,nan,0.3561857342720032,0.37152791023254395,77.78087663650513,76.89014339447021,0.0,154.67105412483215
134,134,ppo,clip,gae,ALE/Pong-v5,atari,0,1,1.0,13400000,100000,104,104,4,1,-20.25,0.9067057872404833,938.2019230769231,-20.25,0.9067057872404833,938.2019230769231,3.3855438232421876e-10,-2.334873676300049e-05,0.3790721500015259,0.37400258205413817,1.7779566069793702,7.388764061033726e-06,nan,nan,0.0,nan,0.36011290550231934,0.3690376281738281,78.65952062606812,76.95972800254822,0.0,155.61928296089172
135,135,ppo,clip,gae,ALE/Pong-v5,atari,0,1,1.0,13500000,100000,105,105,4,1,-20.2,0.8440266301373153,926.6761904761905,-20.2,0.8440266301373153,926.6761904761905,1.773834228515625e-09,-1.2037756443023681e-05,0.3638302562904358,0.35944979110717773,1.778009295463562,3.370267222635448e-06,nan,nan,0.0,nan,0.35428935289382935,0.3610038161277771,77.50216293334961,76.73450446128845,0.0,154.2367012500763
136,136,ppo,clip,gae,ALE/Pong-v5,atari,0,1,1.0,13600000,100000,106,106,4,1,-20.169811320754718,0.8295452051690795,927.0094339622641,-20.169811320754718,0.8295452051690795,927.0094339622641,-4.544258117675781e-09,-1.9530782699584962e-05,0.3707759272480011,0.36751978513717654,1.7781723737716675,5.738809704780579e-06,nan,nan,0.0,nan,0.3476533889770508,0.3564800024032593,77.87882328033447,76.752192735672,0.0,154.63105845451355
137,137,ppo,clip,gae,ALE/Pong-v5,atari,0,1,1.0,13700000,100000,105,105,4,1,-20.247619047619047,0.7901892766739635,930.847619047619,-20.247619047619047,0.7901892766739635,930.847619047619,2.8133392333984374e-09,-2.9315786361694337e-05,0.36773159473419187,0.3579246059989929,1.7782462855529786,6.721180398017168e-06,nan,nan,0.0,nan,0.36936044692993164,0.38904356956481934,77.40704321861267,76.65821051597595,0.0,154.06529259681702
138,138,ppo,clip,gae,ALE/Pong-v5,atari,0,1,1.0,13800000,100000,105,105,4,1,-20.238095238095237,0.8340812969832883,933.0952380952381,-20.238095238095237,0.8340812969832883,933.0952380952381,8.821487426757812e-11,-5.654520750045776e-05,0.37800059309005735,0.3706863768386841,1.7776341458511353,1.3883574865758419e-05,nan,nan,0.0,nan,0.35015255212783813,0.3563574552536011,77.36253666877747,76.8277223110199,0.0,154.1902928352356
139,139,ppo,clip,gae,ALE/Pong-v5,atari,0,1,1.0,13900000,100000,105,105,4,1,-20.152380952380952,0.9131937924089997,939.5904761904762,-20.152380952380952,0.9131937924089997,939.5904761904762,1.9550323486328127e-09,-1.512183666229248e-05,0.36872138482093814,0.35773156480789187,1.7779294272613526,4.914705641567707e-06,nan,nan,0.0,nan,0.3809455633163452,0.39882880449295044,76.99349641799927,76.49763250350952,0.0,153.49116110801697
140,140,ppo,clip,gae,ALE/Pong-v5,atari,0,1,1.0,14000000,100000,104,104,4,1,-20.125,0.8736252937307584,948.9711538461538,-20.125,0.8736252937307584,948.9711538461538,4.096627235412598e-09,-4.951450407505035e-05,0.38761172815322875,0.37922142203330994,1.7780991792678833,1.2926990166306496e-05,nan,nan,0.0,nan,0.36271899938583374,0.3746033310890198,77.73183083534241,76.52271270751953,0.0,154.25457668304443
141,141,ppo,clip,gae,ALE/Pong-v5,atari,0,1,1.0,14100000,100000,104,104,4,1,-20.125,0.9475423676340485,943.7019230769231,-20.125,0.9475423676340485,943.7019230769231,1.3399124145507812e-09,-0.00011286833763122558,0.3871432186985016,0.38155933586120605,1.7770929316329955,2.6162131689488888e-05,nan,nan,0.0,nan,0.39200645685195923,0.3990360498428345,77.45296907424927,76.91798043251038,0.0,154.37098693847656
142,142,ppo,clip,gae,ALE/Pong-v5,atari,0,1,1.0,14200000,100000,104,104,4,1,-20.192307692307693,0.910166120476864,950.0096153846154,-20.192307692307693,0.910166120476864,950.0096153846154,-1.912117004394531e-09,-6.781435966491699e-05,0.3696498801469803,0.36239578547000884,1.776269793510437,1.719384454190731e-05,nan,nan,0.0,nan,0.3711123466491699,0.38709378242492676,77.20403480529785,76.77681040763855,0.0,153.9808840751648
143,143,ppo,clip,gae,ALE/Pong-v5,atari,0,1,1.0,14300000,100000,104,104,4,1,-20.14423076923077,0.8016601671959502,944.1826923076923,-20.14423076923077,0.8016601671959502,944.1826923076923,-9.703636169433593e-10,-0.0001074372386932373,0.3962637398147583,0.3808478430747986,1.775572657585144,2.5924760848283768e-05,nan,nan,0.0,nan,0.32061952352523804,0.34601497650146484,77.50753903388977,76.77439951896667,0.0,154.28196907043457
144,144,ppo,clip,gae,ALE/Pong-v5,atari,0,1,1.0,14400000,100000,106,106,4,1,-20.264150943396228,0.8389333613364417,932.0754716981132,-20.264150943396228,0.8389333613364417,932.0754716981132,-1.0199546813964843e-08,-8.309944629669189e-05,0.36360752044677735,0.3562649042892456,1.7748519202423096,1.9023544155061245e-05,nan,nan,0.0,nan,0.3974987864494324,0.4094011187553406,78.0698492527008,76.79113912582397,0.0,154.86103343963623
145,145,ppo,clip,gae,ALE/Pong-v5,atari,0,1,1.0,14500000,100000,105,105,4,1,-20.20952380952381,0.9729213553616864,934.9047619047619,-20.20952380952381,0.9729213553616864,934.9047619047619,-2.7680397033691408e-09,-7.606897234916687e-05,0.3794749826669693,0.3763954774427414,1.7744326571273803,1.637428067624569e-05,nan,nan,0.0,nan,0.37067902088165283,0.3747641444206238,77.36339020729065,76.93789529800415,0.0,154.3013243675232
146,146,ppo,clip,gae,ALE/Pong-v5,atari,0,1,1.0,14600000,100000,107,107,4,1,-20.327102803738317,0.7945574320311134,917.5700934579439,-20.327102803738317,0.7945574320311134,917.5700934579439,-1.5541911125183106e-09,-0.00017808719277381897,0.34468359700202944,0.3311608503341675,1.7755136469650268,4.927394911646843e-05,nan,nan,0.0,nan,0.40096503496170044,0.41576653718948364,77.23663330078125,76.75777816772461,0.0,153.99445462226868
147,147,ppo,clip,gae,ALE/Pong-v5,atari,0,1,1.0,14700000,100000,105,105,4,1,-20.314285714285713,0.8316854455093637,926.3142857142857,-20.314285714285713,0.8316854455093637,926.3142857142857,4.5537948608398435e-09,-2.200716018676758e-05,0.33924689232826233,0.33527195753097533,1.775321008796692,4.154921043664217e-06,nan,nan,0.0,nan,0.3971603512763977,0.40351927280426025,77.32584881782532,76.80667662620544,0.0,154.1325604915619
148,148,ppo,clip,gae,ALE/Pong-v5,atari,0,1,1.0,14800000,100000,103,103,4,1,-20.0873786407767,0.9563969208562914,948.1067961165048,-20.0873786407767,0.9563969208562914,948.1067961165048,-9.206533432006835e-09,-2.1637919545173644e-05,0.39263031553268435,0.39461953085899354,1.7755039930343628,6.623333320021629e-06,nan,nan,0.0,nan,0.3947131037712097,0.40232497453689575,77.53439569473267,76.81370997428894,0.0,154.34813928604126
149,149,ppo,clip,gae,ALE/Pong-v5,atari,0,1,1.0,14900000,100000,106,106,4,1,-20.047169811320753,1.0035980127342399,928.6132075471698,-20.047169811320753,1.0035980127342399,928.6132075471698,-1.6131401062011718e-08,-3.0494322776794435e-05,0.38578629934310915,0.37573335496902466,1.775512456893921,7.302151061594486e-06,nan,nan,0.0,nan,0.37842464447021484,0.39192086458206177,77.27880454063416,76.6600558757782,0.0,153.93889236450195
150,150,ppo,clip,gae,ALE/Pong-v5,atari,0,1,1.0,15000000,100000,105,105,4,1,-20.142857142857142,0.9604420750840921,942.6571428571428,-20.142857142857142,0.9604420750840921,942.6571428571428,2.384185791015625e-12,-5.207170963287354e-05,0.3764465609550476,0.37116562348365784,1.7753101607513428,1.1731346603482962e-05,nan,nan,0.0,nan,0.3864498734474182,0.3904421329498291,77.32516598701477,76.78763699531555,0.002927541732788086,154.11576199531555
151,151,ppo,clip,gae,ALE/Pong-v5,atari,0,1,1.0,15100000,100000,104,104,4,1,-20.153846153846153,0.8177035240565116,947.3076923076923,-20.153846153846153,0.8177035240565116,947.3076923076923,-9.789466857910156e-09,-4.407850742340088e-05,0.35953584032058716,0.3544318581104279,1.774732349281311,9.107985533773899e-06,nan,nan,0.0,nan,0.38148730993270874,0.3894299864768982,77.55811047554016,76.76214575767517,0.0,154.32028770446777
152,152,ppo,clip,gae,ALE/Pong-v5,atari,0,1,1.0,15200000,100000,105,105,4,1,-20.2,1.0085350054127311,924.5142857142857,-20.2,1.0085350054127311,924.5142857142857,3.821849822998047e-09,-7.445383787155152e-05,0.3764662486743927,0.365869714345932,1.7742198685455322,1.758243888616562e-05,nan,nan,0.0,nan,0.3973475694656372,0.4077637195587158,77.27220964431763,76.55654883384705,0.0,153.82879090309143
153,153,ppo,clip,gae,ALE/Pong-v5,atari,0,1,1.0,15300000,100000,105,105,4,1,-20.142857142857142,1.008804775380218,944.447619047619,-20.142857142857142,1.008804775380218,944.447619047619,3.1721591949462893e-09,-0.00010522610545158386,0.3949664722919464,0.385905621509552,1.7740682383728028,2.338457852602005e-05,nan,nan,0.0,nan,0.35992008447647095,0.37038880586624146,76.87553644180298,76.79089450836182,0.0,153.66646099090576
154,154,ppo,clip,gae,ALE/Pong-v5,atari,0,1,1.0,15400000,100000,107,107,4,1,-20.242990654205606,0.7468453466918521,929.0,-20.242990654205606,0.7468453466918521,929.0,1.8101930618286134e-09,-1.3916037678718568e-05,0.3658265117740631,0.35558892686843874,1.7739940901947022,2.7675414457917213e-06,nan,nan,0.0,nan,0.37063050270080566,0.38479548692703247,77.15249609947205,76.62795853614807,0.0,153.78048586845398
155,155,ppo,clip,gae,ALE/Pong-v5,atari,0,1,1.0,15500000,100000,108,108,4,1,-20.36111111111111,0.7871459619613753,913.2222222222222,-20.36111111111111,0.7871459619613753,913.2222222222222,7.541179656982421e-09,-2.83204984664917e-05,0.3237325292825699,0.31549109923362734,1.7741150856018066,6.527057848870754e-06,nan,nan,0.0,nan,0.43909525871276855,0.45342838764190674,77.10888648033142,76.57690143585205,0.0,153.68581914901733
156,156,ppo,clip,gae,ALE/Pong-v5,atari,0,1,1.0,15600000,100000,104,104,4,1,-20.115384615384617,0.8804248570968921,944.2115384615385,-20.115384615384617,0.8804248570968921,944.2115384615385,1.110076904296875e-08,-1.7256956100463868e-05,0.39890677827358245,0.38585677165031435,1.7739188650894164,3.128254320472479e-06,nan,nan,0.0,nan,0.3535122871398926,0.36934196949005127,76.9004271030426,76.79071187973022,0.0,153.6911702156067
157,157,ppo,clip,gae,ALE/Pong-v5,atari,0,1,1.0,15700000,100000,105,105,4,1,-20.133333333333333,0.8951367723816519,942.2761904761904,-20.133333333333333,0.8951367723816519,942.2761904761904,5.578994750976563e-10,-6.0094335079193116e-05,0.38385495670318603,0.376133262014389,1.7743719836425782,1.4216173440217972e-05,nan,nan,0.0,nan,0.34698939323425293,0.3561044931411743,77.23472428321838,76.80457377433777,0.0,154.03932857513428
158,158,ppo,clip,gae,ALE/Pong-v5,atari,0,1,1.0,15800000,100000,104,104,4,1,-20.096153846153847,0.904255226577596,946.5,-20.096153846153847,0.904255226577596,946.5,-8.153915405273438e-09,-5.0883526802062985e-05,0.3993246730709076,0.39567294946670534,1.7738382816314697,1.0850373655557632e-05,nan,nan,0.0,nan,0.36601054668426514,0.3734498620033264,76.71791338920593,76.64746236801147,0.0,153.36542439460754
159,159,ppo,clip,gae,ALE/Pong-v5,atari,0,1,1.0,15900000,100000,103,103,4,1,-20.067961165048544,0.9780318648126621,953.1747572815534,-20.067961165048544,0.9780318648126621,953.1747572815534,2.5272369384765624e-10,-1.970715045928955e-05,0.3651382358789444,0.36063984451293946,1.7736279964447021,4.563276888802648e-06,nan,nan,0.0,nan,0.38112807273864746,0.39055919647216797,76.55628514289856,76.60899233818054,0.0,153.16530966758728
160,160,ppo,clip,gae,ALE/Pong-v5,atari,0,1,1.0,16000000,100000,104,104,4,1,-20.201923076923077,0.9027714560037595,942.6923076923077,-20.201923076923077,0.9027714560037595,942.6923076923077,-2.086162567138672e-10,-8.005281686782837e-06,0.4156333465862274,0.40524202296257017,1.773763301010132,1.9709113985300064e-06,nan,nan,0.0,nan,0.3132954239845276,0.3254045844078064,77.2120361328125,76.65345501899719,0.0,153.86552596092224
161,161,ppo,clip,gae,ALE/Pong-v5,atari,0,1,1.0,16100000,100000,104,104,4,1,-20.134615384615383,0.8885780809344556,941.5865384615385,-20.134615384615383,0.8885780809344556,941.5865384615385,-6.303787231445313e-09,-1.0811429023742676e-05,0.378949076051712,0.3737083595371246,1.773762583732605,2.354121534153819e-06,nan,nan,0.0,nan,0.3714613914489746,0.38250529766082764,77.46674537658691,76.92373442649841,0.0,154.39051175117493
162,162,ppo,clip,gae,ALE/Pong-v5,atari,0,1,1.0,16200000,100000,104,104,4,1,-20.173076923076923,0.8019484408458863,934.9423076923077,-20.173076923076923,0.8019484408458863,934.9423076923077,9.105205535888672e-09,-6.427501678466797e-05,0.36081341368198394,0.3522354975748062,1.7736726999282837,1.3689044862985611e-05,nan,nan,0.0,nan,0.38254714012145996,0.3936856985092163,77.01812863349915,76.70589995384216,0.0,153.72406148910522
163,163,ppo,clip,gae,ALE/Pong-v5,atari,0,1,1.0,16300000,100000,104,104,4,1,-20.048076923076923,0.8920569110456903,952.2980769230769,-20.048076923076923,0.8920569110456903,952.2980769230769,4.954338073730469e-09,-2.086724042892456e-05,0.4114293244838715,0.4028437078666687,1.773464443321228,4.268833436071873e-06,nan,nan,0.0,nan,0.3260987401008606,0.34001219272613525,77.10102915763855,76.9018862247467,0.0,154.00294661521912
164,164,ppo,clip,gae,ALE/Pong-v5,atari,0,1,1.0,16400000,100000,103,103,4,1,-20.0,0.9754262200082647,954.8543689320388,-20.0,0.9754262200082647,954.8543689320388,5.769729614257812e-10,-1.773508071899414e-05,0.40932956791877745,0.4032533357810974,1.7734898328781128,4.2585888877511024e-06,nan,nan,0.0,nan,0.36558598279953003,0.37534356117248535,78.00547194480896,76.64588379859924,0.0,154.65138912200928
165,165,ppo,clip,gae,ALE/Pong-v5,atari,0,1,1.0,16500000,100000,104,104,4,1,-20.125,0.9373397298902726,944.9230769230769,-20.125,0.9373397298902726,944.9230769230769,-9.171962738037109e-09,-9.842012882232666e-05,0.3839715400838852,0.37893412569999696,1.7732759714126587,2.128048799932003e-05,nan,nan,0.0,nan,0.36217421293258667,0.3714805841445923,77.45659303665161,76.70186448097229,0.0,154.1584906578064
166,166,ppo,clip,gae,ALE/Pong-v5,atari,0,1,1.0,16600000,100000,104,104,4,1,-20.173076923076923,0.8019484408458862,943.7884615384615,-20.173076923076923,0.8019484408458862,943.7884615384615,-1.0077953338623047e-08,-3.71154248714447e-05,0.3758128949832916,0.365325706539154,1.7732222080230713,7.155817002058029e-06,nan,nan,0.0,nan,0.3634474277496338,0.3808656334877014,77.34808683395386,76.8457305431366,0.0,154.19385147094727
167,167,ppo,clip,gae,ALE/Pong-v5,atari,0,1,1.0,16700000,100000,101,101,4,1,-20.00990099009901,1.156086343558039,972.2376237623762,-20.00990099009901,1.156086343558039,972.2376237623762,2.427101135253906e-09,-0.00018037142276763917,0.4263622557735443,0.4140485785102844,1.7725862264633179,3.710435703396797e-05,nan,nan,0.0,nan,0.33312445878982544,0.35022711753845215,77.81248807907104,76.31990146636963,0.0,154.1324224472046
168,168,ppo,clip,gae,ALE/Pong-v5,atari,0,1,1.0,16800000,100000,104,104,4,1,-20.201923076923077,0.824852057741122,933.25,-20.201923076923077,0.824852057741122,933.25,-4.701614379882813e-09,-6.512911319732665e-05,0.3638433046913147,0.33933147947311404,1.7728207111358643,1.3958197087049484e-05,nan,nan,0.0,nan,0.42698097229003906,0.445965051651001,76.7721004486084,76.88805031776428,0.0,153.66018509864807
169,169,ppo,clip,gae,ALE/Pong-v5,atari,0,1,1.0,16900000,100000,103,103,4,1,-20.04854368932039,1.0555322660137387,951.0194174757281,-20.04854368932039,1.0555322660137387,951.0194174757281,3.123283386230469e-09,-7.803717851638794e-05,0.38692330028533933,0.37847127994537355,1.7735233306884766,1.7880229279398918e-05,nan,nan,0.0,nan,0.38448941707611084,0.3966881036758423,77.56338477134705,76.77205204963684,0.0,154.33546948432922
170,170,ppo,clip,gae,ALE/Pong-v5,atari,0,1,1.0,17000000,100000,106,106,4,1,-20.245283018867923,0.9091912304269251,926.6981132075472,-20.245283018867923,0.9091912304269251,926.6981132075472,-1.2059211730957031e-08,-2.875934600830078e-05,0.3544915975189209,0.3548976012134552,1.7734560946273803,5.881593097001314e-06,nan,nan,0.0,nan,0.3845924139022827,0.3924153447151184,77.16163039207458,76.87490177154541,0.0,154.0365698337555
171,171,ppo,clip,gae,ALE/Pong-v5,atari,0,1,1.0,17100000,100000,106,106,4,1,-20.254716981132077,0.8016647861383727,927.9528301886793,-20.254716981132077,0.8016647861383727,927.9528301886793,-2.2077560424804685e-09,-5.2608778476715086e-05,0.37194642402648925,0.3640441424179077,1.7729963084411622,9.938026778399944e-06,nan,nan,0.0,nan,0.3778085708618164,0.3850170969963074,76.86333632469177,76.75817966461182,0.0,153.62154841423035
172,172,ppo,clip,gae,ALE/Pong-v5,atari,0,1,1.0,17200000,100000,104,104,4,1,-20.182692307692307,0.8058013579055119,935.75,-20.182692307692307,0.8058013579055119,935.75,7.643699645996093e-09,-3.175036907196045e-05,0.3620991601085663,0.3559776452541351,1.772951602935791,6.462621968239546e-06,nan,nan,0.0,nan,0.3859941363334656,0.3946853280067444,76.85859203338623,76.81613230705261,0.0,153.67475843429565
173,173,ppo,clip,gae,ALE/Pong-v5,atari,0,1,1.0,17300000,100000,106,106,4,1,-20.32075471698113,0.8304030597986939,921.7547169811321,-20.32075471698113,0.8304030597986939,921.7547169811321,-9.243488311767578e-09,-3.927920937538147e-05,0.34879502323150635,0.3436686357021332,1.7726446390151978,8.010072633624077e-06,nan,nan,0.0,nan,0.36464786529541016,0.3724077343940735,77.92695546150208,76.97253370285034,0.0,154.89953589439392
174,174,ppo,clip,gae,ALE/Pong-v5,atari,0,1,1.0,17400000,100000,104,104,4,1,-20.21153846153846,0.8165720671370055,940.5576923076923,-20.21153846153846,0.8165720671370055,940.5576923076923,7.469654083251952e-09,-2.7037816047668457e-05,0.37985723536491395,0.364414950838089,1.7722243070602417,4.710862413048744e-06,nan,nan,0.0,nan,0.37193721532821655,0.38405531644821167,77.06362009048462,76.83450031280518,0.0,153.89815402030945
175,175,ppo,clip,gae,ALE/Pong-v5,atari,0,1,1.0,17500000,100000,105,105,4,1,-20.20952380952381,0.8585174163609095,933.495238095238,-20.20952380952381,0.8585174163609095,933.495238095238,3.4618377685546875e-09,-4.392046928405762e-05,0.3611339314079285,0.35732460193634036,1.7727823237228393,9.948154911398888e-06,nan,nan,0.0,nan,0.36282843351364136,0.3723296523094177,77.20330023765564,76.71718406677246,0.002850770950317383,153.92336750030518
176,176,ppo,clip,gae,ALE/Pong-v5,atari,0,1,1.0,17600000,100000,106,106,4,1,-20.21698113207547,0.8355849491171865,930.9528301886793,-20.21698113207547,0.8355849491171865,930.9528301886793,8.945167064666748e-10,-9.905581325292587e-06,0.3615226705646515,0.35598702729225157,1.7730860689926147,2.887711161747575e-06,nan,nan,0.0,nan,0.367892861366272,0.37673836946487427,78.13375449180603,76.72159504890442,0.0,154.85540080070496
177,177,ppo,clip,gae,ALE/Pong-v5,atari,0,1,1.0,17700000,100000,106,106,4,1,-20.19811320754717,0.8402583982700182,932.8207547169811,-20.19811320754717,0.8402583982700182,932.8207547169811,-3.794431686401367e-09,-1.9338565468788148e-05,0.37919597878932954,0.3725940221643448,1.7733564376831055,4.018191248178482e-06,nan,nan,0.0,nan,0.3735719323158264,0.386629581451416,76.93406963348389,76.52073740959167,0.0,153.45484066009521
178,178,ppo,clip,gae,ALE/Pong-v5,atari,0,1,1.0,17800000,100000,105,105,4,1,-20.238095238095237,0.8340812969832883,939.7333333333333,-20.238095238095237,0.8340812969832883,939.7333333333333,-5.906820297241211e-10,-2.662763476371765e-05,0.35644106932640074,0.3482244301700592,1.7733130475234986,5.4212287068367004e-06,nan,nan,0.0,nan,0.37402987480163574,0.3848395347595215,77.76858925819397,76.37205052375793,0.0,154.14067268371582
179,179,ppo,clip,gae,ALE/Pong-v5,atari,0,1,1.0,17900000,100000,106,106,4,1,-20.12264150943396,0.9586038411746026,934.3679245283018,-20.12264150943396,0.9586038411746026,934.3679245283018,5.383491516113281e-09,-1.2856707572937012e-05,0.3793852667236328,0.3691290041065216,1.7734675387191772,2.7819769456982613e-06,nan,nan,0.0,nan,0.3751038908958435,0.3932214379310608,78.14757418632507,76.45794606208801,0.0,154.60555362701416
180,180,ppo,clip,gae,ALE/Pong-v5,atari,0,1,1.0,18000000,100000,105,105,4,1,-20.20952380952381,0.8473514826489609,933.2095238095238,-20.20952380952381,0.8473514826489609,933.2095238095238,-1.9073486328125e-10,-1.3179483413696289e-05,0.3826953994369507,0.3737365225028992,1.773254156112671,1.8808786990121007e-06,nan,nan,0.0,nan,0.3529525399208069,0.36594128608703613,78.34480619430542,76.95150876045227,0.0,155.29634761810303
181,181,ppo,clip,gae,ALE/Pong-v5,atari,0,1,1.0,18100000,100000,104,104,4,1,-20.028846153846153,1.087133941656037,948.9326923076923,-20.028846153846153,1.087133941656037,948.9326923076923,3.819465637207031e-09,-2.51596736907959e-05,0.4123014019393921,0.39990242701530454,1.773276803855896,4.792818799614906e-06,nan,nan,0.0,nan,0.3408690094947815,0.35980743169784546,77.88041257858276,76.91001296043396,0.0,154.79046726226807
182,182,ppo,clip,gae,ALE/Pong-v5,atari,0,1,1.0,18200000,100000,105,105,4,1,-20.2,0.855235974119758,934.8952380952381,-20.2,0.855235974119758,934.8952380952381,9.64641571044922e-09,-0.00010459077835083008,0.36303592286109926,0.34967178507328034,1.7733826637268066,2.0313076674938202e-05,nan,nan,0.0,nan,0.38874560594558716,0.4029836058616638,78.20402693748474,76.65060329437256,0.0,154.8546621799469
183,183,ppo,clip,gae,ALE/Pong-v5,atari,0,1,1.0,18300000,100000,104,104,4,1,-20.115384615384617,1.0405960968052832,935.2211538461538,-20.115384615384617,1.0405960968052832,935.2211538461538,-5.688667297363281e-09,-1.7666940689086915e-05,0.3932018754005432,0.38424181451797484,1.7736008187484742,3.86673491448164e-06,nan,nan,0.0,nan,0.3712000846862793,0.38344258069992065,78.04895377159119,76.75293135643005,0.0,154.80191922187805
184,184,ppo,clip,gae,ALE/Pong-v5,atari,0,1,1.0,18400000,100000,107,107,4,1,-20.214953271028037,0.7975199570722683,921.8130841121496,-20.214953271028037,0.7975199570722683,921.8130841121496,1.8978118896484375e-09,-2.4963474273681642e-05,0.3457629494857788,0.336937057762146,1.7733230590820312,4.2433966882526875e-06,nan,nan,0.0,nan,0.4160710573196411,0.4303738474845886,77.75472903251648,76.58272743225098,0.0,154.33748960494995
185,185,ppo,clip,gae,ALE/Pong-v5,atari,0,1,1.0,18500000,100000,104,104,4,1,-20.057692307692307,0.9284698234287163,944.125,-20.057692307692307,0.9284698234287163,944.125,-3.910064697265625e-09,-5.241513252258301e-06,0.38641123478889466,0.3736659896087646,1.7735415717315675,1.4837132766842842e-06,nan,nan,0.0,nan,0.36664682626724243,0.3816237449645996,77.39137768745422,76.52431464195251,0.0,153.91573238372803
186,186,ppo,clip,gae,ALE/Pong-v5,atari,0,1,1.0,18600000,100000,103,103,4,1,-20.155339805825243,1.0121330120327883,949.2718446601941,-20.155339805825243,1.0121330120327883,949.2718446601941,-3.160238265991211e-09,-1.1387118101119995e-05,0.3901393342876434,0.38309249011039737,1.7738263607025146,2.35304469242692e-06,nan,nan,0.0,nan,0.36082643270492554,0.37070441246032715,77.28231739997864,76.44191360473633,0.0,153.7242660522461
187,187,ppo,clip,gae,ALE/Pong-v5,atari,0,1,1.0,18700000,100000,103,103,4,1,-20.174757281553397,0.7935074462797107,949.0194174757281,-20.174757281553397,0.7935074462797107,949.0194174757281,8.280277252197265e-09,-2.7512900829315185e-05,0.37148219062805177,0.36714052496910093,1.773840308189392,4.698056727647781e-06,nan,nan,0.0,nan,0.35875535011291504,0.36688244342803955,78.51734733581543,76.52143335342407,0.0,155.03881216049194
188,188,ppo,clip,gae,ALE/Pong-v5,atari,0,1,1.0,18800000,100000,105,105,4,1,-20.152380952380952,0.9027044275103075,942.4095238095238,-20.152380952380952,0.9027044275103075,942.4095238095238,4.816055297851562e-09,-1.9337303638458253e-05,0.37687471279144286,0.36734963720321656,1.7738821546936034,3.405846655368805e-06,nan,nan,0.0,nan,0.3784043788909912,0.39447569847106934,78.16293907165527,76.57921314239502,0.0,154.74218487739563
189,189,ppo,clip,gae,ALE/Pong-v5,atari,0,1,1.0,18900000,100000,103,103,4,1,-20.174757281553397,0.8524913172238909,950.2718446601941,-20.174757281553397,0.8524913172238909,950.2718446601941,6.031990051269532e-10,-3.094760894775391e-05,0.37900647734165194,0.37619096127033236,1.7737140675735474,5.475885700434446e-06,nan,nan,0.0,nan,0.3953936696052551,0.40702205896377563,78.25850915908813,76.57378029823303,0.0,154.83232259750366
190,190,ppo,clip,gae,ALE/Pong-v5,atari,0,1,1.0,19000000,100000,104,104,4,1,-20.221153846153847,0.7590065719948418,946.0288461538462,-20.221153846153847,0.7590065719948418,946.0288461538462,-2.2411346435546876e-09,-0.0001463308906555176,0.35490589339256284,0.34763555611610414,1.7727779150009155,2.535805106163025e-05,nan,nan,0.0,nan,0.39788562059402466,0.405997097492218,78.1302719116211,76.70742726325989,0.0,154.83773159980774
191,191,ppo,clip,gae,ALE/Pong-v5,atari,0,1,1.0,19100000,100000,104,104,4,1,-20.134615384615383,0.9908979252298655,944.8365384615385,-20.134615384615383,0.9908979252298655,944.8365384615385,-2.9838085174560547e-09,-2.0663721561431883e-05,0.3919253294849396,0.38741257049560546,1.7725586891174316,2.8069989677896957e-06,nan,nan,0.0,nan,0.358870267868042,0.36785078048706055,77.9985556602478,76.94582033157349,0.0,154.94440817832947
192,192,ppo,clip,gae,ALE/Pong-v5,atari,0,1,1.0,19200000,100000,104,104,4,1,-20.21153846153846,0.7425667144733777,935.9326923076923,-20.21153846153846,0.7425667144733777,935.9326923076923,1.7213821411132812e-09,-3.712820768356323e-05,0.37993344621658326,0.36276613849639894,1.7722721099853516,5.941605195403099e-06,nan,nan,0.0,nan,0.3781903386116028,0.4033823013305664,76.58641457557678,76.55443024635315,0.0,153.14087653160095
193,193,ppo,clip,gae,ALE/Pong-v5,atari,0,1,1.0,19300000,100000,105,105,4,1,-20.21904761904762,0.8505567071148994,934.0761904761905,-20.21904761904762,0.8505567071148994,934.0761904761905,-2.6702880859375e-10,-5.124762058258057e-05,0.3665290854358673,0.3599495008373261,1.7717124223709106,7.91996717453003e-06,nan,nan,0.0,nan,0.3869304060935974,0.3978171944618225,76.84314584732056,76.60983300209045,0.0,153.45301222801208
194,194,ppo,clip,gae,ALE/Pong-v5,atari,0,1,1.0,19400000,100000,103,103,4,1,-20.12621359223301,0.910346265610178,948.4271844660194,-20.12621359223301,0.910346265610178,948.4271844660194,-7.114410400390625e-09,-1.5511233806610108e-05,0.3886386523914337,0.37885616960525514,1.7717115879058838,2.2467575035989285e-06,nan,nan,0.0,nan,0.37879371643066406,0.38543039560317993,77.6330258846283,76.74060368537903,0.0,154.3736617565155
195,195,ppo,clip,gae,ALE/Pong-v5,atari,0,1,1.0,19500000,100000,103,103,4,1,-20.067961165048544,0.8951014036206684,952.6019417475728,-20.067961165048544,0.8951014036206684,952.6019417475728,2.4378299713134765e-09,-7.519357204437256e-06,0.40106744612693784,0.3970274848079681,1.7717337608337402,1.4282995834946632e-06,nan,nan,0.0,nan,0.33553147315979004,0.34139472246170044,78.29852104187012,76.79602599143982,0.0,155.0945861339569
196,196,ppo,clip,gae,ALE/Pong-v5,atari,0,1,1.0,19600000,100000,103,103,4,1,-20.223300970873787,0.9130344035346597,950.5533980582525,-20.223300970873787,0.9130344035346597,950.5533980582525,-8.640289306640625e-09,-1.4201641082763672e-05,0.3704632731056213,0.3616744976377487,1.7715635299682617,1.9794097170233727e-06,nan,nan,0.0,nan,0.3700144290924072,0.3822706937789917,77.14163827896118,76.5722484588623,0.0,153.71392226219177
197,197,ppo,clip,gae,ALE/Pong-v5,atari,0,1,1.0,19700000,100000,104,104,4,1,-20.173076923076923,0.9651853916407388,938.7884615384615,-20.173076923076923,0.9651853916407388,938.7884615384615,-2.651214599609375e-09,-4.0553183555603025e-05,0.3670157238960266,0.3629899264621735,1.7720339318466187,7.879105396568775e-06,nan,nan,0.0,nan,0.3839274048805237,0.3942558169364929,77.03046917915344,76.5714476108551,0.0,153.60195136070251
198,198,ppo,clip,gae,ALE/Pong-v5,atari,0,1,1.0,19800000,100000,104,104,4,1,-20.096153846153847,0.9042552265775959,938.8846153846154,-20.096153846153847,0.9042552265775959,938.8846153846154,-3.707408905029297e-10,-7.705557346343995e-06,0.3811418163204193,0.3716219961929321,1.7718973139572143,8.166825864464045e-07,nan,nan,0.0,nan,0.3669961094856262,0.3763086795806885,77.29738092422485,76.69100856781006,0.0,153.988422870636
199,199,ppo,clip,gae,ALE/Pong-v5,atari,0,1,1.0,19900000,100000,103,103,4,1,-20.097087378640776,1.1278862704044745,948.7864077669902,-20.097087378640776,1.1278862704044745,948.7864077669902,1.1138916015625e-08,-3.756698608398438e-05,0.4374274968338013,0.4262238999938965,1.7719562073898316,6.251386366784573e-06,nan,nan,0.0,nan,0.3185604214668274,0.33285635709762573,77.98170065879822,76.69811248779297,0.0,154.6798460483551
200,200,ppo,clip,gae,ALE/Pong-v5,atari,0,1,1.0,20000000,100000,104,104,4,1,-20.134615384615383,0.9512915543101258,938.9230769230769,-20.134615384615383,0.9512915543101258,938.9230769230769,1.0454654693603516e-09,-5.5019701719284055e-05,0.36102757272720337,0.3550492106151581,1.7719259282302857,9.094714187085629e-06,nan,nan,0.0,nan,0.3704197406768799,0.38227927684783936,78.0611560344696,76.62506771087646,0.0030214786529541016,154.68927884101868
201,201,ppo,clip,gae,ALE/Pong-v5,atari,0,1,1.0,20100000,100000,103,103,4,1,-20.135922330097088,1.1324733965826246,943.5436893203884,-20.135922330097088,1.1324733965826246,943.5436893203884,-1.1792778968811035e-09,-2.4074545800685884e-05,0.40120996888160704,0.392593459148407,1.771772144203186,3.404100425541401e-06,nan,nan,0.0,nan,0.3551822900772095,0.3699125647544861,77.90316247940063,76.72062134742737,0.0,154.62381553649902
202,202,ppo,clip,gae,ALE/Pong-v5,atari,0,1,1.0,20200000,100000,104,104,4,1,-20.115384615384617,0.8240109725241752,944.5288461538462,-20.115384615384617,0.8240109725241752,944.5288461538462,-5.4657459259033205e-09,-3.7523207664489743e-05,0.3793327906608582,0.36919778745651244,1.7718019485473633,5.9476587921381e-06,nan,nan,0.0,nan,0.37858855724334717,0.39584606885910034,77.67982769012451,76.41511559486389,0.0,154.0949764251709
203,203,ppo,clip,gae,ALE/Pong-v5,atari,0,1,1.0,20300000,100000,104,104,4,1,-20.192307692307693,0.877900939270256,940.1538461538462,-20.192307692307693,0.877900939270256,940.1538461538462,2.17437744140625e-09,-4.353858947753906e-05,0.354712825012207,0.34793259897708895,1.7715125104141236,6.735092028975487e-06,nan,nan,0.0,nan,0.37872689962387085,0.38759368658065796,78.06725788116455,76.48531866073608,0.0,154.55261206626892
204,204,ppo,clip,gae,ALE/Pong-v5,atari,0,1,1.0,20400000,100000,103,103,4,1,-20.29126213592233,0.8990941283720563,948.7669902912621,-20.29126213592233,0.8990941283720563,948.7669902912621,4.105567932128906e-09,-2.3027596473693847e-05,0.34518228083610536,0.33898987011432646,1.7711985111236572,3.093504346907139e-06,nan,nan,0.0,nan,0.39195138216018677,0.4027516841888428,78.11357927322388,76.56808757781982,0.0,154.681711435318
205,205,ppo,clip,gae,ALE/Pong-v5,atari,0,1,1.0,20500000,100000,106,106,4,1,-20.22641509433962,0.8042694900357401,933.3490566037735,-20.22641509433962,0.8042694900357401,933.3490566037735,-2.3198127746582033e-09,-4.0711030960083005e-05,0.3458426203250885,0.33943693283081056,1.7708066701889038,6.373273208737373e-06,nan,nan,0.0,nan,0.391231894493103,0.40494686365127563,77.20207524299622,76.44835042953491,0.0,153.65045928955078
206,206,ppo,clip,gae,ALE/Pong-v5,atari,0,1,1.0,20600000,100000,105,105,4,1,-20.133333333333333,0.7567684009645307,942.495238095238,-20.133333333333333,0.7567684009645307,942.495238095238,3.832653164863587e-09,-5.3788948506116864e-05,0.3648714130878449,0.3596604956245422,1.770520806312561,7.901922799646854e-06,nan,nan,0.0,nan,0.4053553342819214,0.41474705934524536,77.23690581321716,76.81851100921631,0.0,154.0554494857788
207,207,ppo,clip,gae,ALE/Pong-v5,atari,0,1,1.0,20700000,100000,103,103,4,1,-20.097087378640776,0.9805344600351532,949.4757281553398,-20.097087378640776,0.9805344600351532,949.4757281553398,-1.7451047897338866e-08,-1.8434829711914063e-05,0.40590405111312866,0.3922532717895508,1.7704372426223756,2.6543857529759407e-06,nan,nan,0.0,nan,0.3486027717590332,0.3681257367134094,77.37200331687927,76.60242795944214,0.0,153.97446584701538
208,208,ppo,clip,gae,ALE/Pong-v5,atari,0,1,1.0,20800000,100000,105,105,4,1,-20.238095238095237,0.8893422879945716,933.8857142857142,-20.238095238095237,0.8893422879945716,933.8857142857142,5.869865417480469e-09,-4.135764837265015e-05,0.343852250328064,0.3383729791545868,1.7699847221374512,5.104709998704493e-06,nan,nan,0.0,nan,0.3820439577102661,0.3928426504135132,76.77307319641113,76.67838335037231,0.0,153.4514901638031
209,209,ppo,clip,gae,ALE/Pong-v5,atari,0,1,1.0,20900000,100000,103,103,4,1,-20.145631067961165,0.8291739601085893,944.6893203883495,-20.145631067961165,0.8291739601085893,944.6893203883495,-8.633136749267578e-09,-1.4362554550170899e-05,0.37056328956604007,0.3638218586730957,1.7697355767440797,2.1468440536409616e-06,nan,nan,0.0,nan,0.3859100341796875,0.3975938558578491,77.95591044425964,76.58883285522461,0.0,154.54478120803833
210,210,ppo,clip,gae,ALE/Pong-v5,atari,0,1,1.0,21000000,100000,108,108,4,1,-20.453703703703702,0.76235817453647,899.6481481481482,-20.453703703703702,0.76235817453647,899.6481481481482,-7.713735103607178e-09,-1.4747082889080048e-05,0.2967328329372406,0.284412826423645,1.7698214074325562,2.253276761621237e-06,nan,nan,0.0,nan,0.4697032570838928,0.4778135418891907,78.49898076057434,76.7100932598114,0.0,155.2091133594513
211,211,ppo,clip,gae,ALE/Pong-v5,atari,0,1,1.0,21100000,100000,105,105,4,1,-20.238095238095237,0.8109231602822096,937.0095238095238,-20.238095238095237,0.8109231602822096,937.0095238095238,-6.899833679199219e-09,-1.7008252143859862e-05,0.3507979017019272,0.3376468082046509,1.7696945687484742,2.280576154589653e-06,nan,nan,0.0,nan,0.4029080271720886,0.41459572315216064,78.09106302261353,76.72957396507263,0.0,154.82067012786865
212,212,ppo,clip,gae,ALE/Pong-v5,atari,0,1,1.0,21200000,100000,105,105,4,1,-20.17142857142857,0.9202188441280885,933.1047619047619,-20.17142857142857,0.9202188441280885,933.1047619047619,-2.515316009521484e-10,-5.6346726417541505e-06,0.3463645385742187,0.33774604002952574,1.7697358131408691,6.320187821984291e-07,nan,nan,0.0,nan,0.41701704263687134,0.42919039726257324,76.50463914871216,76.37595558166504,0.0,152.8806345462799
213,213,ppo,clip,gae,ALE/Pong-v5,atari,0,1,1.0,21300000,100000,104,104,4,1,-20.14423076923077,0.825300286035439,940.7596153846154,-20.14423076923077,0.825300286035439,940.7596153846154,9.3841552734375e-09,-1.786529064178467e-05,0.3537244283866882,0.3484959058189392,1.7701234817504883,3.208668204024434e-06,nan,nan,0.0,nan,0.3903166651725769,0.4002755880355835,77.21604871749878,76.52726101875305,0.0,153.7433421611786
214,214,ppo,clip,gae,ALE/Pong-v5,atari,0,1,1.0,21400000,100000,104,104,4,1,-20.16346153846154,0.8099213746630562,936.5192307692307,-20.16346153846154,0.8099213746630562,936.5192307692307,6.3323974609375e-09,-1.8359761238098146e-05,0.3344569239759445,0.33184960889816284,1.770418409576416,3.0121300369501114e-06,nan,nan,0.0,nan,0.41019749641418457,0.4141443371772766,77.87986540794373,76.54422974586487,0.0,154.42412543296814
215,215,ppo,clip,gae,ALE/Pong-v5,atari,0,1,1.0,21500000,100000,103,103,4,1,-20.067961165048544,1.0169642233144462,956.6601941747573,-20.067961165048544,1.0169642233144462,956.6601941747573,-4.575252532958984e-09,-1.984743356704712e-05,0.4033482405042648,0.3931988398551941,1.7703425884246826,2.693268470466137e-06,nan,nan,0.0,nan,0.36011648178100586,0.3733954429626465,76.98498582839966,76.62389659881592,0.0,153.60893273353577
216,216,ppo,clip,gae,ALE/Pong-v5,atari,0,1,1.0,21600000,100000,104,104,4,1,-20.182692307692307,0.8521965180200185,944.2019230769231,-20.182692307692307,0.8521965180200185,944.2019230769231,5.241632461547852e-09,-9.3518328666687e-06,0.3548783082103729,0.34943628967285156,1.7700948735427857,1.0494550224393606e-06,nan,nan,0.0,nan,0.39150381088256836,0.4009391665458679,77.72148871421814,76.65466690063477,0.0,154.37619400024414
217,217,ppo,clip,gae,ALE/Pong-v5,atari,0,1,1.0,21700000,100000,104,104,4,1,-20.048076923076923,1.0319865802301635,947.3653846153846,-20.048076923076923,1.0319865802301635,947.3653846153846,1.593083143234253e-09,-2.7936544641852378e-05,0.4111914599609375,0.4030304193019867,1.7696940898895264,3.0400697141885757e-06,nan,nan,0.0,nan,0.33791524171829224,0.3514406681060791,77.97830843925476,76.6392023563385,0.0,154.6175446510315
218,218,ppo,clip,gae,ALE/Pong-v5,atari,0,1,1.0,21800000,100000,103,103,4,1,-20.135922330097088,0.9035909342681888,953.252427184466,-20.135922330097088,0.9035909342681888,953.252427184466,4.51892614364624e-09,-9.6766996383667e-06,0.3703946325302124,0.36129491112709045,1.7696532011032104,1.38350878842175e-06,nan,nan,0.0,nan,0.4081094264984131,0.42304301261901855,77.26229047775269,76.45183563232422,0.0,153.71417808532715
219,219,ppo,clip,gae,ALE/Pong-v5,atari,0,1,1.0,21900000,100000,104,104,4,1,-20.16346153846154,0.9105215847046229,939.5288461538462,-20.16346153846154,0.9105215847046229,939.5288461538462,6.67572021484375e-10,-4.5016860961914066e-06,0.34092178410053253,0.33724790285110473,1.7697275876998901,5.653710104525089e-07,nan,nan,0.0,nan,0.4069599509239197,0.41531264781951904,76.85464596748352,76.47684454917908,0.0,153.33152198791504
220,220,ppo,clip,gae,ALE/Pong-v5,atari,0,1,1.0,22000000,100000,105,105,4,1,-20.123809523809523,0.992306002105227,940.3333333333334,-20.123809523809523,0.992306002105227,940.3333333333334,5.116462707519531e-09,-1.8322954177856446e-05,0.36499971662521363,0.35713590633392334,1.7694458961486816,2.2366875782608986e-06,nan,nan,0.0,nan,0.40890055894851685,0.4192049503326416,77.4369249343872,76.73091077804565,0.0,154.1678810119629
221,221,ppo,clip,gae,ALE/Pong-v5,atari,0,1,1.0,22100000,100000,105,105,4,1,-20.16190476190476,0.8062117118121259,933.6380952380953,-20.16190476190476,0.8062117118121259,933.6380952380953,6.880760192871094e-09,-5.72033405303955e-06,0.36141817814826965,0.35748853377342227,1.7693896293640137,7.654307410120964e-07,nan,nan,0.0,nan,0.3733130097389221,0.3803477883338928,77.2125403881073,76.60418844223022,0.0,153.8167600631714
222,222,ppo,clip,gae,ALE/Pong-v5,atari,0,1,1.0,22200000,100000,103,103,4,1,-20.0,0.995133791073302,950.9902912621359,-20.0,0.995133791073302,950.9902912621359,-3.3712387084960937e-09,-1.0357564687728881e-05,0.4051042195034027,0.3982905646419525,1.7696120738983154,1.5466357581317425e-06,nan,nan,0.0,nan,0.37697601318359375,0.38686883449554443,77.39926552772522,77.29372882843018,0.0,154.69303584098816
223,223,ppo,clip,gae,ALE/Pong-v5,atari,0,1,1.0,22300000,100000,105,105,4,1,-20.152380952380952,0.9235640321829072,936.4095238095238,-20.152380952380952,0.9235640321829072,936.4095238095238,3.032684326171875e-09,-2.225046157836914e-06,0.36163909421920776,0.35506975189208984,1.769631383781433,2.4234759621322155e-07,nan,nan,0.0,nan,0.40386301279067993,0.4142557382583618,77.29773092269897,77.01419639587402,0.0,154.31196093559265
224,224,ppo,clip,gae,ALE/Pong-v5,atari,0,1,1.0,22400000,100000,102,102,4,1,-20.08823529411765,1.0010087184638299,956.1470588235294,-20.08823529411765,1.0010087184638299,956.1470588235294,-3.821849822998047e-09,-2.1789255142211914e-05,0.3645567470264435,0.3614942823696137,1.769449589614868,2.43564136326313e-06,nan,nan,0.0,nan,0.3991641402244568,0.4055330157279968,77.39516472816467,76.75065112113953,0.0,154.14585876464844
225,225,ppo,clip,gae,ALE/Pong-v5,atari,0,1,1.0,22500000,100000,106,106,4,1,-20.18867924528302,0.8480077378960087,934.688679245283,-20.18867924528302,0.8480077378960087,934.688679245283,7.207393646240234e-09,-1.580677032470703e-05,0.3502684276485443,0.3486438070201874,1.7695014456558227,2.1481537260115147e-06,nan,nan,0.0,nan,0.3994603753089905,0.40429508686065674,77.55776619911194,76.79042458534241,0.002782106399536133,154.35100531578064
226,226,ppo,clip,gae,ALE/Pong-v5,atari,0,1,1.0,22600000,100000,103,103,4,1,-20.097087378640776,0.8067020612753781,946.495145631068,-20.097087378640776,0.8067020612753781,946.495145631068,-8.373260498046875e-09,-9.961342811584473e-06,0.35473228989601135,0.3478040750789642,1.7696586867523194,1.2811506167054176e-06,nan,nan,0.0,nan,0.40679770708084106,0.4144849181175232,77.30807280540466,76.71631073951721,0.0,154.02441501617432
227,227,ppo,clip,gae,ALE/Pong-v5,atari,0,1,1.0,22700000,100000,105,105,4,1,-20.095238095238095,0.8893422879945715,931.7047619047619,-20.095238095238095,0.8893422879945715,931.7047619047619,2.485513687133789e-10,-2.9014408588409424e-05,0.3632641005420685,0.35568490706443784,1.7698135375976562,3.6336714401841164e-06,nan,nan,0.0,nan,0.4169389009475708,0.4292106032371521,77.13428044319153,76.63298487663269,0.0,153.7672984600067
228,228,ppo,clip,gae,ALE/Pong-v5,atari,0,1,1.0,22800000,100000,106,106,4,1,-20.22641509433962,0.8931924813995943,929.7169811320755,-20.22641509433962,0.8931924813995943,929.7169811320755,-2.5265663862228395e-09,-7.185364216566086e-06,0.3658593323326111,0.3602829592514038,1.7697253227233887,7.488997653126717e-07,nan,nan,0.0,nan,0.39037615060806274,0.3994072675704956,76.78473973274231,76.72028803825378,0.0,153.50506019592285
229,229,ppo,clip,gae,ALE/Pong-v5,atari,0,1,1.0,22900000,100000,106,106,4,1,-20.17924528301887,0.8773584905660378,927.2924528301887,-20.17924528301887,0.8773584905660378,927.2924528301887,-2.117156982421875e-09,-1.3621282577514648e-05,0.3661252862119675,0.3643765417337418,1.7699006795883179,1.9646831788122654e-06,nan,nan,0.0,nan,0.38818246126174927,0.39194798469543457,78.17611694335938,76.4771990776062,0.0,154.6533477306366
230,230,ppo,clip,gae,ALE/Pong-v5,atari,0,1,1.0,23000000,100000,106,106,4,1,-20.20754716981132,0.8323300000042556,931.4528301886793,-20.20754716981132,0.8323300000042556,931.4528301886793,-2.9802322387695313e-10,-5.096061229705811e-06,0.3673474275779724,0.3635723587608337,1.7700549364089966,8.180795703083277e-07,nan,nan,0.0,nan,0.3778373599052429,0.3856555223464966,77.79024410247803,76.56866431236267,0.0,154.35894012451172
231,231,ppo,clip,gae,ALE/Pong-v5,atari,0,1,1.0,23100000,100000,105,105,4,1,-20.18095238095238,0.7780433624952419,937.5238095238095,-20.18095238095238,0.7780433624952419,937.5238095238095,-1.0714530944824219e-08,-5.735410213470459e-05,0.3393140955257416,0.33154850956439974,1.769622564315796,6.320071406662464e-06,nan,nan,0.0,nan,0.41606658697128296,0.42727261781692505,77.96169185638428,76.67349433898926,0.0,154.6352186203003
232,232,ppo,clip,gae,ALE/Pong-v5,atari,0,1,1.0,23200000,100000,105,105,4,1,-20.17142857142857,0.8669282703028781,942.9238095238095,-20.17142857142857,0.8669282703028781,942.9238095238095,-2.3591518402099608e-09,-2.0130141526460648e-05,0.351496086063385,0.34511379928588864,1.7695904990386964,2.214335836470127e-06,nan,nan,0.0,nan,0.3950393795967102,0.40748685598373413,77.58686828613281,76.37022757530212,0.0,153.95712995529175
233,233,ppo,clip,gae,ALE/Pong-v5,atari,0,1,1.0,23300000,100000,105,105,4,1,-20.085714285714285,0.9372125409632414,933.6095238095238,-20.085714285714285,0.9372125409632414,933.6095238095238,5.165338516235352e-09,-1.654425859451294e-06,0.36937553756713865,0.35730185051441193,1.769692418937683,3.8035796023905277e-07,nan,nan,0.0,nan,0.3873888850212097,0.4069420099258423,77.6102306842804,76.63957500457764,0.0,154.24984192848206
234,234,ppo,clip,gae,ALE/Pong-v5,atari,0,1,1.0,23400000,100000,102,102,4,1,-20.029411764705884,0.9847452378107769,950.8627450980392,-20.029411764705884,0.9847452378107769,950.8627450980392,-6.6375732421875e-09,-1.304821014404297e-05,0.4047987578392029,0.39753396226882937,1.7699573060226441,1.6502453945577145e-06,nan,nan,0.0,nan,0.36605870723724365,0.3764076232910156,77.9370481967926,76.851243019104,0.0,154.78834438323975
235,235,ppo,clip,gae,ALE/Pong-v5,atari,0,1,1.0,23500000,100000,104,104,4,1,-20.192307692307693,0.8213137116947162,940.6538461538462,-20.192307692307693,0.8213137116947162,940.6538461538462,1.2314319610595704e-09,-4.718324065208435e-05,0.3691573115921021,0.3540374966239929,1.7697850465774536,4.680710844695568e-06,nan,nan,0.0,nan,0.37458640336990356,0.3972626328468323,77.97049236297607,76.67201566696167,0.0,154.64254713058472
236,236,ppo,clip,gae,ALE/Pong-v5,atari,0,1,1.0,23600000,100000,104,104,4,1,-20.240384615384617,0.8025822784048171,941.0192307692307,-20.240384615384617,0.8025822784048171,941.0192307692307,-3.478527069091797e-09,-9.557392597198486e-06,0.3515908465099335,0.3473196030044556,1.7698352357101441,1.2210512068122625e-06,nan,nan,0.0,nan,0.4082847237586975,0.4164999723434448,77.21658730506897,76.62143468856812,0.0,153.83805441856384
237,237,ppo,clip,gae,ALE/Pong-v5,atari,0,1,1.0,23700000,100000,102,102,4,1,-20.07843137254902,0.9360563342964713,953.6372549019608,-20.07843137254902,0.9360563342964713,953.6372549019608,-1.2116432189941406e-08,-5.364036560058594e-06,0.3807965521240234,0.3773881829166412,1.7698566913604736,5.399269866757095e-07,nan,nan,0.0,nan,0.375042200088501,0.3808029294013977,77.76659846305847,76.67304062843323,0.0,154.43967199325562
238,238,ppo,clip,gae,ALE/Pong-v5,atari,0,1,1.0,23800000,100000,104,104,4,1,-20.028846153846153,1.0139102787004566,951.5480769230769,-20.028846153846153,1.0139102787004566,951.5480769230769,-7.565915584564209e-09,-2.537132114171982e-05,0.3819873938083649,0.37639128077507017,1.7699570655822754,2.6056659407913685e-06,nan,nan,0.0,nan,0.3710200786590576,0.38066011667251587,77.03128409385681,77.00784277915955,0.0,154.0391583442688
239,239,ppo,clip,gae,ALE/Pong-v5,atari,0,1,1.0,23900000,100000,106,106,4,1,-20.169811320754718,0.8519865588585386,929.877358490566,-20.169811320754718,0.8519865588585386,929.877358490566,-1.1920928955078125e-09,-3.200673580169678e-05,0.3495220234298706,0.3434708452606201,1.7702400704574586,3.518303856253624e-06,nan,nan,0.0,nan,0.4195033311843872,0.4285776615142822,77.52158689498901,76.55143713951111,0.0,154.07305717468262
240,240,ppo,clip,gae,ALE/Pong-v5,atari,0,1,1.0,24000000,100000,103,103,4,1,-20.145631067961165,0.8522701494118347,957.5339805825242,-20.145631067961165,0.8522701494118347,957.5339805825242,-1.0347366333007813e-09,-1.0487241744995117e-05,0.3669782221031189,0.3582853198623657,1.770229341621399,1.0932562872767448e-06,nan,nan,0.0,nan,0.3780593276023865,0.3873741030693054,76.90203833580017,76.86043930053711,0.0,153.76251316070557
241,241,ppo,clip,gae,ALE/Pong-v5,atari,0,1,1.0,24100000,100000,106,106,4,1,-20.169811320754718,0.8951831067378458,919.4716981132076,-20.169811320754718,0.8951831067378458,919.4716981132076,1.8739700317382814e-09,-3.546778678894043e-05,0.3763049267578125,0.368641927485466,1.7701759338378906,3.411085344851017e-06,nan,nan,0.0,nan,0.3975008726119995,0.4063771963119507,77.95936846733093,76.58533716201782,0.0,154.5447382926941
242,242,ppo,clip,gae,ALE/Pong-v5,atari,0,1,1.0,24200000,100000,105,105,4,1,-20.152380952380952,0.7901892766739634,930.8380952380952,-20.152380952380952,0.7901892766739634,930.8380952380952,6.0248374938964846e-09,-1.3861548900604248e-05,0.37651960540771484,0.36780928111076355,1.7701857089996338,1.147331204265356e-06,nan,nan,0.0,nan,0.39429277181625366,0.40376055240631104,77.0635392665863,76.84498310089111,0.0,153.9085612297058
243,243,ppo,clip,gae,ALE/Pong-v5,atari,0,1,1.0,24300000,100000,104,104,4,1,-20.25,0.7689903470435463,945.2211538461538,-20.25,0.7689903470435463,945.2211538461538,-1.7917156219482422e-09,-9.710503816604615e-06,0.3282720367050171,0.32292565487861635,1.770176649093628,7.250200724229217e-07,nan,nan,0.0,nan,0.41165244579315186,0.421764075756073,77.2085075378418,76.57732081413269,0.0,153.78586053848267
244,244,ppo,clip,gae,ALE/Pong-v5,atari,0,1,1.0,24400000,100000,104,104,4,1,-20.23076923076923,0.846153846153846,934.3846153846154,-20.23076923076923,0.846153846153846,934.3846153846154,-2.694129943847656e-10,-1.6454694271087647e-05,0.36354390761375427,0.35134808899879455,1.7698922177505494,1.3461685739457607e-06,nan,nan,0.0,nan,0.3667200207710266,0.3839670419692993,77.39908027648926,76.37643313407898,0.0,153.77554607391357
245,245,ppo,clip,gae,ALE/Pong-v5,atari,0,1,1.0,24500000,100000,105,105,4,1,-20.266666666666666,0.7839663096097782,928.4,-20.266666666666666,0.7839663096097782,928.4,-5.421638488769531e-09,-8.651781082153321e-06,0.340197693567276,0.3353009565925598,1.7698671837997437,7.374037522822618e-07,nan,nan,0.0,nan,0.4110298156738281,0.4224228262901306,77.27245283126831,76.54749798774719,0.0,153.819983959198
246,246,ppo,clip,gae,ALE/Pong-v5,atari,0,1,1.0,24600000,100000,102,102,4,1,-20.019607843137255,0.9391317658688664,961.2941176470588,-20.019607843137255,0.9391317658688664,961.2941176470588,1.64031982421875e-09,-7.50474214553833e-06,0.3935085639667511,0.38045576382637025,1.7700369398498534,8.654023986309767e-07,nan,nan,0.0,nan,0.3680753707885742,0.3739021420478821,77.25225448608398,76.59856247901917,0.0,153.8508472442627
247,247,ppo,clip,gae,ALE/Pong-v5,atari,0,1,1.0,24700000,100000,105,105,4,1,-20.142857142857142,0.8214803296322981,936.2190476190476,-20.142857142857142,0.8214803296322981,936.2190476190476,2.4318695068359377e-10,-2.7631452083587647e-05,0.3779818839263916,0.37502548755645754,1.769863369102478,2.24309042096138e-06,nan,nan,0.0,nan,0.385981023311615,0.3937981128692627,76.66773080825806,77.01080322265625,0.0,153.6785695552826
248,248,ppo,clip,gae,ALE/Pong-v5,atari,0,1,1.0,24800000,100000,106,106,4,1,-20.160377358490567,0.8482700759495839,932.4716981132076,-20.160377358490567,0.8482700759495839,932.4716981132076,-1.984834671020508e-09,-1.1018646955490113e-05,0.3385208854579925,0.3361906653356552,1.7696490287780762,8.238712325692177e-07,nan,nan,0.0,nan,0.4177456498146057,0.4217473864555359,77.8538031578064,76.69982504844666,0.0,154.55366396903992
249,249,ppo,clip,gae,ALE/Pong-v5,atari,0,1,1.0,24900000,100000,105,105,4,1,-20.095238095238095,0.9209085526577959,932.3333333333334,-20.095238095238095,0.9209085526577959,932.3333333333334,4.663467407226563e-09,-1.3205183744430542e-05,0.38145353540420535,0.37453563794136047,1.7696845511245727,1.0419171303510666e-06,nan,nan,0.0,nan,0.3877493739128113,0.399228036403656,76.91561985015869,76.62759041786194,0.0,153.54324173927307
250,250,ppo,clip,gae,ALE/Pong-v5,atari,0,1,1.0,25000000,100000,104,104,4,1,-20.115384615384617,1.002954216185023,937.4519230769231,-20.115384615384617,1.002954216185023,937.4519230769231,1.888275146484375e-09,-1.0047578811645508e-05,0.37849490657806395,0.37340597898483274,1.769535779953003,7.27333826944232e-07,nan,nan,0.0,nan,0.4062064290046692,0.41444993019104004,77.38271880149841,76.68015027046204,0.0029120445251464844,154.06581854820251
251,251,ppo,clip,gae,ALE/Pong-v5,atari,0,1,1.0,25100000,100000,103,103,4,1,-20.12621359223301,0.952050537641263,947.252427184466,-20.12621359223301,0.952050537641263,947.252427184466,-7.0524215698242184e-09,-1.0097227096557617e-05,0.3787412085533142,0.3745967535972595,1.7694027423858643,5.016336217522621e-07,nan,nan,0.0,nan,0.36213409900665283,0.36962324380874634,76.66531276702881,76.78822898864746,0.0,153.45357871055603
252,252,ppo,clip,gae,ALE/Pong-v5,atari,0,1,1.0,25200000,100000,103,103,4,1,-20.145631067961165,0.8408013628975133,948.7669902912621,-20.145631067961165,0.8408013628975133,948.7669902912621,8.535385131835937e-10,-8.96012783050537e-06,0.3699124841880798,0.36375745497703554,1.769504306678772,7.58591340854764e-07,nan,nan,0.0,nan,0.3691900372505188,0.3802921772003174,77.73958706855774,76.39672946929932,0.0,154.1363513469696
253,253,ppo,clip,gae,ALE/Pong-v5,atari,0,1,1.0,25300000,100000,105,105,4,1,-20.295238095238094,0.7674796044916488,936.8952380952381,-20.295238095238094,0.7674796044916488,936.8952380952381,2.231597900390625e-09,-4.864406585693359e-06,0.3456318833208084,0.33397913021087644,1.769522668952942,4.459434421733022e-07,nan,nan,0.0,nan,0.4035249948501587,0.4148130416870117,76.85109496116638,76.33534169197083,0.0,153.18646907806396
254,254,ppo,clip,gae,ALE/Pong-v5,atari,0,1,1.0,25400000,100000,105,105,4,1,-20.114285714285714,0.8542809364414888,938.952380952381,-20.114285714285714,0.8542809364414888,938.952380952381,1.10626220703125e-09,-4.802203178405762e-06,0.3606695912027359,0.3527526081466675,1.7693910598754883,2.436063368804753e-07,nan,nan,0.0,nan,0.38002586364746094,0.39328140020370483,76.43025207519531,76.38319993019104,0.0,152.8134822845459
255,255,ppo,clip,gae,ALE/Pong-v5,atari,0,1,1.0,25500000,100000,105,105,4,1,-20.133333333333333,0.9161686959098085,938.5714285714286,-20.133333333333333,0.9161686959098085,938.5714285714286,5.939006805419922e-09,-1.3885307312011718e-05,0.3733422583389282,0.36641093542099,1.769553424949646,9.818468242883682e-07,nan,nan,0.0,nan,0.41600972414016724,0.4267365336418152,76.67851519584656,76.53925967216492,0.0,153.21782660484314
256,256,ppo,clip,gae,ALE/Pong-v5,atari,0,1,1.0,25600000,100000,104,104,4,1,-20.10576923076923,1.0182778564318329,942.6346153846154,-20.10576923076923,1.0182778564318329,942.6346153846154,5.635619163513183e-09,-3.72493714094162e-06,0.3958426109027863,0.392954070520401,1.7694685459136963,4.3340696720406413e-07,nan,nan,0.0,nan,0.3543955683708191,0.36078476905822754,76.86738514900208,76.61548686027527,0.0,153.4829032421112
257,257,ppo,clip,gae,ALE/Pong-v5,atari,0,1,1.0,25700000,100000,105,105,4,1,-20.266666666666666,0.9182453937671581,920.495238095238,-20.266666666666666,0.9182453937671581,920.495238095238,1.7535686492919923e-09,-4.938583374023438e-06,0.33517376217842104,0.3319747754192352,1.7694197913360596,1.4911347534507513e-07,nan,nan,0.0,nan,0.4101218581199646,0.41607344150543213,77.21375703811646,76.46142649650574,0.0,153.67521619796753
258,258,ppo,clip,gae,ALE/Pong-v5,atari,0,1,1.0,25800000,100000,104,104,4,1,-20.115384615384617,0.8240109725241751,945.8173076923077,-20.115384615384617,0.8240109725241751,945.8173076923077,-5.69462776184082e-09,-1.5325473546981812e-05,0.37046336691856385,0.35720048243522645,1.7693722248077393,1.136853825300932e-06,nan,nan,0.0,nan,0.3689154386520386,0.3836483955383301,76.9526526927948,76.32346415519714,0.0,153.27614831924438
259,259,ppo,clip,gae,ALE/Pong-v5,atari,0,1,1.0,25900000,100000,105,105,4,1,-20.238095238095237,0.8785682023427667,937.4190476190477,-20.238095238095237,0.8785682023427667,937.4190476190477,-6.636381149291992e-09,-1.564516544342041e-05,0.34055054060935974,0.3332253077459335,1.76936149394989,1.0167132131755352e-06,nan,nan,0.0,nan,0.4011504650115967,0.41171228885650635,77.45502781867981,76.51434469223022,0.0,153.9694037437439
260,260,ppo,clip,gae,ALE/Pong-v5,atari,0,1,1.0,26000000,100000,104,104,4,1,-20.03846153846154,0.8871201995900612,945.9134615384615,-20.03846153846154,0.8871201995900612,945.9134615384615,1.1472702026367188e-08,-5.522243976593018e-06,0.3992266963863373,0.38875527132034304,1.7693449279022218,3.4674303606152534e-07,nan,nan,0.0,nan,0.3610701560974121,0.37385785579681396,77.0640504360199,76.15320873260498,0.0,153.2172884941101
261,261,ppo,clip,gae,ALE/Pong-v5,atari,0,1,1.0,26100000,100000,103,103,4,1,-20.155339805825243,0.9111742296427235,951.2912621359224,-20.155339805825243,0.9111742296427235,951.2912621359224,-4.782676696777344e-09,-5.15336275100708e-06,0.3879959244918823,0.3807491839981079,1.7694860696792603,4.2805186240002513e-07,nan,nan,0.0,nan,0.367206871509552,0.3805888295173645,76.58976078033447,76.47478127479553,0.0,153.06457209587097
262,262,ppo,clip,gae,ALE/Pong-v5,atari,0,1,1.0,26200000,100000,104,104,4,1,-20.076923076923077,0.9373890466887648,935.8269230769231,-20.076923076923077,0.9373890466887648,935.8269230769231,3.1948089599609376e-09,-1.0744009017944336e-05,0.38642356434822084,0.37860008207321166,1.7695381661605836,7.324269972741604e-07,nan,nan,0.0,nan,0.3730754852294922,0.3811665177345276,77.61844444274902,76.48875641822815,0.0,154.10723114013672
263,263,ppo,clip,gae,ALE/Pong-v5,atari,0,1,1.0,26300000,100000,102,102,4,1,-20.147058823529413,0.9538061917610691,953.656862745098,-20.147058823529413,0.9538061917610691,953.656862745098,1.4014840126037598e-08,-8.448982685804367e-06,0.39040457032203674,0.3839084707641602,1.7694590091705322,3.971508704125881e-07,nan,nan,0.0,nan,0.33946841955184937,0.35099345445632935,77.25421595573425,76.46968269348145,0.0,153.72393798828125
264,264,ppo,clip,gae,ALE/Pong-v5,atari,0,1,1.0,26400000,100000,106,106,4,1,-20.27358490566038,0.7337294096358778,927.4905660377359,-20.27358490566038,0.7337294096358778,927.4905660377359,4.749298095703125e-09,-5.7001686096191405e-06,0.3543298785209656,0.3426673141860962,1.7694764137268066,2.4857581593096256e-07,nan,nan,0.0,nan,0.3824586272239685,0.3924884796142578,77.14867758750916,76.31461477279663,0.0,153.46333169937134
265,265,ppo,clip,gae,ALE/Pong-v5,atari,0,1,1.0,26500000,100000,104,104,4,1,-20.134615384615383,0.7851713716382155,950.2692307692307,-20.134615384615383,0.7851713716382155,950.2692307692307,-7.779896259307861e-09,-4.77630615234375e-06,0.35112055599212644,0.34283284908294676,1.7694690247726441,2.5938788894563913e-07,nan,nan,0.0,nan,0.40963149070739746,0.41591131687164307,77.19089484214783,76.67617392539978,0.0,153.86711621284485
266,266,ppo,clip,gae,ALE/Pong-v5,atari,0,1,1.0,26600000,100000,105,105,4,1,-20.18095238095238,0.953998626144088,940.5809523809523,-20.18095238095238,0.953998626144088,940.5809523809523,5.273818969726563e-09,-5.440373420715332e-06,0.36279007503032684,0.3559272522163391,1.7694885750961304,2.941233105957508e-07,nan,nan,0.0,nan,0.36761462688446045,0.37985479831695557,77.45948266983032,76.54141211509705,0.0,154.00092577934265
267,267,ppo,clip,gae,ALE/Pong-v5,atari,0,1,1.0,26700000,100000,106,106,4,1,-20.28301886792453,0.7236531664439663,928.566037735849,-20.28301886792453,0.7236531664439663,928.566037735849,4.811286926269531e-09,-2.927517890930176e-06,0.34392273270606993,0.3359737865257263,1.7694902420043945,2.4911059881560504e-07,nan,nan,0.0,nan,0.4184945821762085,0.4305487275123596,77.31291127204895,76.25648665428162,0.0,153.56942892074585
268,268,ppo,clip,gae,ALE/Pong-v5,atari,0,1,1.0,26800000,100000,106,106,4,1,-20.19811320754717,0.9358661745239079,925.7547169811321,-20.19811320754717,0.9358661745239079,925.7547169811321,-1.1167526245117187e-08,-4.1525125503540035e-06,0.3572904664707184,0.3499142295503616,1.7695486585998534,3.076420398429036e-07,nan,nan,0.0,nan,0.382817804813385,0.39549529552459717,77.27841687202454,76.57411766052246,0.0,153.8525664806366
269,269,ppo,clip,gae,ALE/Pong-v5,atari,0,1,1.0,26900000,100000,104,104,4,1,-20.115384615384617,0.8355984993230936,941.3653846153846,-20.115384615384617,0.8355984993230936,941.3653846153846,-2.7751922607421873e-09,-9.92903709411621e-07,0.3474248505592346,0.33777511400222776,1.769539592628479,-8.188135325326584e-08,nan,nan,0.0,nan,0.40371060371398926,0.4204569458961487,77.96729040145874,76.39747762680054,0.0,154.36479949951172
270,270,ppo,clip,gae,ALE/Pong-v5,atari,0,1,1.0,27000000,100000,105,105,4,1,-20.16190476190476,0.8179394496603386,939.6285714285714,-20.16190476190476,0.8179394496603386,939.6285714285714,2.2038817405700684e-09,-7.520339787006378e-06,0.3728261477184296,0.3670196431350708,1.769395112991333,3.4047116059809923e-07,nan,nan,0.0,nan,0.3675481081008911,0.37772607803344727,77.41849303245544,76.39305782318115,0.0,153.81158924102783
271,271,ppo,clip,gae,ALE/Pong-v5,atari,0,1,1.0,27100000,100000,104,104,4,1,-20.16346153846154,0.8782694623637498,943.1153846153846,-20.16346153846154,0.8782694623637498,943.1153846153846,-7.0488452911376956e-09,-9.652248620986939e-06,0.3614925074481964,0.35484140245437623,1.7695491313934326,5.502952262759209e-07,nan,nan,0.0,nan,0.4038441777229309,0.4137387275695801,76.63928127288818,76.62169647216797,0.0,153.26101756095886
272,272,ppo,clip,gae,ALE/Pong-v5,atari,0,1,1.0,27200000,100000,104,104,4,1,-20.134615384615383,0.9811462322172383,944.0096153846154,-20.134615384615383,0.9811462322172383,944.0096153846154,6.232261657714844e-09,-3.4820556640625e-06,0.38222113023757937,0.373579794344902,1.7695248126983643,4.8581568989902735e-08,nan,nan,0.0,nan,0.3709542155265808,0.3851701617240906,77.23204565048218,76.24222683906555,0.0,153.47431302070618
273,273,ppo,clip,gae,ALE/Pong-v5,atari,0,1,1.0,27300000,100000,104,104,4,1,-20.192307692307693,0.8779009392702558,943.2692307692307,-20.192307692307693,0.8779009392702558,943.2692307692307,4.706382751464844e-09,-1.1161642074584961e-05,0.37209808062553407,0.3686101886463165,1.7696385403823853,5.527108442038298e-07,nan,nan,0.0,nan,0.37761563062667847,0.38335317373275757,77.85805249214172,76.46671199798584,0.0,154.32481217384338
274,274,ppo,clip,gae,ALE/Pong-v5,atari,0,1,1.0,27400000,100000,105,105,4,1,-20.095238095238095,1.0097034880532245,937.3523809523809,-20.095238095238095,1.0097034880532245,937.3523809523809,-2.5844573974609377e-09,-3.6189556121826173e-06,0.3843851302146912,0.3784857396697998,1.7696863433074952,2.775777829810977e-07,nan,nan,0.0,nan,0.3791271448135376,0.38841360807418823,78.07457637786865,76.50519609451294,0.0,154.57980847358704
275,275,ppo,clip,gae,ALE/Pong-v5,atari,0,1,1.0,27500000,100000,104,104,4,1,-20.067307692307693,0.8351004439462897,943.6057692307693,-20.067307692307693,0.8351004439462897,943.6057692307693,-3.2663345336914063e-09,-6.723599433898926e-06,0.3699567722702026,0.36551285133361816,1.7696475982666016,1.6613921616226435e-07,nan,nan,0.0,nan,0.38027238845825195,0.3880488872528076,77.70860457420349,76.34520602226257,0.0028200149536132812,154.05666184425354
276,276,ppo,clip,gae,ALE/Pong-v5,atari,0,1,1.0,27600000,100000,104,104,4,1,-20.10576923076923,0.9397040167272109,949.1826923076923,-20.10576923076923,0.9397040167272109,949.1826923076923,2.002716064453125e-10,-6.374068260192871e-06,0.3805408090686798,0.37702077528476713,1.7697014808654785,2.4186738301068544e-07,nan,nan,0.0,nan,0.36193835735321045,0.36829954385757446,77.21454310417175,76.52029871940613,0.0,153.73487782478333
277,277,ppo,clip,gae,ALE/Pong-v5,atari,0,1,1.0,27700000,100000,105,105,4,1,-20.19047619047619,0.8739100759584352,933.7714285714286,-20.19047619047619,0.8739100759584352,933.7714285714286,1.9097328186035156e-09,-2.4425530433654784e-06,0.3717377352714539,0.36546769631385806,1.7697011232376099,1.3399403542280197e-07,nan,nan,0.0,nan,0.391018271446228,0.3999178409576416,77.74601674079895,76.59466314315796,0.0,154.34071278572083
278,278,ppo,clip,gae,ALE/Pong-v5,atari,0,1,1.0,27800000,100000,103,103,4,1,-20.04854368932039,0.9591525464255122,959.8640776699029,-20.04854368932039,0.9591525464255122,959.8640776699029,-4.0158629417419436e-10,-4.15437638759613e-06,0.4094535114002228,0.4022814546489716,1.7697569152069093,1.4090619515627623e-07,nan,nan,0.0,nan,0.3699074983596802,0.375743567943573,78.00103569030762,76.53537797927856,0.0,154.53644704818726
279,279,ppo,clip,gae,ALE/Pong-v5,atari,0,1,1.0,27900000,100000,106,106,4,1,-20.160377358490567,0.7414518197407004,931.3207547169811,-20.160377358490567,0.7414518197407004,931.3207547169811,2.3365020751953124e-10,-7.59190559387207e-06,0.35506116889953615,0.34922650519371035,1.7697796821594238,3.3024116419255733e-07,nan,nan,0.0,nan,0.4213341474533081,0.4259952902793884,76.9003586769104,76.49273371696472,0.0,153.39312314987183
280,280,ppo,clip,gae,ALE/Pong-v5,atari,0,1,1.0,28000000,100000,103,103,4,1,-20.12621359223301,0.9314318411814724,945.3495145631068,-20.12621359223301,0.9314318411814724,945.3495145631068,-4.494190216064453e-09,-1.2929036617279053e-05,0.36859469959259034,0.36607363268852233,1.7697691917419434,3.732857294380665e-07,nan,nan,0.0,nan,0.38836920261383057,0.39008015394210815,76.97559022903442,76.41979050636292,0.0,153.3954131603241
281,281,ppo,clip,gae,ALE/Pong-v5,atari,0,1,1.0,28100000,100000,104,104,4,1,-20.201923076923077,0.8812120989373724,943.75,-20.201923076923077,0.8812120989373724,943.75,-1.3828277587890624e-09,-1.8977785110473633e-06,0.37478907178878784,0.36986815313339233,1.7698130587387084,5.6597855291329324e-08,nan,nan,0.0,nan,0.36597728729248047,0.37455523014068604,77.22547149658203,76.54252195358276,0.0,153.76803350448608
282,282,ppo,clip,gae,ALE/Pong-v5,atari,0,1,1.0,28200000,100000,106,106,4,1,-20.19811320754717,0.794079641944112,932.8490566037735,-20.19811320754717,0.794079641944112,932.8490566037735,2.548694610595703e-09,-2.442643642425537e-06,0.3559157863140106,0.34928002688884735,1.769808292388916,1.4707620721310377e-07,nan,nan,0.0,nan,0.4103599786758423,0.4203517436981201,77.01802349090576,76.504563331604,0.0,153.52263259887695
283,283,ppo,clip,gae,ALE/Pong-v5,atari,0,1,1.0,28300000,100000,105,105,4,1,-20.19047619047619,0.8058741257640449,937.8571428571429,-20.19047619047619,0.8058741257640449,937.8571428571429,-6.763935089111328e-09,-2.006831169128418e-06,0.36855264574050906,0.3641387519645691,1.7697770615768433,-1.0550138540565968e-08,nan,nan,0.0,nan,0.38746821880340576,0.3939477801322937,77.06089520454407,76.54486298561096,0.0,153.6057903766632
284,284,ppo,clip,gae,ALE/Pong-v5,atari,0,1,1.0,28400000,100000,104,104,4,1,-20.182692307692307,0.8176469883960535,942.2692307692307,-20.182692307692307,0.8176469883960535,942.2692307692307,1.4438629150390626e-08,-1.1208200454711914e-06,0.3799914030647278,0.37695053150177,1.769778847694397,7.677226676605642e-08,nan,nan,0.0,nan,0.36772704124450684,0.3731689453125,77.804274559021,76.79734110832214,0.0,154.60167050361633
285,285,ppo,clip,gae,ALE/Pong-v5,atari,0,1,1.0,28500000,100000,104,104,4,1,-20.048076923076923,0.9238278195836529,941.6153846153846,-20.048076923076923,0.9238278195836529,941.6153846153846,1.6536712646484376e-08,-2.8539085388183594e-06,0.39774903485774993,0.39393254573822023,1.7698042392730713,1.5718978829681873e-07,nan,nan,0.0,nan,0.368685245513916,0.3731248378753662,77.56547522544861,76.70086598396301,0.0,154.26637315750122
286,286,ppo,clip,gae,ALE/Pong-v5,atari,0,1,1.0,28600000,100000,106,106,4,1,-20.32075471698113,0.8528218399992092,935.7830188679245,-20.32075471698113,0.8528218399992092,935.7830188679245,1.16729736328125e-08,-2.8229618072509767e-06,0.3599356412315369,0.34630587993621825,1.7697675228118896,9.240466170012951e-09,nan,nan,0.0,nan,0.4033846855163574,0.41066843271255493,77.68104839324951,76.8859269618988,0.0,154.56700706481934
287,287,ppo,clip,gae,ALE/Pong-v5,atari,0,1,1.0,28700000,100000,104,104,4,1,-20.25,0.82915619758885,944.875,-20.25,0.82915619758885,944.875,3.01361083984375e-09,-3.3240318298339846e-07,0.35592926886081694,0.3481934141731262,1.769767047996521,-1.666921889409423e-08,nan,nan,0.0,nan,0.3846873641014099,0.39636528491973877,77.35322093963623,76.65800929069519,0.0,154.0112624168396
288,288,ppo,clip,gae,ALE/Pong-v5,atari,0,1,1.0,28800000,100000,105,105,4,1,-20.2,0.8440266301373153,938.5428571428571,-20.2,0.8440266301373153,938.5428571428571,-2.6226043701171873e-09,-1.674337387084961e-06,0.34793080580711366,0.34282952273845674,1.7697570323944092,-7.369089871644974e-08,nan,nan,0.0,nan,0.39190518856048584,0.40067964792251587,77.38285422325134,76.77422499656677,0.0,154.1571123600006
289,289,ppo,clip,gae,ALE/Pong-v5,atari,0,1,1.0,28900000,100000,106,106,4,1,-20.20754716981132,0.8323300000042557,922.8867924528302,-20.20754716981132,0.8323300000042557,922.8867924528302,3.9386749267578125e-09,-2.4060511589050295e-06,0.3530512044715881,0.34051920558929444,1.7697674056243897,1.6816920833662152e-07,nan,nan,0.0,nan,0.4029110074043274,0.4243582487106323,77.67736864089966,76.84552192687988,0.0,154.52292227745056
290,290,ppo,clip,gae,ALE/Pong-v5,atari,0,1,1.0,29000000,100000,104,104,4,1,-20.16346153846154,0.9105215847046229,941.6057692307693,-20.16346153846154,0.9105215847046229,941.6057692307693,1.6307830810546874e-09,-1.7447280883789062e-06,0.38033092580795286,0.3752672911453247,1.7697861214828492,2.7677742764353752e-08,nan,nan,0.0,nan,0.389119029045105,0.39340686798095703,77.26967024803162,76.51640629768372,0.0,153.7861089706421
291,291,ppo,clip,gae,ALE/Pong-v5,atari,0,1,1.0,29100000,100000,103,103,4,1,-20.106796116504853,0.8233559241597743,947.8640776699029,-20.106796116504853,0.8233559241597743,947.8640776699029,3.5047531127929686e-09,-1.9429683685302734e-06,0.3654260210418701,0.3623982262802124,1.7697761038589477,5.78988874622155e-08,nan,nan,0.0,nan,0.38470393419265747,0.38996589183807373,77.59866213798523,76.86222505569458,0.0,154.46092081069946
292,292,ppo,clip,gae,ALE/Pong-v5,atari,0,1,1.0,29200000,100000,105,105,4,1,-20.152380952380952,0.8483143215864134,948.3904761904762,-20.152380952380952,0.8483143215864134,948.3904761904762,-9.303092956542969e-09,-1.9243311882019043e-06,0.3758119214916229,0.3719385859298706,1.76976204120636,9.711948223412037e-08,nan,nan,0.0,nan,0.3632960319519043,0.3705969452857971,77.95742607116699,76.86217832565308,0.0,154.81963682174683
293,293,ppo,clip,gae,ALE/Pong-v5,atari,0,1,1.0,29300000,100000,106,106,4,1,-20.358490566037737,0.7547169811320755,930.0094339622641,-20.358490566037737,0.7547169811320755,930.0094339622641,1.5735626220703125e-09,-4.169559478759765e-06,0.3308488469839096,0.3217470759677887,1.7697769443893432,-1.2747477740049362e-08,nan,nan,0.0,nan,0.4226793646812439,0.4294459819793701,77.51682090759277,76.92449474334717,0.0,154.44135332107544
294,294,ppo,clip,gae,ALE/Pong-v5,atari,0,1,1.0,29400000,100000,103,103,4,1,-20.194174757281555,0.966007220491864,948.757281553398,-20.194174757281555,0.966007220491864,948.757281553398,-2.6339292526245117e-09,-1.232684850692749e-06,0.38377331854343416,0.3744276941585541,1.7697724124145509,-1.0791700333356857e-07,nan,nan,0.0,nan,0.3674493432044983,0.37623345851898193,77.88182640075684,76.66778540611267,0.0,154.54964590072632
295,295,ppo,clip,gae,ALE/Pong-v5,atari,0,1,1.0,29500000,100000,104,104,4,1,-20.182692307692307,0.9381284875599917,941.8846153846154,-20.182692307692307,0.9381284875599917,941.8846153846154,4.715919494628906e-09,-1.8563270568847655e-07,0.37179812811851504,0.37056016565322875,1.7697722911834717,5.5253622122108936e-08,nan,nan,0.0,nan,0.36043161153793335,0.36239826679229736,78.06854033470154,76.66617345809937,0.0,154.73474407196045
296,296,ppo,clip,gae,ALE/Pong-v5,atari,0,1,1.0,29600000,100000,102,102,4,1,-20.147058823529413,0.9434714666085553,958.8529411764706,-20.147058823529413,0.9434714666085553,958.8529411764706,3.0496716499328615e-09,-2.6492595672607423e-06,0.38020893250465393,0.37920212818145754,1.7697851657867432,-7.433482096530497e-08,nan,nan,0.0,nan,0.376342236995697,0.3779865503311157,76.9893045425415,76.54954838752747,0.0,153.53888726234436
297,297,ppo,clip,gae,ALE/Pong-v5,atari,0,1,1.0,29700000,100000,105,105,4,1,-20.21904761904762,0.8726637096346901,931.2857142857143,-20.21904761904762,0.8726637096346901,931.2857142857143,-5.431175231933594e-09,-7.728099822998047e-07,0.3504890746688843,0.34690245782852175,1.7697832604599,4.3928594095632434e-08,nan,nan,0.0,nan,0.4068126678466797,0.4097796678543091,76.93752312660217,76.49170708656311,0.0,153.42926287651062
298,298,ppo,clip,gae,ALE/Pong-v5,atari,0,1,1.0,29800000,100000,104,104,4,1,-20.25,0.7689903470435463,939.6057692307693,-20.25,0.7689903470435463,939.6057692307693,4.400908946990967e-09,-6.441304087638855e-07,0.35974639826774596,0.35777258588790894,1.7697889804840088,1.1980955605395138e-07,nan,nan,0.0,nan,0.38353103399276733,0.38677728176116943,78.10750961303711,76.61215329170227,0.0,154.71969318389893
299,299,ppo,clip,gae,ALE/Pong-v5,atari,0,1,1.0,29900000,100000,105,105,4,1,-20.285714285714285,0.6998542122237651,928.7333333333333,-20.285714285714285,0.6998542122237651,928.7333333333333,-2.0885467529296876e-09,-2.7004599571228027e-07,0.32921087118148806,0.327204128408432,1.7697906494140625,-2.3064330889610574e-08,nan,nan,0.0,nan,0.41687458753585815,0.41927069425582886,76.76513719558716,76.49868988990784,0.0,153.26385831832886
300,300,ppo,clip,gae,ALE/Pong-v5,atari,0,1,1.0,30000000,100000,105,105,4,1,-20.21904761904762,0.9256241382718334,927.9047619047619,-20.21904761904762,0.9256241382718334,927.9047619047619,5.269050598144532e-10,5.269050598144532e-10,0.34095265692710874,0.34095265692710874,1.7697906494140625,0.0,nan,nan,0.0,nan,0.4244641661643982,0.4244641661643982,77.57254767417908,76.64048314094543,0.002825498580932617,154.21588778495789
