iteration,epoch,method,method_variant,estimator,env_id,suite,seed,trainable,did_update,env_steps,batch_env_steps,episodes_in_batch,episodes_in_epoch,num_workers,parallel_rollouts,train_return_mean,train_return_std,train_len_mean,ep_return_mean,ep_return_std,ep_len_mean,policy_loss_before,policy_loss_after,value_loss_before,value_loss_after,entropy,approx_kl,line_search_success,cg_norm,clip_fraction,kl_coef,value_explained_variance_before,value_explained_variance_after,collect_time_sec,update_time_sec,checkpoint_time_sec,wall_time_sec
1,1,ppo,clip,gae,ALE/Seaquest-v5,atari,0,1,1.0,100000,100000,207,207,4,1,59.130434782608695,55.02057051689123,478.3864734299517,59.130434782608695,55.02057051689123,478.3864734299517,2.2358894348144532e-08,-0.0024535628080368044,244.58158279296876,117.63058033569335,2.8803609272766115,0.002658043882101774,nan,nan,0.0561899999833107,nan,9.655952453613281e-06,0.11513090133666992,89.49588465690613,84.10916996002197,0.0,173.60532569885254
2,2,ppo,clip,gae,ALE/Seaquest-v5,atari,0,1,1.0,200000,100000,174,174,4,1,101.37931034482759,70.87584115405257,564.9597701149426,101.37931034482759,70.87584115405257,564.9597701149426,-1.2540817260742188e-08,-0.0035553131866455077,171.99595274414062,131.97473818359376,2.873123924636841,0.0031908402199298143,nan,nan,0.015790000003278255,nan,0.10135948657989502,0.1934300661087036,89.91619181632996,82.25885033607483,0.0,172.17510056495667
3,3,ppo,clip,gae,ALE/Seaquest-v5,atari,0,1,1.0,300000,100000,152,152,4,1,145.0,82.50199359632724,642.0723684210526,145.0,82.50199359632724,642.0723684210526,6.089210510253906e-09,-0.0029480429673194885,163.264043203125,151.7907160986328,2.864703608856201,0.0016770774246007204,nan,nan,0.027410000006556513,nan,0.18314164876937866,0.2027091383934021,88.35294127464294,82.77423405647278,0.0,171.1272144317627
4,4,ppo,clip,gae,ALE/Seaquest-v5,atari,0,1,1.0,400000,100000,133,133,4,1,191.12781954887217,107.39327022318761,744.1278195488721,191.12781954887217,107.39327022318761,744.1278195488721,-2.9087066650390624e-10,-0.0027305484127998353,156.09793435058594,136.05499837402343,2.8565450983428957,0.0017317707777395844,nan,nan,0.04526999998688698,nan,0.1756293773651123,0.20194321870803833,88.35157704353333,82.49377965927124,0.0,170.84539008140564
5,5,ppo,clip,gae,ALE/Seaquest-v5,atari,0,1,1.0,500000,100000,122,122,4,1,235.9016393442623,96.83308351429443,809.1147540983607,235.9016393442623,96.83308351429443,809.1147540983607,-5.350112915039063e-09,-0.0021444768857955933,136.38823782714843,127.43446269042968,2.848517782211304,0.001345647077076137,nan,nan,0.030889999994039536,nan,0.1881500482559204,0.21400582790374756,90.08886528015137,82.4704384803772,0.0,172.559339761734
6,6,ppo,clip,gae,ALE/Seaquest-v5,atari,0,1,1.0,600000,100000,120,120,4,1,236.5,116.75223052830012,818.525,236.5,116.75223052830012,818.525,-7.719993591308594e-09,-0.0016494470274448394,116.10839155517579,112.59849935791016,2.8399207999420164,0.0015387443696334958,nan,nan,0.04971999997854233,nan,0.2326946258544922,0.25261735916137695,90.12022733688354,82.28398323059082,0.0,172.4042465686798
7,7,ppo,clip,gae,ALE/Seaquest-v5,atari,0,1,1.0,700000,100000,104,104,4,1,289.4230769230769,95.23076146389927,941.4903846153846,289.4230769230769,95.23076146389927,941.4903846153846,3.969669342041016e-09,-0.0008461888253688812,109.91539064208985,105.1692059399414,2.8419904404449463,0.0006273318098671734,nan,nan,0.0042500000014901165,nan,0.25798243284225464,0.2735501527786255,89.61724042892456,83.72149062156677,0.0,173.33876657485962
8,8,ppo,clip,gae,ALE/Seaquest-v5,atari,0,1,1.0,800000,100000,103,103,4,1,288.93203883495147,104.49055906960258,939.0097087378641,288.93203883495147,104.49055906960258,939.0097087378641,-1.2179017066955567e-08,-0.0020994051563739775,108.64169881103516,108.4530437915039,2.82416822807312,0.001973601860590279,nan,nan,0.016879999995827673,nan,0.23006242513656616,0.24320447444915771,89.69037866592407,81.71190428733826,0.0,171.4023413658142
9,9,ppo,clip,gae,ALE/Seaquest-v5,atari,0,1,1.0,900000,100000,91,91,4,1,335.8241758241758,116.90200586803071,1064.8021978021977,335.8241758241758,116.90200586803071,1064.8021978021977,-5.029439926147461e-09,-0.001568097585439682,106.42806183837891,99.32517251220703,2.807539022369385,0.0018567110788449644,nan,nan,0.057800000038146976,nan,0.25416141748428345,0.27286893129348755,87.04673337936401,83.75944447517395,0.0,170.80621600151062
10,10,ppo,clip,gae,ALE/Seaquest-v5,atari,0,1,1.0,1000000,100000,82,82,4,1,381.4634146341463,107.51201806014369,1172.8658536585365,381.4634146341463,107.51201806014369,1172.8658536585365,2.5784969329833984e-09,-0.0015257631409168243,100.29828186523437,93.14275855346679,2.801710165863037,0.0014090421259775757,nan,nan,0.03387000001490116,nan,0.2542573809623718,0.27147406339645386,88.92310619354248,82.56825113296509,0.0,171.4914059638977
11,11,ppo,clip,gae,ALE/Seaquest-v5,atari,0,1,1.0,1100000,100000,85,85,4,1,369.6470588235294,118.3260406804613,1152.3294117647058,369.6470588235294,118.3260406804613,1152.3294117647058,-1.7404556274414063e-09,-0.0009038955134153367,92.41473083740235,90.54607986572266,2.8062027069854736,0.0007743097368441523,nan,nan,0.009590000001043082,nan,0.28410279750823975,0.2995431423187256,89.450040102005,83.07153916358948,0.0,172.52161264419556
12,12,ppo,clip,gae,ALE/Seaquest-v5,atari,0,1,1.0,1200000,100000,86,86,4,1,368.83720930232556,117.75436203495188,1142.7441860465117,368.83720930232556,117.75436203495188,1142.7441860465117,3.9196014404296874e-09,-0.0016031891918182374,90.89378331298828,88.61422702636719,2.782228295211792,0.0018989517157524823,nan,nan,0.07107000002145768,nan,0.3041151165962219,0.3200821876525879,90.68969798088074,81.58974075317383,0.0,172.27948713302612
13,13,ppo,clip,gae,ALE/Seaquest-v5,atari,0,1,1.0,1300000,100000,74,74,4,1,432.43243243243245,118.49062924302326,1314.1486486486488,432.43243243243245,118.49062924302326,1314.1486486486488,8.535385131835937e-10,-0.0010371674990653991,82.34202281982422,81.33486690063476,2.7793548530578613,0.0005918022678792476,nan,nan,0.00133,nan,0.315589964389801,0.3263154625892639,90.25016236305237,82.95829033851624,0.0,173.208487033844
14,14,ppo,clip,gae,ALE/Seaquest-v5,atari,0,1,1.0,1400000,100000,74,74,4,1,431.6216216216216,115.2204353476182,1318.445945945946,431.6216216216216,115.2204353476182,1318.445945945946,3.885030746459961e-09,-0.0006338567793369293,77.72063951416015,76.58651300292969,2.793717773284912,0.001217748854458332,nan,nan,0.030409999991655348,nan,0.32482123374938965,0.3339260220527649,88.66625452041626,81.5732307434082,0.0,170.239520072937
15,15,ppo,clip,gae,ALE/Seaquest-v5,atari,0,1,1.0,1500000,100000,80,80,4,1,395.25,124.26760438666226,1210.7375,395.25,124.26760438666226,1210.7375,-7.064342498779297e-09,-0.0015729250645637512,81.60293298950195,80.08158909057617,2.774604591064453,0.0011397382525354623,nan,nan,0.03221999999165535,nan,0.3125060200691223,0.32594966888427734,89.31257557868958,82.52406811714172,0.0,171.83667707443237
16,16,ppo,clip,gae,ALE/Seaquest-v5,atari,0,1,1.0,1600000,100000,76,76,4,1,431.3157894736842,135.11537083138634,1295.3552631578948,431.3157894736842,135.11537083138634,1295.3552631578948,-1.051187515258789e-08,-0.0010065593814849853,81.09755239257812,78.87724405273437,2.7859075504302977,0.0008233415579609573,nan,nan,0.016370000012516976,nan,0.32514238357543945,0.33751189708709717,88.0504379272461,81.53996253013611,0.0,169.5904357433319
17,17,ppo,clip,gae,ALE/Seaquest-v5,atari,0,1,1.0,1700000,100000,74,74,4,1,423.5135135135135,124.8288821442576,1308.9054054054054,423.5135135135135,124.8288821442576,1308.9054054054054,8.153915405273438e-09,-0.0011876795196533202,80.38942649658203,78.44969616699218,2.774416708984375,0.0008476978808641434,nan,nan,0.02925999999165535,nan,0.32191067934036255,0.33419573307037354,88.97352766990662,81.90474057197571,0.0,170.8783049583435
18,18,ppo,clip,gae,ALE/Seaquest-v5,atari,0,1,1.0,1800000,100000,73,73,4,1,440.0,128.21215295120646,1327.5068493150684,440.0,128.21215295120646,1327.5068493150684,6.980150938034058e-09,-0.0011294640555977822,78.11917543701172,76.73076787109375,2.78164714302063,0.0008915905083157122,nan,nan,0.022059999999403952,nan,0.32057321071624756,0.33067846298217773,88.48725533485413,81.39939546585083,0.0,169.88668513298035
19,19,ppo,clip,gae,ALE/Seaquest-v5,atari,0,1,1.0,1900000,100000,71,71,4,1,454.6478873239437,128.91563991171304,1362.056338028169,454.6478873239437,128.91563991171304,1362.056338028169,-5.012750625610352e-10,-0.0014038878512382508,76.28943271484376,75.29578732177734,2.7713205075073244,0.0008402200036123395,nan,nan,0.024600000006556513,nan,0.3364824652671814,0.3451118469238281,88.25857162475586,82.2833034992218,0.0,170.54191040992737
20,20,ppo,clip,gae,ALE/Seaquest-v5,atari,0,1,1.0,2000000,100000,71,71,4,1,451.83098591549293,122.5815033166342,1375.4084507042253,451.83098591549293,122.5815033166342,1375.4084507042253,3.5059452056884764e-09,-0.0012058551451563835,70.76319993652343,70.19211982177734,2.762893148574829,0.0009146419602818788,nan,nan,0.0266800000166893,nan,0.3618461489677429,0.37065041065216064,89.00521159172058,81.27771472930908,0.0,170.28296375274658
21,21,ppo,clip,gae,ALE/Seaquest-v5,atari,0,1,1.0,2100000,100000,67,67,4,1,481.4925373134328,119.61697243101432,1441.4328358208954,481.4925373134328,119.61697243101432,1441.4328358208954,-7.276535034179687e-09,-0.001487744414806366,70.19232093383789,67.69383799438477,2.7543853438568116,0.0009354366304911673,nan,nan,0.031760000007748604,nan,0.37557274103164673,0.38470762968063354,89.19249105453491,82.82135152816772,0.0,172.01387476921082
22,22,ppo,clip,gae,ALE/Seaquest-v5,atari,0,1,1.0,2200000,100000,67,67,4,1,479.1044776119403,124.99231431039034,1427.641791044776,479.1044776119403,124.99231431039034,1427.641791044776,5.345344543457031e-09,-0.001359749472141266,73.09062014648437,71.94700720458984,2.7463753026580813,0.0009785691372677684,nan,nan,0.030100000007152558,nan,0.38388919830322266,0.3954426050186157,89.51671481132507,81.5897843837738,0.0,171.10653734207153
23,23,ppo,clip,gae,ALE/Seaquest-v5,atari,0,1,1.0,2300000,100000,61,61,4,1,522.2950819672132,111.39051733815647,1549.655737704918,522.2950819672132,111.39051733815647,1549.655737704918,3.3247470855712893e-09,-0.0011377523428201676,67.86357343261719,66.81951652587891,2.7589291953277586,0.001253344045318663,nan,nan,0.04036000000357628,nan,0.3828689455986023,0.3924863338470459,87.70457863807678,81.89159989356995,0.0,169.59621930122375
24,24,ppo,clip,gae,ALE/Seaquest-v5,atari,0,1,1.0,2400000,100000,68,68,4,1,479.11764705882354,112.84731087152346,1438.3676470588234,479.11764705882354,112.84731087152346,1438.3676470588234,2.726912498474121e-09,-0.00040395785629749296,67.39956846435547,69.01133019042969,2.740674720916748,0.0012586447034776212,nan,nan,0.07437000000715256,nan,0.393512487411499,0.4047498106956482,88.05650115013123,81.50915932655334,0.0,169.5656931400299
25,25,ppo,clip,gae,ALE/Seaquest-v5,atari,0,1,1.0,2500000,100000,67,67,4,1,487.76119402985074,109.43301495779689,1457.7910447761194,487.76119402985074,109.43301495779689,1457.7910447761194,-2.39253044128418e-09,-0.0015909192144870758,66.50940545166016,62.015865660400394,2.746161735076904,0.0010258238254114986,nan,nan,0.038620000014305114,nan,0.4147424101829529,0.4247596263885498,87.75933909416199,81.83465766906738,0.02044057846069336,169.6144735813141
26,26,ppo,clip,gae,ALE/Seaquest-v5,atari,0,1,1.0,2600000,100000,62,62,4,1,524.8387096774194,116.8779613802345,1551.9516129032259,524.8387096774194,116.8779613802345,1551.9516129032259,-1.1579990386962891e-08,-0.0006925313603878021,65.2568659375,64.72810740722656,2.7531622950744628,0.0008224260507896543,nan,nan,0.025659999988079073,nan,0.41057878732681274,0.41805118322372437,88.32702660560608,81.25705575942993,0.0,169.58411502838135
27,27,ppo,clip,gae,ALE/Seaquest-v5,atari,0,1,1.0,2700000,100000,65,65,4,1,500.61538461538464,124.08281258376691,1496.8615384615384,500.61538461538464,124.08281258376691,1496.8615384615384,9.238719940185547e-09,-0.001002787880897522,65.51112361450195,64.12116852294922,2.7482949516296387,0.00043649051507003604,nan,nan,0.0024400000010430813,nan,0.4051935076713562,0.4160614609718323,88.22153353691101,82.08976244926453,0.0,170.3113293647766
28,28,ppo,clip,gae,ALE/Seaquest-v5,atari,0,1,1.0,2800000,100000,61,61,4,1,544.2622950819672,132.72008034159768,1605.7540983606557,544.2622950819672,132.72008034159768,1605.7540983606557,-1.7559528350830078e-09,-0.0012966278421878816,67.6848394165039,65.5846178564453,2.738543272399902,0.0008592092648521066,nan,nan,0.015920000004172326,nan,0.4134753942489624,0.4217017889022827,87.9063241481781,80.99156951904297,0.0,168.89793181419373
29,29,ppo,clip,gae,ALE/Seaquest-v5,atari,0,1,1.0,2900000,100000,62,62,4,1,530.3225806451613,118.19840812660232,1575.967741935484,530.3225806451613,118.19840812660232,1575.967741935484,8.172988891601562e-09,-0.001353187422156334,66.70939409423828,65.40850942382812,2.731201376571655,0.000821336364876479,nan,nan,0.01978000002026558,nan,0.39797407388687134,0.40999484062194824,86.02551031112671,81.45811438560486,0.0,167.4836585521698
30,30,ppo,clip,gae,ALE/Seaquest-v5,atari,0,1,1.0,3000000,100000,61,61,4,1,544.2622950819672,109.01133970783285,1586.1311475409836,544.2622950819672,109.01133970783285,1586.1311475409836,8.0716609954834e-09,-0.0009371911263465881,62.74763328125,62.07951016601562,2.7296544245147705,0.000580490980502218,nan,nan,0.00989000000268221,nan,0.4186984896659851,0.4292029142379761,85.30107569694519,82.02901482582092,0.0,167.33012747764587
31,31,ppo,clip,gae,ALE/Seaquest-v5,atari,0,1,1.0,3100000,100000,66,66,4,1,494.54545454545456,127.09077903491848,1466.1818181818182,494.54545454545456,127.09077903491848,1466.1818181818182,2.3245811462402344e-09,-0.0011973413801193238,64.85587730102539,63.96803563720703,2.714533940963745,0.001436294360794127,nan,nan,0.046030000026226044,nan,0.42491722106933594,0.433785617351532,87.07005620002747,81.40345501899719,0.0,168.47356915473938
32,32,ppo,clip,gae,ALE/Seaquest-v5,atari,0,1,1.0,3200000,100000,64,64,4,1,509.375,123.28669585563561,1507.046875,509.375,123.28669585563561,1507.046875,4.444122314453125e-09,-0.001250163516998291,63.072572961425784,63.05239019042969,2.706018407669067,0.0006847563753835857,nan,nan,0.02173000002384186,nan,0.4305266737937927,0.4381532669067383,87.67359828948975,81.4871838092804,0.0,169.16081762313843
33,33,ppo,clip,gae,ALE/Seaquest-v5,atari,0,1,1.0,3300000,100000,61,61,4,1,541.639344262295,128.7159832875015,1586.0,541.639344262295,128.7159832875015,1586.0,3.354549407958984e-09,-0.0015674692034721375,65.15774687133789,64.43910229370117,2.6938063639068606,0.0009211392836086452,nan,nan,0.01826000002026558,nan,0.42514753341674805,0.4306715130805969,86.9524974822998,81.62036228179932,0.0,168.5728931427002
34,34,ppo,clip,gae,ALE/Seaquest-v5,atari,0,1,1.0,3400000,100000,62,62,4,1,535.8064516129032,118.27453557223679,1572.6612903225807,535.8064516129032,118.27453557223679,1572.6612903225807,4.470348358154297e-09,-0.0007108331692218781,60.19660090576172,59.39016386230469,2.6999671936798095,0.0011842522219195962,nan,nan,0.06072000000476837,nan,0.4451417922973633,0.4520997405052185,87.4054605960846,81.18057751655579,0.0,168.58609247207642
35,35,ppo,clip,gae,ALE/Seaquest-v5,atari,0,1,1.0,3500000,100000,61,61,4,1,540.983606557377,125.1583248874484,1579.4262295081967,540.983606557377,125.1583248874484,1579.4262295081967,1.875162124633789e-09,-0.0015257767617702484,60.88858141113281,61.91733844970703,2.6809619142913816,0.0009881700005382299,nan,nan,0.025250000003278254,nan,0.42745310068130493,0.4396917223930359,88.44574403762817,81.99352359771729,0.0,170.43929839134216
36,36,ppo,clip,gae,ALE/Seaquest-v5,atari,0,1,1.0,3600000,100000,60,60,4,1,543.3333333333334,140.4358295529393,1603.65,543.3333333333334,140.4358295529393,1603.65,-5.6785345077514645e-09,-0.001119187715947628,67.12854806030273,65.80646706298828,2.673332540512085,0.0009082264699414373,nan,nan,0.034049999985694884,nan,0.40743517875671387,0.416137158870697,88.12981653213501,81.74693179130554,0.0,169.8767819404602
37,37,ppo,clip,gae,ALE/Seaquest-v5,atari,0,1,1.0,3700000,100000,61,61,4,1,547.8688524590164,111.34225412852416,1593.9016393442623,547.8688524590164,111.34225412852416,1593.9016393442623,7.991790771484375e-09,-0.0009979034745693208,64.49855392211914,60.07810378173828,2.6722088375091553,0.0005602714899554849,nan,nan,0.01974000000476837,nan,0.4476390480995178,0.45837318897247314,87.70311880111694,81.25292944908142,0.0,168.95608520507812
38,38,ppo,clip,gae,ALE/Seaquest-v5,atari,0,1,1.0,3800000,100000,60,60,4,1,556.3333333333334,126.56969972662844,1612.5,556.3333333333334,126.56969972662844,1612.5,-3.4332275390625e-09,-0.0012979990243911744,60.51650174804688,60.59043669921875,2.6669286910247805,0.0007966130731254816,nan,nan,0.007100000001490116,nan,0.4579983353614807,0.46514803171157837,87.99658584594727,81.79262185096741,0.0,169.7892394065857
39,39,ppo,clip,gae,ALE/Seaquest-v5,atari,0,1,1.0,3900000,100000,62,62,4,1,532.5806451612904,135.08582079636977,1565.967741935484,532.5806451612904,135.08582079636977,1565.967741935484,8.968114852905274e-09,-0.0012830917155742644,67.62545358154297,64.66898308349609,2.6500136085510255,0.000937569015044719,nan,nan,0.030870000022649766,nan,0.4137229323387146,0.42461419105529785,87.73164391517639,82.00088000297546,0.0,169.7325565814972
40,40,ppo,clip,gae,ALE/Seaquest-v5,atari,0,1,1.0,4000000,100000,59,59,4,1,560.3389830508474,114.41770192684369,1628.9830508474577,560.3389830508474,114.41770192684369,1628.9830508474577,1.0583400726318359e-08,-0.0013264422142505645,60.334194294433594,58.05525796875,2.6471389069366453,0.0007515029006451368,nan,nan,0.012480000003278256,nan,0.4448767900466919,0.45888006687164307,88.22297263145447,81.55043506622314,0.0,169.77346515655518
41,41,ppo,clip,gae,ALE/Seaquest-v5,atari,0,1,1.0,4100000,100000,60,60,4,1,571.0,135.02715776218253,1640.3333333333333,571.0,135.02715776218253,1640.3333333333333,1.316070556640625e-09,-0.0009479502725601196,61.57458111816406,60.08707886352539,2.6460369618225097,0.0010178744561225176,nan,nan,0.04612000002741814,nan,0.4344809651374817,0.4461209177970886,90.7780282497406,82.04100465774536,0.0,172.81906747817993
42,42,ppo,clip,gae,ALE/Seaquest-v5,atari,0,1,1.0,4200000,100000,61,61,4,1,547.8688524590164,128.61321802016627,1587.0819672131147,547.8688524590164,128.61321802016627,1587.0819672131147,-1.1397600173950195e-08,-0.0003771702992916107,63.190828317871095,62.362626412353514,2.6568248209381102,0.0011645085560902954,nan,nan,0.09618000001430511,nan,0.41734594106674194,0.42492419481277466,87.88273572921753,81.08842396736145,0.0,168.97119092941284
43,43,ppo,clip,gae,ALE/Seaquest-v5,atari,0,1,1.0,4300000,100000,60,60,4,1,561.0,134.87895808217579,1641.9166666666667,561.0,134.87895808217579,1641.9166666666667,-7.774233818054199e-09,-0.0012859001058340073,60.96269559326172,60.278852102050784,2.6465859048461913,0.0008900166466459632,nan,nan,0.023400000007748605,nan,0.4515063762664795,0.45797795057296753,90.09172081947327,81.97634553909302,0.0,172.06812047958374
44,44,ppo,clip,gae,ALE/Seaquest-v5,atari,0,1,1.0,4400000,100000,59,59,4,1,566.1016949152543,128.36675409329823,1648.8813559322034,566.1016949152543,128.36675409329823,1648.8813559322034,-1.1277198791503906e-09,-0.0008662184429168702,60.7816778149414,59.453960234375,2.6517583414459227,0.0005741470744647086,nan,nan,0.014149999997019767,nan,0.46709221601486206,0.4750213623046875,87.69631910324097,81.2434766292572,0.0,168.93983149528503
45,45,ppo,clip,gae,ALE/Seaquest-v5,atari,0,1,1.0,4500000,100000,61,61,4,1,535.4098360655738,124.94685782484085,1570.9180327868853,535.4098360655738,124.94685782484085,1570.9180327868853,-8.244514465332031e-09,-0.0015174115180969238,63.980222541503906,62.74393112060547,2.6293033251190185,0.0009956386464834213,nan,nan,0.04897999998927116,nan,0.4402686357498169,0.44638770818710327,86.79602313041687,81.8657546043396,0.0,168.66180992126465
46,46,ppo,clip,gae,ALE/Seaquest-v5,atari,0,1,1.0,4600000,100000,61,61,4,1,555.0819672131148,108.98372492151944,1610.377049180328,555.0819672131148,108.98372492151944,1610.377049180328,-1.1488795280456543e-09,-0.0013844222018122674,62.32239532470703,61.424854544677736,2.6223659375762938,0.0005346734170429408,nan,nan,0.005590000000745058,nan,0.45472437143325806,0.4612920880317688,88.0264310836792,81.18385314941406,0.0,169.21031427383423
47,47,ppo,clip,gae,ALE/Seaquest-v5,atari,0,1,1.0,4700000,100000,60,60,4,1,555.0,110.24971655292362,1617.35,555.0,110.24971655292362,1617.35,2.4485588073730468e-09,-0.001247442045211792,58.35126186035156,57.81657569824219,2.612679404525757,0.0005527084618806839,nan,nan,0.01371000001192093,nan,0.492620050907135,0.500918060541153,88.23383069038391,82.68577480316162,0.0,170.9196376800537
48,48,ppo,clip,gae,ALE/Seaquest-v5,atari,0,1,1.0,4800000,100000,57,57,4,1,594.0350877192982,119.11751015275759,1709.157894736842,594.0350877192982,119.11751015275759,1709.157894736842,-8.192062377929688e-09,-0.0010392812919616699,58.46503569213867,56.78332814697266,2.5907061824035647,0.0013674552535638213,nan,nan,0.0858000000166893,nan,0.48237061500549316,0.48920172452926636,88.26211404800415,81.4244613647461,0.0,169.68660926818848
49,49,ppo,clip,gae,ALE/Seaquest-v5,atari,0,1,1.0,4900000,100000,56,56,4,1,598.2142857142857,131.6530497565631,1708.4464285714287,598.2142857142857,131.6530497565631,1708.4464285714287,-1.0379552841186523e-08,-0.0009172511315345764,58.754518775634764,58.0156409362793,2.5968367541503907,0.0006245778557471931,nan,nan,0.013829999995827675,nan,0.46433812379837036,0.47013354301452637,88.8485050201416,81.80936431884766,0.0,170.65792155265808
50,50,ppo,clip,gae,ALE/Seaquest-v5,atari,0,1,1.0,5000000,100000,58,58,4,1,576.2068965517242,116.94129954231084,1660.0344827586207,576.2068965517242,116.94129954231084,1660.0344827586207,-9.827613830566406e-09,-0.00137242409825325,57.91433029907227,57.19973329223633,2.590463805770874,0.0007617047406546771,nan,nan,0.015300000003278256,nan,0.4740372896194458,0.4805647134780884,88.6759660243988,81.37093830108643,0.0029921531677246094,170.0499336719513
51,51,ppo,clip,gae,ALE/Seaquest-v5,atari,0,1,1.0,5100000,100000,58,58,4,1,581.3793103448276,127.46126221343339,1663.4827586206898,581.3793103448276,127.46126221343339,1663.4827586206898,-1.0585784912109376e-09,-0.001406526188850403,54.25713748291015,53.813485803222655,2.5800108308410645,0.0006405925012938678,nan,nan,0.02237000000357628,nan,0.48721063137054443,0.49410736560821533,87.87335705757141,81.75243163108826,0.0,169.62581729888916
52,52,ppo,clip,gae,ALE/Seaquest-v5,atari,0,1,1.0,5200000,100000,61,61,4,1,548.8524590163935,121.44078177268044,1573.295081967213,548.8524590163935,121.44078177268044,1573.295081967213,3.635883331298828e-09,-0.0007898880755901336,57.31163860229492,55.853298770751955,2.5925512562561037,0.001316316342614591,nan,nan,0.09074000007867813,nan,0.4822782278060913,0.4893836975097656,89.6167995929718,80.80487394332886,0.0,170.421724319458
53,53,ppo,clip,gae,ALE/Seaquest-v5,atari,0,1,1.0,5300000,100000,57,57,4,1,595.438596491228,114.61713805043411,1707.9649122807018,595.438596491228,114.61713805043411,1707.9649122807018,-6.003975868225098e-09,-0.001363190440237522,58.54429141113281,60.29719204711914,2.5920580090332033,0.0006053709134832024,nan,nan,0.014690000001788139,nan,0.4745485782623291,0.48159462213516235,89.4364402294159,81.98022484779358,0.0,171.41670036315918
54,54,ppo,clip,gae,ALE/Seaquest-v5,atari,0,1,1.0,5400000,100000,56,56,4,1,602.1428571428571,122.74704369024077,1729.0535714285713,602.1428571428571,122.74704369024077,1729.0535714285713,-9.450912475585938e-09,-0.0011619737672805787,59.37024914794922,55.60236199707031,2.5760690402221678,0.0008473590610548854,nan,nan,0.044179999997615814,nan,0.49453461170196533,0.5056422650814056,89.58157300949097,81.27396821975708,0.0,170.85557556152344
55,55,ppo,clip,gae,ALE/Seaquest-v5,atari,0,1,1.0,5500000,100000,56,56,4,1,597.1428571428571,117.19511029710677,1712.5714285714287,597.1428571428571,117.19511029710677,1712.5714285714287,1.1799335479736328e-08,-0.0009981360578536988,57.44113242919922,56.68790046508789,2.5569651374816895,0.0009382579315640032,nan,nan,0.055600000029802324,nan,0.4703550934791565,0.48314499855041504,88.92823958396912,81.42407846450806,0.0,170.35235381126404
56,56,ppo,clip,gae,ALE/Seaquest-v5,atari,0,1,1.0,5600000,100000,55,55,4,1,600.7272727272727,116.30453044337048,1720.8363636363636,600.7272727272727,116.30453044337048,1720.8363636363636,-1.3622045516967773e-08,-0.0013252815437316894,54.98009404663086,52.6970880859375,2.5461748551940917,0.0006484645413421094,nan,nan,0.021280000011324882,nan,0.4912865161895752,0.5009115934371948,89.85956954956055,81.1738064289093,0.0,171.0334243774414
57,57,ppo,clip,gae,ALE/Seaquest-v5,atari,0,1,1.0,5700000,100000,54,54,4,1,614.4444444444445,127.97086859858591,1751.7222222222222,614.4444444444445,127.97086859858591,1751.7222222222222,-3.2520294189453123e-09,-0.0015020942163467407,52.77945640869141,51.87263490478516,2.526089248046875,0.0010909523034095764,nan,nan,0.05493999999165535,nan,0.5195478200912476,0.5278261303901672,89.24169659614563,81.94101905822754,0.0,171.18274998664856
58,58,ppo,clip,gae,ALE/Seaquest-v5,atari,0,1,1.0,5800000,100000,54,54,4,1,618.5185185185185,116.1641145488413,1760.0185185185185,618.5185185185185,116.1641145488413,1760.0185185185185,8.347034454345703e-09,-0.0008239887857437134,51.69188612915039,51.04159254150391,2.5389335956573484,0.0008429408620297909,nan,nan,0.04761000000238418,nan,0.5291552245616913,0.5352507531642914,88.42314887046814,81.04681611061096,0.0,169.46999883651733
59,59,ppo,clip,gae,ALE/Seaquest-v5,atari,0,1,1.0,5900000,100000,54,54,4,1,630.7407407407408,110.66887300096245,1776.7777777777778,630.7407407407408,110.66887300096245,1776.7777777777778,-1.298844814300537e-08,-0.0010435511034727096,52.461625270996095,51.44367687622071,2.547078701248169,0.0006183037232980132,nan,nan,0.025020000014305113,nan,0.5324473083019257,0.5394681096076965,88.71490144729614,81.95282506942749,0.0,170.66776537895203
60,60,ppo,clip,gae,ALE/Seaquest-v5,atari,0,1,1.0,6000000,100000,57,57,4,1,600.7017543859649,129.6129142515582,1722.7368421052631,600.7017543859649,129.6129142515582,1722.7368421052631,-3.0291080474853514e-09,-0.001235776525735855,55.703379548339846,55.0231553125,2.5363959963989258,0.0006211540669575333,nan,nan,0.017730000012516976,nan,0.5053450465202332,0.5125522017478943,88.99985527992249,81.09169793128967,0.0,170.09158730506897
61,61,ppo,clip,gae,ALE/Seaquest-v5,atari,0,1,1.0,6100000,100000,54,54,4,1,635.925925925926,118.28275160752038,1801.2592592592594,635.925925925926,118.28275160752038,1801.2592592592594,-2.5629997253417967e-09,-0.00035157705783843993,52.905685554199216,51.64129689819336,2.5496363493347167,0.0009957123791053892,nan,nan,0.08813999999046326,nan,0.5093061625957489,0.5180795788764954,88.48710203170776,82.12674522399902,0.0,170.61387825012207
62,62,ppo,clip,gae,ALE/Seaquest-v5,atari,0,1,1.0,6200000,100000,56,56,4,1,594.2857142857143,107.01897600187453,1705.982142857143,594.2857142857143,107.01897600187453,1705.982142857143,-1.239776611328125e-09,-0.0012371267598867417,54.891669208984375,53.714758359375,2.545584467086792,0.0009487594507820904,nan,nan,0.06641000004529952,nan,0.49986255168914795,0.5086712539196014,89.50517058372498,80.81041407585144,0.0,170.31561589241028
63,63,ppo,clip,gae,ALE/Seaquest-v5,atari,0,1,1.0,6300000,100000,55,55,4,1,611.2727272727273,129.93781093563106,1739.418181818182,611.2727272727273,129.93781093563106,1739.418181818182,9.34600830078125e-10,-0.0016100339496135712,52.41670954345703,51.95019908325195,2.527985865249634,0.0006222229371033609,nan,nan,0.014489999995827675,nan,0.5218136012554169,0.5293323993682861,89.91878175735474,81.47173142433167,0.0,171.3905599117279
64,64,ppo,clip,gae,ALE/Seaquest-v5,atari,0,1,1.0,6400000,100000,53,53,4,1,633.9622641509434,117.04441380271334,1805.754716981132,633.9622641509434,117.04441380271334,1805.754716981132,9.775161743164063e-09,-0.0012123633551597596,52.52610008300781,52.065426271972655,2.5253864603424074,0.0005298324231058359,nan,nan,0.018249999997615816,nan,0.5384271740913391,0.5442622303962708,88.43508386611938,81.09613394737244,0.0,169.5312511920929
65,65,ppo,clip,gae,ALE/Seaquest-v5,atari,0,1,1.0,6500000,100000,51,51,4,1,662.3529411764706,108.22250563835416,1864.9803921568628,662.3529411764706,108.22250563835416,1864.9803921568628,-3.0279159545898436e-09,-0.0008775696063041687,50.53586579833984,49.4592258203125,2.5289200704956056,0.0008519797064177692,nan,nan,0.05754000001192093,nan,0.5273872315883636,0.5384477078914642,89.40106201171875,81.68917775154114,0.0,171.09027528762817
66,66,ppo,clip,gae,ALE/Seaquest-v5,atari,0,1,1.0,6600000,100000,55,55,4,1,628.3636363636364,128.30026764463878,1768.0363636363636,628.3636363636364,128.30026764463878,1768.0363636363636,2.865791320800781e-09,-0.0010983831214904786,54.18094594726563,53.3082500390625,2.52838483291626,0.00044907139129936693,nan,nan,0.012380000011324882,nan,0.5163355767726898,0.5255081057548523,88.72443842887878,81.26069211959839,0.0,169.9851689338684
67,67,ppo,clip,gae,ALE/Seaquest-v5,atari,0,1,1.0,6700000,100000,55,55,4,1,616.3636363636364,111.71983849813599,1745.6727272727273,616.3636363636364,111.71983849813599,1745.6727272727273,-5.391836166381836e-09,-0.0008391464793682099,53.46397626098633,52.6624902368164,2.546444356536865,0.0010586340832710267,nan,nan,0.08366999999761582,nan,0.5211696922779083,0.5318012833595276,89.8551607131958,81.64874410629272,0.0,171.50395250320435
68,68,ppo,clip,gae,ALE/Seaquest-v5,atari,0,1,1.0,6800000,100000,52,52,4,1,661.9230769230769,120.65587526799675,1863.326923076923,661.9230769230769,120.65587526799675,1863.326923076923,-7.088780403137207e-09,-0.0008566332668066025,49.430675256347655,47.225670217285156,2.557779116744995,0.0008946797900646925,nan,nan,0.07623999999284745,nan,0.5513215363025665,0.559074878692627,90.29472827911377,80.93268370628357,0.0,171.22744226455688
69,69,ppo,clip,gae,ALE/Seaquest-v5,atari,0,1,1.0,6900000,100000,51,51,4,1,656.8627450980392,124.95473997990163,1846.0392156862745,656.8627450980392,124.95473997990163,1846.0392156862745,-3.932714462280273e-09,-0.0011825095248222351,51.37569142211914,50.53735511108398,2.5494315255737305,0.0006380691076815128,nan,nan,0.033529999994039536,nan,0.5340811312198639,0.5448771417140961,89.58561682701111,81.78594541549683,0.0,171.37159323692322
70,70,ppo,clip,gae,ALE/Seaquest-v5,atari,0,1,1.0,7000000,100000,52,52,4,1,679.6153846153846,101.48818685446065,1888.1346153846155,679.6153846153846,101.48818685446065,1888.1346153846155,1.3918876647949219e-08,-0.0004099794340133667,50.574206938476564,49.43984947265625,2.5561005489349364,0.0009768004147708417,nan,nan,0.07642999997138977,nan,0.5360447764396667,0.5490995049476624,88.5606997013092,81.04685187339783,0.0,169.60758471488953
71,71,ppo,clip,gae,ALE/Seaquest-v5,atari,0,1,1.0,7100000,100000,53,53,4,1,621.8867924528302,114.7442867204928,1767.566037735849,621.8867924528302,114.7442867204928,1767.566037735849,-1.2433528900146485e-08,-0.0008750275516510009,54.338625313720705,51.75767205566406,2.5288118463134768,0.0008690936207771301,nan,nan,0.06645000001549721,nan,0.525634378194809,0.5370204448699951,88.70803189277649,81.88376259803772,0.0,170.59182691574097
72,72,ppo,clip,gae,ALE/Seaquest-v5,atari,0,1,1.0,7200000,100000,54,54,4,1,622.5925925925926,122.32599410599205,1750.8148148148148,622.5925925925926,122.32599410599205,1750.8148148148148,-1.0491535067558288e-09,-0.0007231444739177823,53.830177985839846,51.8077057043457,2.5394900498962403,0.0009406694196350873,nan,nan,0.08602000005960464,nan,0.5203761756420135,0.5297748148441315,88.5969820022583,81.24877977371216,0.0,169.8457932472229
73,73,ppo,clip,gae,ALE/Seaquest-v5,atari,0,1,1.0,7300000,100000,53,53,4,1,644.5283018867924,115.55552512832284,1809.7169811320755,644.5283018867924,115.55552512832284,1809.7169811320755,5.452632904052735e-09,-0.001259383033514023,50.87184082641602,50.02205939575195,2.547374105606079,0.0006955960205011069,nan,nan,0.033999999990463256,nan,0.5246906280517578,0.5329137444496155,88.38242864608765,81.62068128585815,0.0,170.00314116477966
74,74,ppo,clip,gae,ALE/Seaquest-v5,atari,0,1,1.0,7400000,100000,56,56,4,1,611.7857142857143,139.11848935936825,1720.0357142857142,611.7857142857143,139.11848935936825,1720.0357142857142,3.870129585266113e-09,-0.0007275177627801895,53.900800118408206,54.236103052978514,2.5536324620056154,0.0009220478351227939,nan,nan,0.08203999999523162,nan,0.5306114256381989,0.5369009673595428,89.6164653301239,80.69692897796631,0.0,170.31342577934265
75,75,ppo,clip,gae,ALE/Seaquest-v5,atari,0,1,1.0,7500000,100000,52,52,4,1,653.0769230769231,129.37034587003524,1824.3461538461538,653.0769230769231,129.37034587003524,1824.3461538461538,1.3113021850585937e-09,-0.0009848199701309203,51.70836337524414,50.94239857666015,2.5597939948272703,0.0007661824649386107,nan,nan,0.051340000023841856,nan,0.5466448962688446,0.5558467209339142,88.71286511421204,81.96978712081909,0.0030372142791748047,170.6857213973999
76,76,ppo,clip,gae,ALE/Seaquest-v5,atari,0,1,1.0,7600000,100000,51,51,4,1,662.3529411764706,117.33291391347916,1854.6078431372548,662.3529411764706,117.33291391347916,1854.6078431372548,-4.6527385711669924e-09,-0.0011289405953884126,48.72840330444336,47.141272495117185,2.571493215560913,0.0006732544415444135,nan,nan,0.04234999997854233,nan,0.5587610900402069,0.566534012556076,89.59930610656738,81.11851835250854,0.0,170.71786069869995
77,77,ppo,clip,gae,ALE/Seaquest-v5,atari,0,1,1.0,7700000,100000,53,53,4,1,646.0377358490566,129.8815080108616,1817.9245283018868,646.0377358490566,129.8815080108616,1817.9245283018868,4.854202270507812e-09,-0.0008123769307136536,49.27609273803711,48.64487186767578,2.57312314704895,0.000751573149394244,nan,nan,0.05870999999880791,nan,0.5463304221630096,0.5502494275569916,89.95739793777466,81.97858023643494,0.0,171.93601250648499
78,78,ppo,clip,gae,ALE/Seaquest-v5,atari,0,1,1.0,7800000,100000,52,52,4,1,656.5384615384615,121.13064490910084,1835.5192307692307,656.5384615384615,121.13064490910084,1835.5192307692307,3.5524368286132813e-10,-0.0011338058471679687,49.979059134521485,48.42648329345703,2.5684987731933595,0.0005491661930084228,nan,nan,0.0281300000333786,nan,0.5359210073947906,0.5496698021888733,89.53134202957153,81.1428952217102,0.0,170.67428421974182
79,79,ppo,clip,gae,ALE/Seaquest-v5,atari,0,1,1.0,7900000,100000,53,53,4,1,653.5849056603773,112.72096688697492,1827.6792452830189,653.5849056603773,112.72096688697492,1827.6792452830189,-8.726119995117188e-10,-0.0013866148138046265,49.28007610595703,48.22711336181641,2.57085854057312,0.000489951764959842,nan,nan,0.01491000001192093,nan,0.5469663143157959,0.5588741302490234,89.39205121994019,81.88011384010315,0.0,171.27219772338867
80,80,ppo,clip,gae,ALE/Seaquest-v5,atari,0,1,1.0,8000000,100000,53,53,4,1,639.2452830188679,128.44276394497888,1791.8490566037735,639.2452830188679,128.44276394497888,1791.8490566037735,-3.0553340911865234e-09,-0.0010098229813575745,48.843973045654295,47.76230041870117,2.5650199928283692,0.0009320725754275918,nan,nan,0.08383999996185303,nan,0.5536869466304779,0.5610370934009552,88.50777578353882,81.3714759349823,0.0,169.8793272972107
81,81,ppo,clip,gae,ALE/Seaquest-v5,atari,0,1,1.0,8100000,100000,53,53,4,1,672.4528301886793,101.10531890488234,1873.0188679245282,672.4528301886793,101.10531890488234,1873.0188679245282,-9.0789794921875e-09,-0.0011202724933624267,47.977856928710935,47.56710151123047,2.5674878821563722,0.0004316380339581519,nan,nan,0.020419999992847444,nan,0.5561679303646088,0.5641922652721405,89.27665567398071,81.96845412254333,0.0,171.24514627456665
82,82,ppo,clip,gae,ALE/Seaquest-v5,atari,0,1,1.0,8200000,100000,53,53,4,1,649.811320754717,112.37555911734034,1818.3396226415093,649.811320754717,112.37555911734034,1818.3396226415093,2.7036666870117186e-09,-0.0015831380462646484,49.97473072631836,48.42816881225586,2.553776037597656,0.0006844550536572933,nan,nan,0.043910000017881395,nan,0.5495025217533112,0.559589296579361,88.50723671913147,81.00243854522705,0.0,169.5097098350525
83,83,ppo,clip,gae,ALE/Seaquest-v5,atari,0,1,1.0,8300000,100000,50,50,4,1,689.2,112.37152664265089,1907.4,689.2,112.37152664265089,1907.4,-4.418492317199707e-09,-0.0012429844963550568,47.92528209350586,46.68373701660156,2.5460579055786132,0.0005322617116663605,nan,nan,0.030970000014305114,nan,0.5700526535511017,0.5798571705818176,87.90684366226196,81.66683101654053,0.0,169.57370686531067
84,84,ppo,clip,gae,ALE/Seaquest-v5,atari,0,1,1.0,8400000,100000,52,52,4,1,667.6923076923077,105.84123423271916,1860.8461538461538,667.6923076923077,105.84123423271916,1860.8461538461538,-9.85264778137207e-09,-0.0013244195806980134,49.104651043701175,48.464277557373045,2.5497588967132567,0.0006793259099312127,nan,nan,0.05216000003695488,nan,0.5601116120815277,0.5677801072597504,89.40295338630676,81.13342237472534,0.0,170.53640723228455
85,85,ppo,clip,gae,ALE/Seaquest-v5,atari,0,1,1.0,8500000,100000,51,51,4,1,670.1960784313726,119.5660486284518,1864.4705882352941,670.1960784313726,119.5660486284518,1864.4705882352941,-5.456507205963135e-09,-0.0013443875753879548,46.7799355078125,45.65359777587891,2.5496240615081787,0.0005239709562249482,nan,nan,0.030740000015497208,nan,0.5809029936790466,0.5886313021183014,90.38701558113098,81.93068385124207,0.0,172.31773376464844
86,86,ppo,clip,gae,ALE/Seaquest-v5,atari,0,1,1.0,8600000,100000,52,52,4,1,668.8461538461538,115.98497658274286,1844.0384615384614,668.8461538461538,115.98497658274286,1844.0384615384614,1.3808012008666992e-08,-0.0003575967013835907,50.70177524230957,49.791054506835934,2.533155438156128,0.0011912090485170484,nan,nan,0.15161000002861022,nan,0.5513623356819153,0.5600291192531586,89.03581523895264,80.84648394584656,0.0,169.8823320865631
87,87,ppo,clip,gae,ALE/Seaquest-v5,atari,0,1,1.0,8700000,100000,50,50,4,1,697.6,124.1057613489398,1925.4,697.6,124.1057613489398,1925.4,-1.0059475898742676e-08,-0.001490898202061653,47.07893407104492,45.85787051391601,2.5326404403686524,0.0005584118523821235,nan,nan,0.03199999999523163,nan,0.5772973597049713,0.5872071087360382,89.836186170578,82.12345051765442,0.0,171.95967411994934
88,88,ppo,clip,gae,ALE/Seaquest-v5,atari,0,1,1.0,8800000,100000,52,52,4,1,659.6153846153846,111.66504753160984,1839.423076923077,659.6153846153846,111.66504753160984,1839.423076923077,-5.470514297485352e-09,-0.001245600928068161,48.55211637084961,48.10238754394531,2.517021940155029,0.000750304831340909,nan,nan,0.07102000004291534,nan,0.5755534768104553,0.581262856721878,87.57301163673401,81.01483273506165,0.0,168.58787751197815
89,89,ppo,clip,gae,ALE/Seaquest-v5,atari,0,1,1.0,8900000,100000,49,49,4,1,726.1224489795918,88.35956981377834,1995.5510204081634,726.1224489795918,88.35956981377834,1995.5510204081634,-1.6064345836639405e-08,-0.0015755592569708823,46.88509646362305,44.62034696899414,2.508238207702637,0.0005150049858540297,nan,nan,0.03138000002503395,nan,0.5994616150856018,0.6056305170059204,89.28850173950195,82.09081172943115,0.0,171.37934565544128
90,90,ppo,clip,gae,ALE/Seaquest-v5,atari,0,1,1.0,9000000,100000,49,49,4,1,722.4489795918367,118.67518029194694,1955.1224489795918,722.4489795918367,118.67518029194694,1955.1224489795918,-9.479522705078124e-09,-0.0012949956107139587,47.41365968139648,45.97746582885742,2.5150347941589355,0.0005040611264295876,nan,nan,0.021489999997615816,nan,0.5768672227859497,0.5848023295402527,88.8454487323761,81.21558260917664,0.0,170.06108808517456
91,91,ppo,clip,gae,ALE/Seaquest-v5,atari,0,1,1.0,9100000,100000,50,50,4,1,715.6,105.85197211200176,1947.6,715.6,105.85197211200176,1947.6,-7.408857345581054e-09,-0.0012312657284736634,46.59807831542969,45.02585642211914,2.5023476863861083,0.0006648843735642731,nan,nan,0.056790000040531155,nan,0.5943889915943146,0.6040480434894562,89.52073216438293,81.5545666217804,0.0,171.0753312110901
92,92,ppo,clip,gae,ALE/Seaquest-v5,atari,0,1,1.0,9200000,100000,50,50,4,1,708.8,122.45227641820304,1940.3,708.8,122.45227641820304,1940.3,2.682209014892578e-10,-0.0015282021802663804,46.337266740112305,46.12158360900879,2.499089413757324,0.0004442894266732037,nan,nan,0.021480000004768372,nan,0.5882586240768433,0.5949234962463379,89.64074087142944,81.16551685333252,0.0,170.8062915802002
93,93,ppo,clip,gae,ALE/Seaquest-v5,atari,0,1,1.0,9300000,100000,50,50,4,1,707.6,126.42088435064834,1933.74,707.6,126.42088435064834,1933.74,-7.2360038757324215e-09,-0.0013487028154730797,44.20416241455078,43.238342250976565,2.490225724334717,0.0003970510529633611,nan,nan,0.012989999996423722,nan,0.6175600588321686,0.6224187314510345,89.11062216758728,82.04861879348755,0.0,171.15927505493164
94,94,ppo,clip,gae,ALE/Seaquest-v5,atari,0,1,1.0,9400000,100000,50,50,4,1,719.2,115.44418564830366,1956.36,719.2,115.44418564830366,1956.36,-1.1914968490600586e-08,-0.0010153654909133912,43.90103920654297,43.491865686035155,2.4867718103027343,0.0007002596204727888,nan,nan,0.06535000007152557,nan,0.6052383482456207,0.6112893521785736,90.91472792625427,80.90335440635681,0.0,171.81812405586243
95,95,ppo,clip,gae,ALE/Seaquest-v5,atari,0,1,1.0,9500000,100000,47,47,4,1,752.7659574468086,97.14437878985214,2033.6808510638298,752.7659574468086,97.14437878985214,2033.6808510638298,-8.339881896972656e-09,-0.0014988478112220765,44.26112093994141,43.20043596069336,2.4760163793182373,0.0006764583403430879,nan,nan,0.05483999999165535,nan,0.60993292927742,0.6149134933948517,90.60306191444397,81.71787476539612,0.0,172.3209674358368
96,96,ppo,clip,gae,ALE/Seaquest-v5,atari,0,1,1.0,9600000,100000,49,49,4,1,701.2244897959183,118.45317085652111,1910.4897959183672,701.2244897959183,118.45317085652111,1910.4897959183672,1.2077093124389648e-08,-0.0012527540123462677,43.4394545288086,41.950207330322264,2.4738278813934325,0.00033618369830772283,nan,nan,0.015540000012516975,nan,0.6016266345977783,0.6143859624862671,88.85127687454224,81.06622815132141,0.0,169.91753935813904
97,97,ppo,clip,gae,ALE/Seaquest-v5,atari,0,1,1.0,9700000,100000,49,49,4,1,731.4285714285714,110.73041357186344,1969.204081632653,731.4285714285714,110.73041357186344,1969.204081632653,-3.0922889709472658e-09,-0.0008032224628329277,42.74304375244141,41.91978315185547,2.4780769063568115,0.0008117132584564388,nan,nan,0.09450000004529953,nan,0.6162768006324768,0.6236630082130432,88.49327611923218,81.61123585700989,0.0,170.10454678535461
98,98,ppo,clip,gae,ALE/Seaquest-v5,atari,0,1,1.0,9800000,100000,48,48,4,1,750.4166666666666,103.76171285958783,2022.2708333333333,750.4166666666666,103.76171285958783,2022.2708333333333,5.883872509002685e-09,-0.0009515817159414291,44.5903806262207,43.45852594482422,2.47583962059021,0.0005357440632395447,nan,nan,0.03891000003695488,nan,0.605644166469574,0.6158505380153656,90.30792760848999,80.84332323074341,0.0,171.15128421783447
99,99,ppo,clip,gae,ALE/Seaquest-v5,atari,0,1,1.0,9900000,100000,47,47,4,1,742.1276595744681,86.76052073582889,2020.0,742.1276595744681,86.76052073582889,2020.0,3.604888916015625e-09,-0.0008711074423789978,41.89834925292969,41.13285014038086,2.483606573638916,0.000577711277063936,nan,nan,0.050170000019073485,nan,0.6210728883743286,0.6278973519802094,89.74978375434875,82.26899027824402,0.0,172.0188193321228
100,100,ppo,clip,gae,ALE/Seaquest-v5,atari,0,1,1.0,10000000,100000,47,47,4,1,747.6595744680851,108.65155639107017,2013.340425531915,747.6595744680851,108.65155639107017,2013.340425531915,1.8459558486938475e-08,-0.001197990094423294,40.0312304309082,39.1764940838623,2.4852149208068846,0.0004631913137342781,nan,nan,0.03280000001311302,nan,0.6382109224796295,0.6446901857852936,89.04721117019653,80.9482831954956,0.0032625198364257812,169.99879097938538
101,101,ppo,clip,gae,ALE/Seaquest-v5,atari,0,1,1.0,10100000,100000,47,47,4,1,768.5106382978723,88.365265232401,2066.8936170212764,768.5106382978723,88.365265232401,2066.8936170212764,-1.0561943054199219e-08,-0.001230191593170166,39.33483949523926,38.76907295043945,2.480595223312378,0.00047098947572521866,nan,nan,0.025929999989271164,nan,0.6471118927001953,0.6525260508060455,89.11615920066833,82.07617592811584,0.0,171.19236612319946
102,102,ppo,clip,gae,ALE/Seaquest-v5,atari,0,1,1.0,10200000,100000,48,48,4,1,746.6666666666666,105.38289973024825,2023.625,746.6666666666666,105.38289973024825,2023.625,-5.0663948059082035e-09,-0.0013010391283035279,40.074551123046874,38.877130498046874,2.4675997705078125,0.0006292056784965098,nan,nan,0.05572,nan,0.6366083323955536,0.6451774537563324,88.75289130210876,81.14163279533386,0.0,169.89455819129944
103,103,ppo,clip,gae,ALE/Seaquest-v5,atari,0,1,1.0,10300000,100000,46,46,4,1,761.304347826087,95.13397179657781,2027.4782608695652,761.304347826087,95.13397179657781,2027.4782608695652,1.5002489089965821e-09,-0.0012940179175138474,41.473495487060546,40.41568404907227,2.4603714857482912,0.00044329192039556804,nan,nan,0.03019999999165535,nan,0.6397765874862671,0.6498271226882935,88.93325901031494,82.0436098575592,0.0,170.97690057754517
104,104,ppo,clip,gae,ALE/Seaquest-v5,atari,0,1,1.0,10400000,100000,47,47,4,1,759.1489361702128,86.43851060661297,2045.3191489361702,759.1489361702128,86.43851060661297,2045.3191489361702,2.701282501220703e-09,-0.0010861413192749024,40.19204712402344,39.494640698242186,2.4603770722961427,0.000375818009423092,nan,nan,0.01602000001192093,nan,0.6530773043632507,0.6618180572986603,88.76885056495667,81.20430898666382,0.0,169.97319197654724
105,105,ppo,clip,gae,ALE/Seaquest-v5,atari,0,1,1.0,10500000,100000,48,48,4,1,757.0833333333334,86.02224357042131,2019.8541666666667,757.0833333333334,86.02224357042131,2019.8541666666667,-6.247758865356445e-09,-0.0013224246490001678,40.69054601928711,38.474078843383786,2.4519692839050293,0.0005166346509754658,nan,nan,0.038059999985694884,nan,0.6489832103252411,0.6566384434700012,89.23633241653442,82.22794103622437,0.0,171.4643054008484
106,106,ppo,clip,gae,ALE/Seaquest-v5,atari,0,1,1.0,10600000,100000,49,49,4,1,722.4489795918367,110.33401259672134,1940.6122448979593,722.4489795918367,110.33401259672134,1940.6122448979593,-9.65118408203125e-09,-0.0005718715858459472,44.253146245117186,43.509685068359374,2.4557859576416017,0.000598863447662443,nan,nan,0.060410000009536745,nan,0.6137893497943878,0.619629442691803,89.74684762954712,81.14436292648315,0.0,170.89125847816467
107,107,ppo,clip,gae,ALE/Seaquest-v5,atari,0,1,1.0,10700000,100000,46,46,4,1,770.0,100.6716574249955,2040.6521739130435,770.0,100.6716574249955,2040.6521739130435,-6.390213966369629e-09,-0.0010072409848868847,42.19442188964844,40.75754423461914,2.46337134765625,0.000519838566109538,nan,nan,0.04802000000953675,nan,0.6386004388332367,0.6460529863834381,90.20773530006409,82.18091034889221,0.0,172.38867807388306
108,108,ppo,clip,gae,ALE/Seaquest-v5,atari,0,1,1.0,10800000,100000,48,48,4,1,765.4166666666666,98.04247237237996,2039.9791666666667,765.4166666666666,98.04247237237996,2039.9791666666667,-1.8656253814697265e-10,-0.0008996994650363922,41.205186440429685,40.67595576904297,2.4543099157714843,0.0006121389593556523,nan,nan,0.06438999996185303,nan,0.6395229697227478,0.6463143527507782,89.97131824493408,81.23484420776367,0.0,171.2061939239502
109,109,ppo,clip,gae,ALE/Seaquest-v5,atari,0,1,1.0,10900000,100000,50,50,4,1,722.4,109.07905390128758,1937.92,722.4,109.07905390128758,1937.92,2.0694732666015626e-09,-0.00111957750082016,44.568324622802734,43.63043453857422,2.4487854004669187,0.0005214407768845558,nan,nan,0.05270000004529953,nan,0.6068840622901917,0.6162656545639038,89.21846151351929,82.15771341323853,0.0,171.37620639801025
110,110,ppo,clip,gae,ALE/Seaquest-v5,atari,0,1,1.0,11000000,100000,47,47,4,1,749.7872340425532,93.06802274845492,2017.1702127659576,749.7872340425532,93.06802274845492,2017.1702127659576,3.0159950256347656e-09,-0.001311745581626892,41.942898963623044,40.461885906982424,2.443428300704956,0.00043337930929847064,nan,nan,0.03262000001311302,nan,0.6399341225624084,0.6491423845291138,89.99917364120483,81.01578426361084,0.0,171.0149896144867
111,111,ppo,clip,gae,ALE/Seaquest-v5,atari,0,1,1.0,11100000,100000,45,45,4,1,781.7777777777778,100.82523689563901,2082.9333333333334,781.7777777777778,100.82523689563901,2082.9333333333334,6.520748138427734e-10,-0.0008991250747442246,38.47951988769531,37.78555402770996,2.4495704808807375,0.0005631369689665734,nan,nan,0.05952000000476837,nan,0.6613683104515076,0.6670663058757782,89.70703458786011,82.14323854446411,0.0,171.8503065109253
112,112,ppo,clip,gae,ALE/Seaquest-v5,atari,0,1,1.0,11200000,100000,47,47,4,1,783.4042553191489,85.8815759536074,2059.9574468085107,783.4042553191489,85.8815759536074,2059.9574468085107,5.185604095458984e-10,-0.001199937913417816,36.7686530065918,36.22317815551758,2.443675877761841,0.0005624661116488278,nan,nan,0.059280000081062316,nan,0.6707028746604919,0.6757806539535522,89.85163426399231,80.58320236206055,0.0,170.43488669395447
113,113,ppo,clip,gae,ALE/Seaquest-v5,atari,0,1,1.0,11300000,100000,47,47,4,1,773.1914893617021,88.3201714985115,2057.2340425531916,773.1914893617021,88.3201714985115,2057.2340425531916,-8.694082498550415e-09,-0.0012872096526622772,38.41790938598633,37.62167890625,2.429877930755615,0.0004250789272598922,nan,nan,0.031880000001192094,nan,0.6645688414573669,0.6712585687637329,87.49409818649292,81.70424747467041,0.0,169.19837713241577
114,114,ppo,clip,gae,ALE/Seaquest-v5,atari,0,1,1.0,11400000,100000,48,48,4,1,757.5,100.30162843477002,2006.2916666666667,757.5,100.30162843477002,2006.2916666666667,1.0346472263336181e-08,-0.0011004239588975906,42.080153992919925,41.52372046264649,2.4377311740875243,0.0005231652948446572,nan,nan,0.04789999999880791,nan,0.6334659159183502,0.6391574442386627,89.29735851287842,80.88644933700562,0.0,170.18386316299438
115,115,ppo,clip,gae,ALE/Seaquest-v5,atari,0,1,1.0,11500000,100000,48,48,4,1,755.0,100.95378480605206,2011.1458333333333,755.0,100.95378480605206,2011.1458333333333,-3.3658742904663086e-09,-0.0011113818037509918,38.75183985900879,39.04455322143555,2.434250428390503,0.00028497896417975423,nan,nan,0.01186000001013279,nan,0.6587031483650208,0.6636342406272888,90.31232810020447,82.0988380908966,0.0,172.411199092865
116,116,ppo,clip,gae,ALE/Seaquest-v5,atari,0,1,1.0,11600000,100000,48,48,4,1,772.9166666666666,91.33177462173587,2036.2708333333333,772.9166666666666,91.33177462173587,2036.2708333333333,-9.286403656005859e-10,-0.0008528160947561264,39.88728979492188,37.44319486694336,2.442481800765991,0.0006816986325196922,nan,nan,0.08852000000715256,nan,0.6663349568843842,0.6710554659366608,88.94651126861572,81.61329507827759,0.0,170.55984115600586
117,117,ppo,clip,gae,ALE/Seaquest-v5,atari,0,1,1.0,11700000,100000,47,47,4,1,763.8297872340426,105.23637409123153,2013.340425531915,763.8297872340426,105.23637409123153,2013.340425531915,-9.41157341003418e-09,-0.0009870132994651793,40.4867816015625,39.80301581726074,2.4310448348999025,0.0007540878491289914,nan,nan,0.10506999999761582,nan,0.65001580119133,0.6553016602993011,90.04604172706604,82.19163823127747,0.0,172.23771381378174
118,118,ppo,clip,gae,ALE/Seaquest-v5,atari,0,1,1.0,11800000,100000,46,46,4,1,801.7391304347826,89.91068872536759,2099.5,801.7391304347826,89.91068872536759,2099.5,-2.8359889984130858e-09,-0.0009528775465488434,37.12227819213867,35.96868243286133,2.4318585568237303,0.0006495458986051381,nan,nan,0.08157000004768372,nan,0.6821123361587524,0.6918441951274872,89.39712977409363,81.2636513710022,0.0,170.6608166694641
119,119,ppo,clip,gae,ALE/Seaquest-v5,atari,0,1,1.0,11900000,100000,46,46,4,1,762.1739130434783,98.61900873912742,2005.2826086956522,762.1739130434783,98.61900873912742,2005.2826086956522,1.1440515518188477e-08,-0.0011337238883972168,42.702340966796875,41.14569148803711,2.4342355863189695,0.00047757401272654533,nan,nan,0.05676000002622605,nan,0.633881688117981,0.642225593328476,89.96174597740173,81.75925159454346,0.0,171.72103714942932
120,120,ppo,clip,gae,ALE/Seaquest-v5,atari,0,1,1.0,12000000,100000,47,47,4,1,782.5531914893617,90.54135260955397,2055.255319148936,782.5531914893617,90.54135260955397,2055.255319148936,9.353160858154297e-09,-0.0004262733888626099,37.15641418762207,36.1966911517334,2.4298251354980467,0.0006150839510560036,nan,nan,0.09164999997615814,nan,0.6681039035320282,0.6776827871799469,89.52470803260803,81.11167049407959,0.0,170.6364243030548
121,121,ppo,clip,gae,ALE/Seaquest-v5,atari,0,1,1.0,12100000,100000,48,48,4,1,780.4166666666666,90.41474652339014,2053.1875,780.4166666666666,90.41474652339014,2053.1875,7.724761962890625e-09,-0.0009954046177864074,38.69167863525391,38.4016837109375,2.4267823749542234,0.0005716321155242622,nan,nan,0.07421000000715255,nan,0.6622025668621063,0.6685040593147278,90.22046303749084,82.11005234718323,0.0,172.33054995536804
122,122,ppo,clip,gae,ALE/Seaquest-v5,atari,0,1,1.0,12200000,100000,44,44,4,1,823.1818181818181,73.60128232803135,2162.818181818182,823.1818181818181,73.60128232803135,2162.818181818182,-1.6736984252929687e-08,-0.001075426664352417,33.89725686035156,33.02213248901367,2.423329947280884,0.0003958050393406302,nan,nan,0.036239999984502794,nan,0.7073522210121155,0.7136611938476562,89.76135683059692,81.1832664012909,0.0,170.9446542263031
123,123,ppo,clip,gae,ALE/Seaquest-v5,atari,0,1,1.0,12300000,100000,47,47,4,1,781.7021276595744,92.69761292655585,2052.1702127659573,781.7021276595744,92.69761292655585,2052.1702127659573,-1.0638535022735596e-08,-0.001106842343211174,36.275999516601566,35.5454803503418,2.4227090002441405,0.0002702792549785227,nan,nan,0.014670000011920929,nan,0.6831547021865845,0.6890437602996826,88.99753451347351,82.0807113647461,0.0,171.07827877998352
124,124,ppo,clip,gae,ALE/Seaquest-v5,atari,0,1,1.0,12400000,100000,48,48,4,1,765.8333333333334,113.35477738302676,2021.8125,765.8333333333334,113.35477738302676,2021.8125,3.650188446044922e-09,-0.0012067201828956603,37.20659634399414,36.34960025878906,2.4196386643981933,0.00025163370126858353,nan,nan,0.015930000003278256,nan,0.6747458577156067,0.6823793351650238,89.28896188735962,80.93034863471985,0.0,170.21934485435486
125,125,ppo,clip,gae,ALE/Seaquest-v5,atari,0,1,1.0,12500000,100000,47,47,4,1,769.3617021276596,111.07605704276054,2047.4255319148936,769.3617021276596,111.07605704276054,2047.4255319148936,1.6987323760986327e-08,-0.0008176765632629395,36.53065472473145,35.57392930725098,2.4284138203430174,0.0006080532716028392,nan,nan,0.09362000004291535,nan,0.6952033042907715,0.7022771835327148,89.33248734474182,82.08995747566223,0.002879619598388672,171.4253580570221
126,126,ppo,clip,gae,ALE/Seaquest-v5,atari,0,1,1.0,12600000,100000,45,45,4,1,793.7777777777778,86.18555921547386,2064.911111111111,793.7777777777778,86.18555921547386,2064.911111111111,5.9276819229125975e-09,-0.0012551383358240127,39.15963163269043,37.996157431640626,2.4142456994628905,0.0004319489992316812,nan,nan,0.04726999998450279,nan,0.6643657386302948,0.6711580753326416,88.36475992202759,81.18191409111023,0.0,169.54670429229736
127,127,ppo,clip,gae,ALE/Seaquest-v5,atari,0,1,1.0,12700000,100000,45,45,4,1,802.6666666666666,88.80440429518247,2095.088888888889,802.6666666666666,88.80440429518247,2095.088888888889,7.861852645874023e-09,-0.0006826940527558327,32.918120266113284,32.40334360107422,2.4108768951416018,0.0006728210594691336,nan,nan,0.11067000009059906,nan,0.7130189538002014,0.7175617218017578,88.56315851211548,82.03299045562744,0.0,170.5961787700653
128,128,ppo,clip,gae,ALE/Seaquest-v5,atari,0,1,1.0,12800000,100000,46,46,4,1,792.6086956521739,89.47758482019503,2067.9565217391305,792.6086956521739,89.47758482019503,2067.9565217391305,-2.020597457885742e-09,-0.001450558396577835,36.960213977050785,35.8410145715332,2.4005984494781494,0.0004098368726857007,nan,nan,0.03977999999523163,nan,0.6765665709972382,0.6862569451332092,88.78489208221436,81.13129901885986,0.0,169.91624069213867
129,129,ppo,clip,gae,ALE/Seaquest-v5,atari,0,1,1.0,12900000,100000,45,45,4,1,807.5555555555555,85.7167312996206,2098.222222222222,807.5555555555555,85.7167312996206,2098.222222222222,-2.2292137145996095e-09,-0.0011693844920396806,33.62174820373535,33.17008678955078,2.3978756217956545,0.00045009584844112396,nan,nan,0.046260000005960464,nan,0.7004736959934235,0.7045024931430817,90.31095600128174,82.03396725654602,0.0,172.3449559211731
130,130,ppo,clip,gae,ALE/Seaquest-v5,atari,0,1,1.0,13000000,100000,46,46,4,1,804.3478260869565,85.86268547013695,2095.5434782608695,804.3478260869565,85.86268547013695,2095.5434782608695,-1.7820000648498536e-08,-0.0009309820210933685,36.52114975219727,36.263178916015626,2.3974535241699217,0.0005195955014415085,nan,nan,0.0789800000667572,nan,0.6907622218132019,0.6969573199748993,88.4989721775055,81.24306845664978,0.0,169.74207258224487
131,131,ppo,clip,gae,ALE/Seaquest-v5,atari,0,1,1.0,13100000,100000,47,47,4,1,802.5531914893617,89.31102919921429,2071.404255319149,802.5531914893617,89.31102919921429,2071.404255319149,7.347464561462403e-09,-0.001019248922765255,40.165674928588864,39.20384724914551,2.3843402142333985,0.00045655551438219844,nan,nan,0.05636000004768372,nan,0.6691557466983795,0.6760147213935852,89.90360283851624,81.9846019744873,0.0,171.88823986053467
132,132,ppo,clip,gae,ALE/Seaquest-v5,atari,0,1,1.0,13200000,100000,44,44,4,1,815.9090909090909,78.46012831710887,2106.7727272727275,815.9090909090909,78.46012831710887,2106.7727272727275,1.3542547821998597e-09,-0.0011836104597896338,35.41292882873535,34.87028249206543,2.381024635848999,0.00025190454763360324,nan,nan,0.014820000010728836,nan,0.7006005048751831,0.705173522233963,88.45023155212402,81.47235298156738,0.0,169.92262053489685
133,133,ppo,clip,gae,ALE/Seaquest-v5,atari,0,1,1.0,13300000,100000,46,46,4,1,805.2173913043479,80.80408756435376,2088.304347826087,805.2173913043479,80.80408756435376,2088.304347826087,1.1941194534301757e-08,-0.0011344795727729797,36.061153295898436,35.65234931762695,2.376753846206665,0.0004701223262399435,nan,nan,0.061150000014305116,nan,0.6923868060112,0.6971147954463959,89.01875853538513,81.80210375785828,0.0,170.820894241333
134,134,ppo,clip,gae,ALE/Seaquest-v5,atari,0,1,1.0,13400000,100000,47,47,4,1,782.1276595744681,99.03655396964285,2041.4255319148936,782.1276595744681,99.03655396964285,2041.4255319148936,3.5047531127929686e-09,-0.0008310995125770569,36.891426365966794,36.26420330078125,2.3805897213745117,0.00040652281526476144,nan,nan,0.054539999989271164,nan,0.6914633810520172,0.6966520249843597,88.72738361358643,81.31703019142151,0.0,170.04444432258606
135,135,ppo,clip,gae,ALE/Seaquest-v5,atari,0,1,1.0,13500000,100000,45,45,4,1,804.8888888888889,83.92118583587083,2096.311111111111,804.8888888888889,83.92118583587083,2096.311111111111,1.4548376202583313e-09,-0.000792757368683815,38.697882041625974,37.51902468811035,2.3832438496398924,0.0005133822600916028,nan,nan,0.08835999996185302,nan,0.6833617687225342,0.690060019493103,89.62990546226501,82.02261018753052,0.0,171.65254664421082
136,136,ppo,clip,gae,ALE/Seaquest-v5,atari,0,1,1.0,13600000,100000,47,47,4,1,784.6808510638298,112.85183402067014,2043.4255319148936,784.6808510638298,112.85183402067014,2043.4255319148936,-8.598864078521729e-09,-0.0012306233263015747,37.83922047851563,36.79395980834961,2.3793783405303954,0.00025195676329545675,nan,nan,0.02288000000536442,nan,0.6772390007972717,0.6869610548019409,88.57149767875671,80.90626788139343,0.0,169.47779822349548
137,137,ppo,clip,gae,ALE/Seaquest-v5,atari,0,1,1.0,13700000,100000,45,45,4,1,814.2222222222222,91.27464997684221,2094.5333333333333,814.2222222222222,91.27464997684221,2094.5333333333333,-5.759000778198242e-09,-0.0009742961283028125,38.24829288574219,36.43718787475586,2.377003903427124,0.00035938367689959704,nan,nan,0.04882000003099442,nan,0.6851850152015686,0.6941370069980621,88.51069450378418,82.21628427505493,0.0,170.72701025009155
138,138,ppo,clip,gae,ALE/Seaquest-v5,atari,0,1,1.0,13800000,100000,46,46,4,1,818.695652173913,73.35466837496273,2114.217391304348,818.695652173913,73.35466837496273,2114.217391304348,2.872943878173828e-09,-0.00098315922498703,35.28458750610351,34.86835497802734,2.3796891188049316,0.0002934396112151444,nan,nan,0.024049999998807907,nan,0.7059513926506042,0.7122918665409088,88.69131803512573,81.212327003479,0.0,169.90368056297302
139,139,ppo,clip,gae,ALE/Seaquest-v5,atari,0,1,1.0,13900000,100000,44,44,4,1,830.4545454545455,73.29748059215287,2138.2272727272725,830.4545454545455,73.29748059215287,2138.2272727272725,-2.256631851196289e-09,-0.0009581913888454437,33.689066115112304,32.87916403442383,2.38666563621521,0.0003752984928060323,nan,nan,0.04602000001072883,nan,0.7191702723503113,0.7246611714363098,87.77311444282532,82.05437016487122,0.0,169.82751989364624
140,140,ppo,clip,gae,ALE/Seaquest-v5,atari,0,1,1.0,14000000,100000,46,46,4,1,804.3478260869565,81.0703444925681,2092.8260869565215,804.3478260869565,81.0703444925681,2092.8260869565215,-9.301900863647461e-09,-0.0006140566468238831,36.64575622070313,35.83881403076172,2.3876699937438963,0.00048781061651185153,nan,nan,0.07631000004529953,nan,0.6825476288795471,0.6900582313537598,89.06096816062927,80.93980932235718,0.0,170.00081038475037
141,141,ppo,clip,gae,ALE/Seaquest-v5,atari,0,1,1.0,14100000,100000,45,45,4,1,827.5555555555555,72.45398710156385,2115.1111111111113,827.5555555555555,72.45398710156385,2115.1111111111113,-5.7631731033325194e-09,-0.0003232452690601349,35.3887553515625,34.63190867919922,2.399088798675537,0.0006605397149734199,nan,nan,0.14050000001430513,nan,0.6922470927238464,0.6987979412078857,89.9477026462555,82.1830050945282,0.0,172.1307408809662
142,142,ppo,clip,gae,ALE/Seaquest-v5,atari,0,1,1.0,14200000,100000,46,46,4,1,804.3478260869565,92.30507485019547,2077.086956521739,804.3478260869565,92.30507485019547,2077.086956521739,-2.4347007274627687e-09,-0.0010659399843215942,36.787343671875,35.75452336547851,2.403606915740967,0.00031900528245605526,nan,nan,0.03161000002503395,nan,0.6854963898658752,0.6924333572387695,89.01895785331726,81.27232837677002,0.0,170.29132056236267
143,143,ppo,clip,gae,ALE/Seaquest-v5,atari,0,1,1.0,14300000,100000,47,47,4,1,800.0,92.16082150934092,2063.2340425531916,800.0,92.16082150934092,2063.2340425531916,6.334781646728516e-09,-0.0010731376886367798,40.03625686157226,39.397060141601564,2.4047164123535154,0.0002505955515289679,nan,nan,0.027509999998807908,nan,0.6626221239566803,0.6671328544616699,88.88025403022766,82.47602272033691,0.0,171.35631251335144
144,144,ppo,clip,gae,ALE/Seaquest-v5,atari,0,1,1.0,14400000,100000,46,46,4,1,821.304347826087,74.87986597826212,2103.695652173913,821.304347826087,74.87986597826212,2103.695652173913,7.897615432739258e-09,-0.00026378854036331176,35.3335761895752,33.71478970153809,2.40783990814209,0.000619553294647485,nan,nan,0.12920000014305114,nan,0.7111708521842957,0.7227885723114014,89.05995583534241,81.60245442390442,0.0,170.66244435310364
145,145,ppo,clip,gae,ALE/Seaquest-v5,atari,0,1,1.0,14500000,100000,45,45,4,1,814.6666666666666,109.65805437307782,2085.6222222222223,814.6666666666666,109.65805437307782,2085.6222222222223,-1.526355743408203e-08,-0.0008737839555740356,40.86658186523437,40.15429491210938,2.3970291624450684,0.00043252833259291946,nan,nan,0.07344000006198884,nan,0.6632902324199677,0.6704902946949005,89.46341490745544,82.13395500183105,0.0,171.59740138053894
146,146,ppo,clip,gae,ALE/Seaquest-v5,atari,0,1,1.0,14600000,100000,47,47,4,1,800.8510638297872,87.02725880701983,2048.2978723404253,800.8510638297872,87.02725880701983,2048.2978723404253,-4.265308380126953e-09,6.218112468719482e-05,41.35495839599609,39.694683968505856,2.3933285522460936,0.0007542874560691416,nan,nan,0.17722000009536742,nan,0.6629096269607544,0.6724739968776703,88.63418412208557,81.42196249961853,0.0,170.05618262290955
147,147,ppo,clip,gae,ALE/Seaquest-v5,atari,0,1,1.0,14700000,100000,49,49,4,1,785.3061224489796,97.4596104896861,1993.3061224489795,785.3061224489796,97.4596104896861,1993.3061224489795,3.1530857086181642e-09,-0.0011754811578989029,44.50779971435547,43.34828761352539,2.379840034866333,0.00035301279549486935,nan,nan,0.04971999997854233,nan,0.6415906250476837,0.6500271856784821,89.37491941452026,82.04179406166077,0.0,171.4167513847351
148,148,ppo,clip,gae,ALE/Seaquest-v5,atari,0,1,1.0,14800000,100000,48,48,4,1,792.0833333333334,86.76977040165288,2020.8958333333333,792.0833333333334,86.76977040165288,2020.8958333333333,-1.36566162109375e-08,-0.0009504088926315308,42.42157297119141,41.79467633789063,2.381464956588745,0.00041461975215934216,nan,nan,0.06851000007152558,nan,0.6511262953281403,0.6573433578014374,88.90469098091125,80.80314564704895,0.0,169.70787501335144
149,149,ppo,clip,gae,ALE/Seaquest-v5,atari,0,1,1.0,14900000,100000,46,46,4,1,805.6521739130435,94.05484463663701,2052.2608695652175,805.6521739130435,94.05484463663701,2052.2608695652175,1.3899803161621094e-09,-0.0007807327294349671,42.50934076660156,41.62665752319336,2.3908491535186767,0.0003410857512429357,nan,nan,0.04856000000357628,nan,0.6666572690010071,0.6739795207977295,88.0374596118927,81.95141959190369,0.0,169.98891258239746
150,150,ppo,clip,gae,ALE/Seaquest-v5,atari,0,1,1.0,15000000,100000,48,48,4,1,787.9166666666666,87.43946318580771,2013.75,787.9166666666666,87.43946318580771,2013.75,6.499290466308594e-09,-0.0010648853743076324,45.79126381347656,44.775729693603516,2.3844360413360595,0.00020531668664887546,nan,nan,0.022619999998211862,nan,0.6349496245384216,0.6431865394115448,87.08581805229187,80.75247883796692,0.002984762191772461,167.84131407737732
151,151,ppo,clip,gae,ALE/Seaquest-v5,atari,0,1,1.0,15100000,100000,48,48,4,1,802.0833333333334,121.12249882751851,2011.2291666666667,802.0833333333334,121.12249882751851,2011.2291666666667,3.650188446044922e-09,-0.0006269554471969605,46.515927159423825,44.53742835144043,2.3855547301483155,0.00039681896341964604,nan,nan,0.07527999997854233,nan,0.6407713294029236,0.6509753465652466,87.59733939170837,82.32218432426453,0.0,169.9195637702942
152,152,ppo,clip,gae,ALE/Seaquest-v5,atari,0,1,1.0,15200000,100000,48,48,4,1,782.9166666666666,103.76171285958783,1982.0208333333333,782.9166666666666,103.76171285958783,1982.0208333333333,3.740787506103515e-09,-0.0009472171425819397,48.179626961669925,45.894061337890626,2.3806030174255373,0.0002867529150564223,nan,nan,0.04100999997854233,nan,0.6407487690448761,0.6504297256469727,88.80482530593872,81.25326561927795,0.0,170.0581250190735
153,153,ppo,clip,gae,ALE/Seaquest-v5,atari,0,1,1.0,15300000,100000,48,48,4,1,800.8333333333334,97.37884210078126,2026.8958333333333,800.8333333333334,97.37884210078126,2026.8958333333333,4.101991653442383e-09,-0.0009858442866802215,49.617118669433594,49.09423591796875,2.3760133057403565,0.0002621817317325622,nan,nan,0.034600000009536745,nan,0.6122099161148071,0.619001030921936,90.39160990715027,82.16723895072937,0.0,172.55889701843262
154,154,ppo,clip,gae,ALE/Seaquest-v5,atari,0,1,1.0,15400000,100000,48,48,4,1,789.5833333333334,109.23900275186615,1989.1041666666667,789.5833333333334,109.23900275186615,1989.1041666666667,-1.93476676940918e-09,-0.0009282871687412261,46.862019879760744,45.80886583557129,2.381130439682007,0.0002421907724486664,nan,nan,0.03421999998450279,nan,0.626737117767334,0.635116308927536,88.71852350234985,81.37775468826294,0.0,170.09630942344666
155,155,ppo,clip,gae,ALE/Seaquest-v5,atari,0,1,1.0,15500000,100000,48,48,4,1,796.6666666666666,97.75252199076786,2014.5833333333333,796.6666666666666,97.75252199076786,2014.5833333333333,-1.0287761688232422e-08,-0.0009244891238212585,41.334836967773434,40.88974750976563,2.3844265605926513,0.00033915842064656315,nan,nan,0.05461000002384186,nan,0.6698994338512421,0.6764667928218842,89.44120931625366,82.04488587379456,0.0,171.48614168167114
156,156,ppo,clip,gae,ALE/Seaquest-v5,atari,0,1,1.0,15600000,100000,48,48,4,1,807.0833333333334,93.49595208112251,2028.5416666666667,807.0833333333334,93.49595208112251,2028.5416666666667,-2.6059150695800782e-09,-0.0011074801242351533,46.20711823730469,44.65371264282226,2.382769095687866,0.0002446275852294639,nan,nan,0.02964999998450279,nan,0.6381771564483643,0.6457709968090057,89.98302698135376,81.49240732192993,0.0,171.47547793388367
157,157,ppo,clip,gae,ALE/Seaquest-v5,atari,0,1,1.0,15700000,100000,47,47,4,1,806.8085106382979,106.0932224153016,2029.340425531915,806.8085106382979,106.0932224153016,2029.340425531915,-9.44375991821289e-09,-0.0010887367630004882,46.96188767578125,46.075425598144534,2.3731653813934326,0.0002539361950289458,nan,nan,0.029120000015497208,nan,0.632429301738739,0.6410305798053741,88.14135503768921,81.39672780036926,0.0,169.53813338279724
158,158,ppo,clip,gae,ALE/Seaquest-v5,atari,0,1,1.0,15800000,100000,47,47,4,1,800.0,86.24556726197831,2021.9574468085107,800.0,86.24556726197831,2021.9574468085107,-7.91560858488083e-09,-0.0007828520883247256,43.539151954345705,42.60352578857422,2.378096190338135,0.00027482390365563333,nan,nan,0.050810000002384184,nan,0.6541630625724792,0.6604987680912018,89.22405815124512,81.30592608451843,0.0,170.53001642227173
159,159,ppo,clip,gae,ALE/Seaquest-v5,atari,0,1,1.0,15900000,100000,46,46,4,1,834.3478260869565,82.95237433803555,2091.8260869565215,834.3478260869565,82.95237433803555,2091.8260869565215,-6.437301635742188e-10,-0.0008960676681995392,44.73005596801758,43.72652827392578,2.38745768119812,0.0002562713299598545,nan,nan,0.036239999984502794,nan,0.6574547290802002,0.6644438207149506,90.13856101036072,82.3095154762268,0.0,172.44812059402466
160,160,ppo,clip,gae,ALE/Seaquest-v5,atari,0,1,1.0,16000000,100000,46,46,4,1,816.5217391304348,99.85244311971253,2059.3260869565215,816.5217391304348,99.85244311971253,2059.3260869565215,1.3207197189331055e-08,-0.0009078832697868348,48.468853987426755,47.793663951416015,2.3849480223846435,0.00029150045468471944,nan,nan,0.049759999997615816,nan,0.6275890469551086,0.6320692300796509,89.81395483016968,81.11985397338867,0.0,170.9338412284851
161,161,ppo,clip,gae,ALE/Seaquest-v5,atari,0,1,1.0,16100000,100000,47,47,4,1,827.6595744680851,87.08549885289295,2065.5106382978724,827.6595744680851,87.08549885289295,2065.5106382978724,-1.3952255249023438e-08,0.0011920029556751251,43.40804011352539,42.44733696899414,2.3879113526153564,0.0008647120649181307,nan,nan,0.24857000007629396,nan,0.6640818119049072,0.6713907122612,89.62439250946045,81.93243193626404,0.0,171.5568563938141
162,162,ppo,clip,gae,ALE/Seaquest-v5,atari,0,1,1.0,16200000,100000,48,48,4,1,784.5833333333334,130.52710978524306,1966.9583333333333,784.5833333333334,130.52710978524306,1966.9583333333333,-5.624294281005859e-09,-0.0008914240646362304,49.575640458984374,47.84916551513672,2.398725202178955,0.0002828487981110811,nan,nan,0.0554700000166893,nan,0.6159943640232086,0.6263339221477509,89.25022959709167,81.43236780166626,0.0,170.68262934684753
163,163,ppo,clip,gae,ALE/Seaquest-v5,atari,0,1,1.0,16300000,100000,49,49,4,1,793.0612244897959,114.75269027361074,1978.6734693877552,793.0612244897959,114.75269027361074,1978.6734693877552,-1.5789270401000976e-09,-0.000583611911535263,48.1282732800293,47.19287743774414,2.392913485107422,0.00035866083672270177,nan,nan,0.08236000005245209,nan,0.6379353404045105,0.6475989818572998,89.1998040676117,81.40512490272522,0.0,170.60497522354126
164,164,ppo,clip,gae,ALE/Seaquest-v5,atari,0,1,1.0,16400000,100000,48,48,4,1,818.3333333333334,96.24909811987273,2014.4166666666667,818.3333333333334,96.24909811987273,2014.4166666666667,8.696317672729492e-09,-0.00040051552712917326,51.61197093017578,49.25362428833008,2.394077366104126,0.0004310598972719163,nan,nan,0.1083000000333786,nan,0.6229013800621033,0.6303790211677551,88.44690036773682,81.25880718231201,0.0,169.7057409286499
165,165,ppo,clip,gae,ALE/Seaquest-v5,atari,0,1,1.0,16500000,100000,45,45,4,1,849.3333333333334,89.79977728257458,2095.5333333333333,849.3333333333334,89.79977728257458,2095.5333333333333,-3.2973289489746094e-09,-0.0009794897520542145,45.94895385009766,44.92789819458008,2.3943748474884035,0.0002755264432542026,nan,nan,0.052750000029802326,nan,0.6476354897022247,0.6560414433479309,89.31385493278503,82.09282755851746,0.0,171.40671372413635
166,166,ppo,clip,gae,ALE/Seaquest-v5,atari,0,1,1.0,16600000,100000,48,48,4,1,815.8333333333334,83.86083048055802,2015.7083333333333,815.8333333333334,83.86083048055802,2015.7083333333333,-1.7180293798446654e-09,-0.0010785998061299323,47.94444342956543,46.1902412701416,2.3853804579925537,0.00019780839020851998,nan,nan,0.031409999992847444,nan,0.619709312915802,0.6336233913898468,89.27984094619751,80.48801612854004,0.0,169.76788997650146
167,167,ppo,clip,gae,ALE/Seaquest-v5,atari,0,1,1.0,16700000,100000,47,47,4,1,822.1276595744681,85.27642587149174,2031.723404255319,822.1276595744681,85.27642587149174,2031.723404255319,3.0589103698730467e-09,-0.0011031896090507507,47.09918991333008,46.13218601257324,2.3812635301971437,0.00018866118444129824,nan,nan,0.026010000014305115,nan,0.6354182362556458,0.6433262526988983,89.67482328414917,81.6411509513855,0.0,171.31600785255432
168,168,ppo,clip,gae,ALE/Seaquest-v5,atari,0,1,1.0,16800000,100000,49,49,4,1,804.0816326530612,94.84505876873422,1969.6938775510205,804.0816326530612,94.84505876873422,1969.6938775510205,1.279592514038086e-08,-0.00013301568746566773,53.27020641235352,51.50207089355469,2.378240241317749,0.0005822816921770572,nan,nan,0.19639000015735628,nan,0.6232095956802368,0.6372675895690918,87.11979508399963,80.61077165603638,0.0,167.73060297966003
169,169,ppo,clip,gae,ALE/Seaquest-v5,atari,0,1,1.0,16900000,100000,50,50,4,1,792.0,121.58947322856531,1914.44,792.0,121.58947322856531,1914.44,7.743909955024719e-09,-0.0005954284533113241,62.59353073486328,59.77941609375,2.3746307930755615,0.0003276791193429381,nan,nan,0.07997999995708466,nan,0.5665549337863922,0.5792379975318909,89.06604433059692,81.38233637809753,0.0,170.4484143257141
170,170,ppo,clip,gae,ALE/Seaquest-v5,atari,0,1,1.0,17000000,100000,52,52,4,1,766.9230769230769,108.40696936044822,1877.4423076923076,766.9230769230769,108.40696936044822,1877.4423076923076,7.724761962890625e-10,-0.0009401126217842102,64.28911682006836,61.48817268188476,2.3618901110076904,0.0003506745961215347,nan,nan,0.09905000004053116,nan,0.5534813702106476,0.566604733467102,89.73146772384644,81.42622494697571,0.0,171.1577217578888
171,171,ppo,clip,gae,ALE/Seaquest-v5,atari,0,1,1.0,17100000,100000,51,51,4,1,801.1764705882352,108.63948400826683,1906.5098039215686,801.1764705882352,108.63948400826683,1906.5098039215686,2.716779708862305e-09,-0.0010700853419303893,69.95402493164063,66.95148078125,2.363471273803711,0.00017743685842026025,nan,nan,0.02873000000715256,nan,0.542762964963913,0.5547799170017242,88.85872316360474,81.97193002700806,0.0,170.8306860923767
172,172,ppo,clip,gae,ALE/Seaquest-v5,atari,0,1,1.0,17200000,100000,49,49,4,1,803.6734693877551,114.0478574367907,1928.6122448979593,803.6734693877551,114.0478574367907,1928.6122448979593,-1.3008341193199157e-08,-0.0008640609169565141,68.49965697998047,67.19234411376954,2.354583829345703,0.00023923737951088696,nan,nan,0.054960000002384185,nan,0.5562466084957123,0.5675463378429413,88.98277592658997,81.34818840026855,0.0,170.33099508285522
173,173,ppo,clip,gae,ALE/Seaquest-v5,atari,0,1,1.0,17300000,100000,51,51,4,1,786.6666666666666,139.6728203052625,1902.6470588235295,786.6666666666666,139.6728203052625,1902.6470588235295,1.3227462768554688e-08,-0.0009324033880233765,66.56943563842773,63.71453456054687,2.3658254901885987,0.00016993835964705794,nan,nan,0.024160000005960466,nan,0.54176065325737,0.553421825170517,89.98194980621338,82.28681254386902,0.0,172.26879501342773
174,174,ppo,clip,gae,ALE/Seaquest-v5,atari,0,1,1.0,17400000,100000,51,51,4,1,789.4117647058823,112.04711482239543,1887.8823529411766,789.4117647058823,112.04711482239543,1887.8823529411766,9.164810180664063e-09,-0.0009422175478935241,64.32504900634765,63.000743995361326,2.3665717307281495,0.00022298978622071444,nan,nan,0.05143000002861023,nan,0.5614083111286163,0.5724162757396698,90.8044605255127,81.23180961608887,0.0,172.036301612854
175,175,ppo,clip,gae,ALE/Seaquest-v5,atari,0,1,1.0,17500000,100000,49,49,4,1,821.2244897959183,117.90055742474767,1949.2244897959183,821.2244897959183,117.90055742474767,1949.2244897959183,-1.2822151184082032e-08,-0.000946537172794342,67.52744268066407,64.88077123657227,2.3713842599487305,0.00019192966714501382,nan,nan,0.03760000001788139,nan,0.5525893270969391,0.5651451945304871,89.67369055747986,81.91764259338379,0.004035234451293945,171.5954029560089
176,176,ppo,clip,gae,ALE/Seaquest-v5,atari,0,1,1.0,17600000,100000,53,53,4,1,756.9811320754717,118.50618813012888,1820.245283018868,756.9811320754717,118.50618813012888,1820.245283018868,2.7680397033691408e-09,-0.0006213446927070618,70.24807653076172,68.31617887939453,2.365545437011719,0.0003388049661181867,nan,nan,0.1053200000834465,nan,0.546015590429306,0.5581302046775818,90.5196602344513,81.08801460266113,0.0,171.60770893096924
177,177,ppo,clip,gae,ALE/Seaquest-v5,atari,0,1,1.0,17700000,100000,54,54,4,1,750.7407407407408,122.18461823316647,1775.462962962963,750.7407407407408,122.18461823316647,1775.462962962963,-2.8228759765625e-09,-0.0009855055236816406,80.57842392578125,78.7613437475586,2.3633482621765136,0.00019205461740493774,nan,nan,0.03882000001788139,nan,0.4994288682937622,0.5105016827583313,89.03036975860596,82.35506892204285,0.0,171.38549041748047
178,178,ppo,clip,gae,ALE/Seaquest-v5,atari,0,1,1.0,17800000,100000,54,54,4,1,756.2962962962963,139.26122930048612,1797.7962962962963,756.2962962962963,139.26122930048612,1797.7962962962963,2.8600171208381654e-09,-0.0009082112410664559,73.60331034667969,72.69074845825196,2.364641603317261,0.00017829371933825313,nan,nan,0.036460000009536746,nan,0.5365799069404602,0.5435089766979218,90.34131145477295,80.8425464630127,0.0,171.1839039325714
179,179,ppo,clip,gae,ALE/Seaquest-v5,atari,0,1,1.0,17900000,100000,52,52,4,1,768.8461538461538,134.13044520674993,1804.0,768.8461538461538,134.13044520674993,1804.0,8.684992790222168e-09,-0.0009310167074203491,75.89750408691407,73.80341193969727,2.364164635848999,0.00014666608560364694,nan,nan,0.029310000014305115,nan,0.5179280638694763,0.5264181196689606,87.96263384819031,81.89245247840881,0.0,169.8551185131073
180,180,ppo,clip,gae,ALE/Seaquest-v5,atari,0,1,1.0,18000000,100000,53,53,4,1,771.6981132075472,132.74654313171828,1812.4528301886792,771.6981132075472,132.74654313171828,1812.4528301886792,-6.759166717529297e-09,-0.000452465934753418,81.25204408569336,80.3545014428711,2.3621441082763672,0.0003589155053533614,nan,nan,0.12623000002384185,nan,0.49032413959503174,0.49811094999313354,88.35818409919739,80.96112751960754,0.0,169.31934452056885
181,181,ppo,clip,gae,ALE/Seaquest-v5,atari,0,1,1.0,18100000,100000,52,52,4,1,796.9230769230769,110.82797587561721,1845.5384615384614,796.9230769230769,110.82797587561721,1845.5384615384614,-7.161200046539307e-09,-0.000934778166115284,82.49263839355469,79.44557678710937,2.355615446395874,0.0002718510508816689,nan,nan,0.08019999999761582,nan,0.5170840322971344,0.5276831984519958,90.26436519622803,82.31354284286499,0.0,172.57794857025146
182,182,ppo,clip,gae,ALE/Seaquest-v5,atari,0,1,1.0,18200000,100000,53,53,4,1,782.2641509433962,145.24723891681504,1825.301886792453,782.2641509433962,145.24723891681504,1825.301886792453,8.505582809448242e-09,-0.0009642641067504883,83.15413037597656,81.42552084472656,2.360519370727539,0.00019187517021782696,nan,nan,0.047550000035762784,nan,0.4974476099014282,0.5078652799129486,90.26570224761963,81.39901971817017,0.0,171.6647539138794
183,183,ppo,clip,gae,ALE/Seaquest-v5,atari,0,1,1.0,18300000,100000,51,51,4,1,802.3529411764706,130.31768476280462,1845.3725490196077,802.3529411764706,130.31768476280462,1845.3725490196077,-1.430511474609375e-10,-0.0010771649646759034,79.52057192626953,77.89177207763672,2.3547773430633545,0.00015281293537467718,nan,nan,0.02738000004053116,nan,0.512077808380127,0.5185093581676483,89.82824802398682,82.03445386886597,0.0,171.86273312568665
184,184,ppo,clip,gae,ALE/Seaquest-v5,atari,0,1,1.0,18400000,100000,55,55,4,1,758.9090909090909,133.56200776177099,1776.8363636363636,758.9090909090909,133.56200776177099,1776.8363636363636,3.362894058227539e-09,-0.0007322882211208343,85.13783693847657,82.09006817382813,2.35452934173584,0.00021413800063543021,nan,nan,0.060790000014305116,nan,0.5109444260597229,0.5230617225170135,89.1166319847107,81.05338406562805,0.0,170.1700518131256
185,185,ppo,clip,gae,ALE/Seaquest-v5,atari,0,1,1.0,18500000,100000,57,57,4,1,743.1578947368421,136.87179165172725,1711.2280701754387,743.1578947368421,136.87179165172725,1711.2280701754387,6.82830810546875e-09,-0.0008387736892700195,91.67692990234374,89.32640017089844,2.3493075394439695,0.00018930890792515128,nan,nan,0.05448000002145767,nan,0.4607126712799072,0.4750714898109436,90.76784181594849,82.12633776664734,0.0,172.89423203468323
186,186,ppo,clip,gae,ALE/Seaquest-v5,atari,0,1,1.0,18600000,100000,54,54,4,1,782.5925925925926,134.60759410068496,1784.3703703703704,782.5925925925926,134.60759410068496,1784.3703703703704,1.0961294174194336e-08,-0.0009385064625740051,83.71363204589844,81.84580748779297,2.3425272814941405,0.00022145646748133004,nan,nan,0.06948000004291534,nan,0.5099206864833832,0.5221534967422485,89.21005153656006,81.36524295806885,0.0,170.5753264427185
187,187,ppo,clip,gae,ALE/Seaquest-v5,atari,0,1,1.0,18700000,100000,54,54,4,1,794.4444444444445,145.41978400563974,1785.611111111111,794.4444444444445,145.41978400563974,1785.611111111111,-1.0081529617309571e-08,-0.0002572661429643631,93.49648482421875,90.7281104321289,2.343207679977417,0.00041263099308125675,nan,nan,0.1876400000190735,nan,0.4892355799674988,0.4997541308403015,87.89475679397583,82.02804946899414,0.0,169.92283940315247
188,188,ppo,clip,gae,ALE/Seaquest-v5,atari,0,1,1.0,18800000,100000,55,55,4,1,787.6363636363636,162.45797930948885,1757.0,787.6363636363636,162.45797930948885,1757.0,2.079010009765625e-09,-0.0007023674154281617,112.94065817871093,109.024096015625,2.3435946425628664,0.00026175796178169546,nan,nan,0.08874999999046326,nan,0.4315612316131592,0.45005398988723755,88.95374274253845,81.01584076881409,0.0,169.96962356567383
189,189,ppo,clip,gae,ALE/Seaquest-v5,atari,0,1,1.0,18900000,100000,54,54,4,1,785.5555555555555,137.6746926187029,1772.7222222222222,785.5555555555555,137.6746926187029,1772.7222222222222,7.253885269165039e-10,-0.0003416792634129524,102.81912820800781,101.1300573461914,2.3396613441467284,0.0002908799081854522,nan,nan,0.11260000000238418,nan,0.4633188247680664,0.47210729122161865,88.50911951065063,82.67013764381409,0.0,171.1792905330658
190,190,ppo,clip,gae,ALE/Seaquest-v5,atari,0,1,1.0,19000000,100000,58,58,4,1,757.9310344827586,147.9370628142328,1691.7068965517242,757.9310344827586,147.9370628142328,1691.7068965517242,1.2860298156738282e-08,-0.0008357936465740204,104.48747125732422,102.81012091552735,2.3348955699920655,0.00014902257390320302,nan,nan,0.04067000003218651,nan,0.440828800201416,0.4500136375427246,89.2302131652832,81.12014985084534,0.0,170.35039710998535
191,191,ppo,clip,gae,ALE/Seaquest-v5,atari,0,1,1.0,19100000,100000,59,59,4,1,742.7118644067797,146.7134935214541,1649.677966101695,742.7118644067797,146.7134935214541,1649.677966101695,1.3399124145507812e-09,-0.0010782799625396729,109.28334069335938,107.65122756835937,2.331188380050659,0.00015469246658030898,nan,nan,0.04541000004053116,nan,0.44350600242614746,0.45173054933547974,87.83486008644104,82.02775073051453,0.0,169.86264157295227
192,192,ppo,clip,gae,ALE/Seaquest-v5,atari,0,1,1.0,19200000,100000,57,57,4,1,784.561403508772,182.3056059173918,1712.9649122807018,784.561403508772,182.3056059173918,1712.9649122807018,3.1995773315429687e-09,-0.000898819934129715,108.33246625488282,106.02436624023437,2.331072425689697,0.00015014443554915488,nan,nan,0.047820000022649765,nan,0.4570361375808716,0.4669344425201416,88.63246893882751,81.56202030181885,0.0,170.19452261924744
193,193,ppo,clip,gae,ALE/Seaquest-v5,atari,0,1,1.0,19300000,100000,59,59,4,1,743.3898305084746,156.32007764916975,1645.5084745762713,743.3898305084746,156.32007764916975,1645.5084745762713,9.126663208007813e-09,-0.0006614115929603577,111.61944502197265,107.39491315185546,2.3286801607513428,0.00017577033636625856,nan,nan,0.060350000030994416,nan,0.4377804398536682,0.45458507537841797,88.60480046272278,82.1679756641388,0.0,170.77280855178833
194,194,ppo,clip,gae,ALE/Seaquest-v5,atari,0,1,1.0,19400000,100000,58,58,4,1,752.7586206896551,161.10387635748512,1641.2413793103449,752.7586206896551,161.10387635748512,1641.2413793103449,1.6307830810546874e-09,-0.0006511515045166016,120.10294337890625,115.356767421875,2.3201881452941895,0.00025181543641723694,nan,nan,0.10479000008344651,nan,0.4262685179710388,0.4420980215072632,88.3531482219696,81.21732831001282,0.0,169.57051038742065
195,195,ppo,clip,gae,ALE/Seaquest-v5,atari,0,1,1.0,19500000,100000,58,58,4,1,784.4827586206897,165.55207966692893,1706.9310344827586,784.4827586206897,165.55207966692893,1706.9310344827586,-3.4527480602264404e-09,-0.0008345559501647949,108.70086003417968,106.30094660644531,2.3225115841674806,0.00021402385545428841,nan,nan,0.08144000006198883,nan,0.46341371536254883,0.47533243894577026,88.92609024047852,82.25851774215698,0.0,171.1846399307251
196,196,ppo,clip,gae,ALE/Seaquest-v5,atari,0,1,1.0,19600000,100000,58,58,4,1,766.8965517241379,138.44215643280253,1676.4655172413793,766.8965517241379,138.44215643280253,1676.4655172413793,-6.271600723266601e-09,-0.0005041128528118134,109.2340596875,105.47824537109375,2.3228712992095946,0.00020575506003573537,nan,nan,0.08173000008583069,nan,0.4514680504798889,0.47144222259521484,88.28010511398315,80.6723039150238,0.0,168.95245742797852
197,197,ppo,clip,gae,ALE/Seaquest-v5,atari,0,1,1.0,19700000,100000,62,62,4,1,742.258064516129,156.41569258414094,1578.4516129032259,742.258064516129,156.41569258414094,1578.4516129032259,-1.0967254638671875e-08,-1.208486557006836e-06,122.73541020263671,119.1831880102539,2.313855882873535,0.0003102134836185724,nan,nan,0.14944000011444092,nan,0.4330265522003174,0.44782763719558716,87.2026093006134,81.79271364212036,0.0,168.995361328125
198,198,ppo,clip,gae,ALE/Seaquest-v5,atari,0,1,1.0,19800000,100000,61,61,4,1,740.0,175.2936646101593,1583.639344262295,740.0,175.2936646101593,1583.639344262295,6.157159805297852e-09,-0.0005626153457164764,130.7386686669922,127.7675646044922,2.3151385704040526,0.00021452189061790705,nan,nan,0.1022199999833107,nan,0.40470921993255615,0.4177039861679077,87.77301025390625,81.30745196342468,0.0,169.08049273490906
199,199,ppo,clip,gae,ALE/Seaquest-v5,atari,0,1,1.0,19900000,100000,59,59,4,1,741.0169491525423,164.81828633175505,1614.2881355932204,741.0169491525423,164.81828633175505,1614.2881355932204,3.796815872192383e-09,-0.0007849366188049316,121.59172284667969,117.74944563232422,2.3169217081451414,0.00016615780393593014,nan,nan,0.06477000001907349,nan,0.41919219493865967,0.435397207736969,88.65597677230835,81.9241840839386,0.0,170.58020782470703
200,200,ppo,clip,gae,ALE/Seaquest-v5,atari,0,1,1.0,20000000,100000,60,60,4,1,781.0,204.49694374244325,1630.65,781.0,204.49694374244325,1630.65,1.759052276611328e-08,-0.000634312424659729,136.6927713354492,129.49900422363282,2.309037339630127,0.00019020388232078404,nan,nan,0.0807300000500679,nan,0.40463948249816895,0.4210159182548523,88.23504424095154,80.68259572982788,0.0030291080474853516,168.92070078849792
201,201,ppo,clip,gae,ALE/Seaquest-v5,atari,0,1,1.0,20100000,100000,60,60,4,1,752.3333333333334,179.81811798468908,1599.1666666666667,752.3333333333334,179.81811798468908,1599.1666666666667,-2.244710922241211e-09,-0.0007159452474117279,130.42579747314454,125.81913066650391,2.3033890921783446,0.00011956863454077393,nan,nan,0.040020000034570694,nan,0.42027610540390015,0.43408823013305664,87.8162853717804,82.31702542304993,0.0,170.13334703445435
202,202,ppo,clip,gae,ALE/Seaquest-v5,atari,0,1,1.0,20200000,100000,60,60,4,1,761.3333333333334,151.16730981120077,1611.1166666666666,761.3333333333334,151.16730981120077,1611.1166666666666,5.459785461425781e-10,-0.0006315835928916931,128.06167470703124,122.74737077148437,2.306883468322754,0.00021480151827912776,nan,nan,0.11372000007390975,nan,0.4334934949874878,0.45229142904281616,88.1791627407074,80.69472217559814,0.0,168.8739197254181
203,203,ppo,clip,gae,ALE/Seaquest-v5,atari,0,1,1.0,20300000,100000,59,59,4,1,792.542372881356,175.43740223465466,1621.3050847457628,792.542372881356,175.43740223465466,1621.3050847457628,-5.483627319335937e-09,-0.0005591518306732177,141.05890270019532,133.5511908984375,2.3007737580108643,0.00019508748348802328,nan,nan,0.09085000007867813,nan,0.4072655439376831,0.4366094470024109,87.79636454582214,82.32514071464539,0.0,170.12153911590576
204,204,ppo,clip,gae,ALE/Seaquest-v5,atari,0,1,1.0,20400000,100000,61,61,4,1,771.8032786885246,183.42379662840386,1591.4754098360656,771.8032786885246,183.42379662840386,1591.4754098360656,-1.1565685272216796e-08,-0.0006135613465309143,130.00844797851562,124.424255703125,2.2993566075897216,0.00012422701120376586,nan,nan,0.05426000002741814,nan,0.44352036714553833,0.4604228138923645,87.28829383850098,81.24834847450256,0.0,168.5366735458374
205,205,ppo,clip,gae,ALE/Seaquest-v5,atari,0,1,1.0,20500000,100000,64,64,4,1,746.5625,170.03877085462008,1542.765625,746.5625,170.03877085462008,1542.765625,4.5824050903320315e-09,-0.0007866086673736573,149.323074296875,147.22021088378906,2.2899409789276124,0.00012935593962669372,nan,nan,0.058140000071525574,nan,0.40652912855148315,0.41768401861190796,87.29654026031494,82.16211748123169,0.0,169.45869135856628
206,206,ppo,clip,gae,ALE/Seaquest-v5,atari,0,1,1.0,20600000,100000,63,63,4,1,749.8412698412699,187.84907876281505,1541.7936507936508,749.8412698412699,187.84907876281505,1541.7936507936508,1.893043518066406e-09,-0.0007818847990036011,140.4357802734375,135.70597155029296,2.2866799436187746,0.00014123113903217018,nan,nan,0.06322000001192093,nan,0.4117496609687805,0.43017053604125977,88.47280168533325,81.2899010181427,0.0,169.76273655891418
207,207,ppo,clip,gae,ALE/Seaquest-v5,atari,0,1,1.0,20700000,100000,61,61,4,1,776.7213114754098,181.43979095706192,1595.016393442623,776.7213114754098,181.43979095706192,1595.016393442623,-2.057790756225586e-08,-0.00038232727169990537,133.21242583251953,131.3298164892578,2.2903053240203857,0.00017220870376564562,nan,nan,0.10685000004529953,nan,0.43062371015548706,0.4393220543861389,87.64410901069641,81.74830412864685,0.0,169.39244747161865
208,208,ppo,clip,gae,ALE/Seaquest-v5,atari,0,1,1.0,20800000,100000,63,63,4,1,756.5079365079365,158.54656048547298,1552.4444444444443,756.5079365079365,158.54656048547298,1552.4444444444443,-2.135634422302246e-09,-0.0007188115674257278,140.24786818359374,138.13970802246095,2.288190000228882,0.00015915570640470832,nan,nan,0.07950000000238419,nan,0.4079410433769226,0.41680002212524414,86.5502233505249,81.23224544525146,0.0,167.78250360488892
209,209,ppo,clip,gae,ALE/Seaquest-v5,atari,0,1,1.0,20900000,100000,62,62,4,1,768.3870967741935,166.96719349762844,1573.0967741935483,768.3870967741935,166.96719349762844,1573.0967741935483,2.7704238891601563e-09,-0.0007736067962646484,138.49831423095702,136.83890365234376,2.286606627655029,9.977021937025711e-05,nan,nan,0.03076999999821186,nan,0.4253748655319214,0.4328850507736206,88.04626941680908,81.56269669532776,0.0,169.6089963912964
210,210,ppo,clip,gae,ALE/Seaquest-v5,atari,0,1,1.0,21000000,100000,64,64,4,1,757.5,218.18856523658613,1534.0,757.5,218.18856523658613,1534.0,-3.4856796264648436e-09,8.481952667236328e-05,150.23674651367187,148.12707150390625,2.2706941210174563,0.00026504013063386085,nan,nan,0.1748699999809265,nan,0.4189077615737915,0.4265490770339966,87.57271528244019,81.40379905700684,0.0,168.97654509544373
211,211,ppo,clip,gae,ALE/Seaquest-v5,atari,0,1,1.0,21100000,100000,67,67,4,1,735.223880597015,201.46003054533924,1475.4179104477612,735.223880597015,201.46003054533924,1475.4179104477612,5.45501708984375e-09,-0.00040355782508850097,151.70625442871093,147.9433823486328,2.2755599534606934,0.00012093478531576693,nan,nan,0.060780000013113025,nan,0.4193863868713379,0.433293879032135,88.04344058036804,81.65113091468811,0.0,169.69460606575012
212,212,ppo,clip,gae,ALE/Seaquest-v5,atari,0,1,1.0,21200000,100000,67,67,4,1,718.8059701492538,182.51577227334744,1442.1044776119404,718.8059701492538,182.51577227334744,1442.1044776119404,1.3768672943115235e-08,-0.0005235277271270752,161.29623290527343,156.78451602294922,2.276665587615967,0.0001103817457263358,nan,nan,0.052080000014305114,nan,0.4179576635360718,0.43203747272491455,87.21976923942566,81.39199376106262,0.0,168.611798286438
213,213,ppo,clip,gae,ALE/Seaquest-v5,atari,0,1,1.0,21300000,100000,62,62,4,1,770.6451612903226,184.52092256349593,1541.8709677419354,770.6451612903226,184.52092256349593,1541.8709677419354,-1.2102127075195312e-08,-0.0007634364366531372,154.13932495605468,148.75228288574218,2.2717843224334717,0.0001065918574272655,nan,nan,0.045400000035762784,nan,0.4090508222579956,0.4278410077095032,86.62271499633789,81.44190526008606,0.0,168.0646505355835
214,214,ppo,clip,gae,ALE/Seaquest-v5,atari,0,1,1.0,21400000,100000,66,66,4,1,756.969696969697,202.23725713289193,1485.1666666666667,756.969696969697,202.23725713289193,1485.1666666666667,-6.003379821777344e-09,0.00039933202743530275,153.78228649414064,150.99918216308595,2.2754496553802492,0.00029058413203805685,nan,nan,0.22064000019073488,nan,0.41941267251968384,0.43452996015548706,88.9986355304718,81.0696291923523,0.0,170.06829929351807
215,215,ppo,clip,gae,ALE/Seaquest-v5,atari,0,1,1.0,21500000,100000,68,68,4,1,695.5882352941177,197.53914245730684,1408.3382352941176,695.5882352941177,197.53914245730684,1408.3382352941176,-2.09808349609375e-10,-0.0002496011018753052,153.69060640625,150.71373765625,2.2721619406890867,0.00015560514062643052,nan,nan,0.10800999999523163,nan,0.40861159563064575,0.42120814323425293,88.62015271186829,82.43916273117065,0.0,171.05935049057007
216,216,ppo,clip,gae,ALE/Seaquest-v5,atari,0,1,1.0,21600000,100000,64,64,4,1,779.375,177.7276269323371,1527.96875,779.375,177.7276269323371,1527.96875,4.0769577026367186e-10,-0.0006775255107879639,151.35500235839845,146.8427731616211,2.2634040980529786,9.328798245638609e-05,nan,nan,0.04223000000238419,nan,0.4430084824562073,0.45620113611221313,87.18878507614136,81.30559611320496,0.0,168.49443340301514
217,217,ppo,clip,gae,ALE/Seaquest-v5,atari,0,1,1.0,21700000,100000,62,62,4,1,802.5806451612904,173.44642645842166,1569.8870967741937,802.5806451612904,173.44642645842166,1569.8870967741937,-2.93731689453125e-09,0.0004497374963760376,164.1121195361328,161.33049598632812,2.2547179167938234,0.0002655213170312345,nan,nan,0.21210000002861024,nan,0.41605162620544434,0.4244844913482666,88.24443292617798,82.04533672332764,0.0,170.28980207443237
218,218,ppo,clip,gae,ALE/Seaquest-v5,atari,0,1,1.0,21800000,100000,64,64,4,1,788.125,185.36176621676867,1526.875,788.125,185.36176621676867,1526.875,3.3730268478393556e-09,1.1011854410171508e-05,155.6735713232422,153.21250885742188,2.2624666931915285,0.0002302662598947063,nan,nan,0.18905000000953676,nan,0.44960808753967285,0.4593104124069214,87.4545431137085,81.37618136405945,0.0,168.83075785636902
219,219,ppo,clip,gae,ALE/Seaquest-v5,atari,0,1,1.0,21900000,100000,67,67,4,1,727.4626865671642,212.64042442641295,1431.955223880597,727.4626865671642,212.64042442641295,1431.955223880597,-4.600286483764648e-09,-0.0004113096588850021,158.29648626953124,151.113916640625,2.266774988250732,0.0001226726799318567,nan,nan,0.0818100000333786,nan,0.43350011110305786,0.4472670555114746,87.96907019615173,82.26785016059875,0.0,170.23695468902588
220,220,ppo,clip,gae,ALE/Seaquest-v5,atari,0,1,1.0,22000000,100000,67,67,4,1,740.0,198.11047724446541,1430.44776119403,740.0,198.11047724446541,1430.44776119403,1.008756458759308e-08,-0.0004713560900092125,177.07667475341796,171.87094778320312,2.2593631024932863,9.809434360126033e-05,nan,nan,0.059119999989271164,nan,0.3881649374961853,0.40140628814697266,87.70744776725769,80.99315762519836,0.0,168.70064091682434
221,221,ppo,clip,gae,ALE/Seaquest-v5,atari,0,1,1.0,22100000,100000,65,65,4,1,784.0,196.21652090719343,1497.6461538461538,784.0,196.21652090719343,1497.6461538461538,5.706548690795899e-09,-0.0005293607831001281,154.3734802783203,152.00736450683593,2.2565735500335693,8.060592564055697e-05,nan,nan,0.04739000002145767,nan,0.4430299997329712,0.450630247592926,88.18992471694946,82.23858857154846,0.0,170.42854285240173
222,222,ppo,clip,gae,ALE/Seaquest-v5,atari,0,1,1.0,22200000,100000,68,68,4,1,732.0588235294117,196.86184184622095,1413.6911764705883,732.0588235294117,196.86184184622095,1413.6911764705883,-9.641647338867187e-09,-0.0003545071482658386,169.82392184814452,166.55449138671875,2.255222110290527,0.00012055725743528456,nan,nan,0.09381000001192093,nan,0.4009925127029419,0.4101690649986267,87.09998226165771,81.35533785820007,0.0,168.45535254478455
223,223,ppo,clip,gae,ALE/Seaquest-v5,atari,0,1,1.0,22300000,100000,63,63,4,1,793.6507936507936,201.44952171935634,1527.5079365079366,793.6507936507936,201.44952171935634,1527.5079365079366,-1.0209083557128906e-08,-0.0005155879664421082,153.98155473632812,150.15861286132812,2.2571713524627683,7.168418128509074e-05,nan,nan,0.03756999999403954,nan,0.43086034059524536,0.4436911344528198,87.55049848556519,82.28723239898682,0.0,169.83776831626892
224,224,ppo,clip,gae,ALE/Seaquest-v5,atari,0,1,1.0,22400000,100000,66,66,4,1,783.3333333333334,230.56145787747323,1492.621212121212,783.3333333333334,230.56145787747323,1492.621212121212,-1.8401145935058593e-08,-0.00013330928802490234,159.94692787597657,158.52947439208984,2.2553324744415284,0.00012334348285570742,nan,nan,0.10550999999523163,nan,0.43008196353912354,0.4356343746185303,88.04265546798706,81.24664831161499,0.0,169.28934240341187
225,225,ppo,clip,gae,ALE/Seaquest-v5,atari,0,1,1.0,22500000,100000,64,64,4,1,788.75,197.35358496870535,1524.3125,788.75,197.35358496870535,1524.3125,4.072189331054688e-09,0.0014272432136535644,155.27439260253905,151.66423056152342,2.257169472732544,0.0004202117848396301,nan,nan,0.36043,nan,0.44477957487106323,0.46081429719924927,87.72967910766602,82.29175090789795,0.0028519630432128906,170.02431678771973
226,226,ppo,clip,gae,ALE/Seaquest-v5,atari,0,1,1.0,22600000,100000,65,65,4,1,759.3846153846154,195.8325573865193,1467.7692307692307,759.3846153846154,195.8325573865193,1467.7692307692307,-6.6065788269042965e-09,-0.0005329429602622986,177.9672559765625,173.3877669580078,2.2561206002044676,7.710477752843871e-05,nan,nan,0.05610000001192093,nan,0.3935561776161194,0.40781933069229126,87.20422554016113,81.02078604698181,0.0,168.2250416278839
227,227,ppo,clip,gae,ALE/Seaquest-v5,atari,0,1,1.0,22700000,100000,64,64,4,1,812.8125,232.25436453111058,1527.515625,812.8125,232.25436453111058,1527.515625,-7.750988006591796e-09,-0.0004936764335632324,168.02200350097655,163.24096911132813,2.246720552444458,8.606407914310694e-05,nan,nan,0.05848999999761582,nan,0.42350906133651733,0.43517887592315674,88.3137629032135,82.33899402618408,0.0,170.65279078483582
228,228,ppo,clip,gae,ALE/Seaquest-v5,atari,0,1,1.0,22800000,100000,65,65,4,1,780.0,210.78607456558709,1504.7230769230769,780.0,210.78607456558709,1504.7230769230769,-9.627342224121094e-09,-0.00037294554233551023,176.67079793457032,170.92733323730468,2.254148224182129,8.328143400140107e-05,nan,nan,0.0656500000333786,nan,0.39619821310043335,0.4100725054740906,86.27144622802734,82.23320007324219,0.0,168.50467801094055
229,229,ppo,clip,gae,ALE/Seaquest-v5,atari,0,1,1.0,22900000,100000,67,67,4,1,774.6268656716418,212.77364020198283,1470.2388059701493,774.6268656716418,212.77364020198283,1470.2388059701493,5.8460235595703125e-09,-0.0005634789276123046,178.29416652832032,175.12997666015625,2.244977618560791,4.552603710792028e-05,nan,nan,0.02454000001311302,nan,0.42332369089126587,0.43069201707839966,89.18741631507874,83.81952738761902,0.0,173.00698018074036
230,230,ppo,clip,gae,ALE/Seaquest-v5,atari,0,1,1.0,23000000,100000,65,65,4,1,780.9230769230769,202.64195842324824,1492.1538461538462,780.9230769230769,202.64195842324824,1492.1538461538462,8.12530517578125e-09,-0.00011184081733226776,167.51569331054688,163.12285641601562,2.2498525428009035,0.00013405570579692723,nan,nan,0.14386999995708466,nan,0.43098026514053345,0.4443540573120117,89.58882975578308,82.16083645820618,0.0,171.74969840049744
231,231,ppo,clip,gae,ALE/Seaquest-v5,atari,0,1,1.0,23100000,100000,64,64,4,1,802.8125,204.2017136160958,1512.53125,802.8125,204.2017136160958,1512.53125,2.0742416381835938e-10,3.18133807182312e-05,162.59624826171876,159.5967579394531,2.2537967990875245,0.0001478072608122602,nan,nan,0.16098000014305114,nan,0.4361222982406616,0.4467765688896179,88.54041242599487,82.37611746788025,0.0,170.91656732559204
232,232,ppo,clip,gae,ALE/Seaquest-v5,atari,0,1,1.0,23200000,100000,63,63,4,1,808.8888888888889,201.19572016584038,1520.126984126984,808.8888888888889,201.19572016584038,1520.126984126984,3.9434432983398435e-09,-0.00034420673847198485,166.38302043945313,162.48820491699217,2.252974012374878,8.229372021043673e-05,nan,nan,0.07760999999523163,nan,0.4326314926147461,0.4444701671600342,88.37115454673767,81.19726777076721,0.0,169.568457365036
233,233,ppo,clip,gae,ALE/Seaquest-v5,atari,0,1,1.0,23300000,100000,64,64,4,1,805.9375,215.97684156814128,1503.046875,805.9375,215.97684156814128,1503.046875,5.143880844116211e-10,-0.000579165266752243,173.72712435546876,170.5308108984375,2.240286405944824,5.28653473732993e-05,nan,nan,0.035800000001192094,nan,0.41449815034866333,0.4263623356819153,89.29889702796936,82.87602281570435,0.0,172.17495441436768
234,234,ppo,clip,gae,ALE/Seaquest-v5,atari,0,1,1.0,23400000,100000,65,65,4,1,801.5384615384615,189.55194757216915,1503.8615384615384,801.5384615384615,189.55194757216915,1503.8615384615384,-9.465217590332031e-09,-0.0003794266104698181,177.71550579101563,171.86467272949218,2.2396026808166503,6.771944408072158e-05,nan,nan,0.06135999998688698,nan,0.4252070188522339,0.4422492980957031,87.98647332191467,81.73924279212952,0.0,169.72575092315674
235,235,ppo,clip,gae,ALE/Seaquest-v5,atari,0,1,1.0,23500000,100000,63,63,4,1,834.9206349206349,217.28390480770946,1554.6984126984128,834.9206349206349,217.28390480770946,1554.6984126984128,-1.914501190185547e-09,-0.00047206379890441896,165.0585484423828,160.79256227539062,2.231393708190918,4.1577922697179016e-05,nan,nan,0.027240000021457673,nan,0.43270164728164673,0.44705110788345337,88.04180407524109,82.14649701118469,0.0,170.1883363723755
236,236,ppo,clip,gae,ALE/Seaquest-v5,atari,0,1,1.0,23600000,100000,63,63,4,1,798.7301587301587,190.76697381045864,1510.047619047619,798.7301587301587,190.76697381045864,1510.047619047619,1.5900135040283203e-08,-0.00035354088306427004,168.03361243164062,164.01523122070313,2.23722561340332,7.612978131975979e-05,nan,nan,0.0813500000166893,nan,0.4259514808654785,0.43658679723739624,87.08014297485352,81.2202742099762,0.0,168.30044794082642
237,237,ppo,clip,gae,ALE/Seaquest-v5,atari,0,1,1.0,23700000,100000,63,63,4,1,837.7777777777778,206.19334773224372,1548.2380952380952,837.7777777777778,206.19334773224372,1548.2380952380952,-7.729530334472656e-09,-0.00030723047018051147,163.41465068847657,158.63452869140625,2.2293018739318846,6.551032684743405e-05,nan,nan,0.0673000000166893,nan,0.4545223116874695,0.4595959186553955,88.02389979362488,83.31005549430847,0.0,171.33398723602295
238,238,ppo,clip,gae,ALE/Seaquest-v5,atari,0,1,1.0,23800000,100000,64,64,4,1,803.4375,178.73005789108333,1494.953125,803.4375,178.73005789108333,1494.953125,4.954338073730469e-09,-0.00037248528003692625,175.88380349121093,171.72202469726562,2.2364133850860597,4.466170888626948e-05,nan,nan,0.0405100000333786,nan,0.4301914572715759,0.444352924823761,89.53440618515015,82.56193542480469,0.0,172.0963773727417
239,239,ppo,clip,gae,ALE/Seaquest-v5,atari,0,1,1.0,23900000,100000,62,62,4,1,830.6451612903226,226.9494114991548,1560.8709677419354,830.6451612903226,226.9494114991548,1560.8709677419354,-7.70092010498047e-09,-0.0004991657304763793,179.76182578613282,173.61293548828124,2.2359853940582277,3.5365821867017074e-05,nan,nan,0.02768000001490116,nan,0.3912087082862854,0.4126473069190979,90.54555416107178,82.72071504592896,0.0,173.26630234718323
240,240,ppo,clip,gae,ALE/Seaquest-v5,atari,0,1,1.0,24000000,100000,62,62,4,1,831.2903225806451,216.23228154872464,1557.1612903225807,831.2903225806451,216.23228154872464,1557.1612903225807,1.6417503356933595e-08,-0.0004510864472389221,166.62533920410155,162.8569056591797,2.24269532333374,3.7768990797922014e-05,nan,nan,0.033920000015497206,nan,0.43976569175720215,0.4519531726837158,88.72057223320007,81.85437822341919,0.0,170.57499957084656
241,241,ppo,clip,gae,ALE/Seaquest-v5,atari,0,1,1.0,24100000,100000,63,63,4,1,836.8253968253969,237.39876971656312,1552.3333333333333,836.8253968253969,237.39876971656312,1552.3333333333333,-2.2554397583007813e-08,-0.000330682258605957,173.75603110351562,169.03457932128907,2.2372062839508056,5.807392015703954e-05,nan,nan,0.06392000003695487,nan,0.43853557109832764,0.4499279856681824,88.18276453018188,82.15313196182251,0.0,170.3359317779541
242,242,ppo,clip,gae,ALE/Seaquest-v5,atari,0,1,1.0,24200000,100000,64,64,4,1,817.8125,224.9476935728615,1526.59375,817.8125,224.9476935728615,1526.59375,2.040863037109375e-08,-0.00015020214557647706,167.77028596191406,163.18474411621094,2.234090592803955,6.864831825951115e-05,nan,nan,0.10031999999523163,nan,0.42523056268692017,0.4326212406158447,88.513986825943,82.50078988075256,0.0,171.0148286819458
243,243,ppo,clip,gae,ALE/Seaquest-v5,atari,0,1,1.0,24300000,100000,63,63,4,1,821.9047619047619,205.4716381993106,1523.4126984126983,821.9047619047619,205.4716381993106,1523.4126984126983,-1.1138916015625e-08,3.610241889953613e-05,168.41984421386718,162.44159131347655,2.2345402854156493,0.00010761542382184416,nan,nan,0.1845399999332428,nan,0.4459993243217468,0.4656832814216614,88.17262268066406,82.39819478988647,0.0,170.57085490226746
244,244,ppo,clip,gae,ALE/Seaquest-v5,atari,0,1,1.0,24400000,100000,65,65,4,1,794.7692307692307,196.15619908091057,1492.8615384615384,794.7692307692307,196.15619908091057,1492.8615384615384,4.6253204345703127e-10,-0.00030189706325531003,168.36376454101563,164.33779103027345,2.223677979812622,5.523653122480027e-05,nan,nan,0.07918000002145767,nan,0.43596839904785156,0.44960570335388184,87.49656319618225,81.36049675941467,0.0,168.85710501670837
245,245,ppo,clip,gae,ALE/Seaquest-v5,atari,0,1,1.0,24500000,100000,66,66,4,1,793.030303030303,216.9622903763756,1481.469696969697,793.030303030303,216.9622903763756,1481.469696969697,1.124143600463867e-09,-0.00013438986659049988,170.65933716308595,166.7523080957031,2.2264628099822996,8.101287542143837e-05,nan,nan,0.13010000007867814,nan,0.4375964403152466,0.4475718140602112,89.31415510177612,81.92588877677917,0.0,171.24007844924927
246,246,ppo,clip,gae,ALE/Seaquest-v5,atari,0,1,1.0,24600000,100000,60,60,4,1,861.0,218.37048030048993,1578.3166666666666,861.0,218.37048030048993,1578.3166666666666,5.412101745605468e-10,-0.0003048941969871521,172.99349975097655,167.4368403173828,2.2268694297790526,5.5221399839501825e-05,nan,nan,0.08555999997138977,nan,0.43384063243865967,0.44670796394348145,88.31883835792542,82.62728452682495,0.0,170.94615387916565
247,247,ppo,clip,gae,ALE/Seaquest-v5,atari,0,1,1.0,24700000,100000,64,64,4,1,826.875,231.57662743679467,1522.15625,826.875,231.57662743679467,1522.15625,4.546642303466797e-09,-0.00022118165493011473,173.28184497558593,169.61286178955078,2.2263103918457032,4.8575924820033836e-05,nan,nan,0.07746000005245209,nan,0.43633174896240234,0.4478592276573181,89.21794414520264,82.09812307357788,0.0,171.31610298156738
248,248,ppo,clip,gae,ALE/Seaquest-v5,atari,0,1,1.0,24800000,100000,64,64,4,1,800.625,207.66465605634485,1489.359375,800.625,207.66465605634485,1489.359375,-5.717277526855469e-09,-0.0003744097948074341,169.9380940234375,166.1713208886719,2.2317076512908938,3.978450580849312e-05,nan,nan,0.05359000002264976,nan,0.44136255979537964,0.4497060775756836,88.5294201374054,82.09040689468384,0.0,170.61986088752747
249,249,ppo,clip,gae,ALE/Seaquest-v5,atari,0,1,1.0,24900000,100000,61,61,4,1,858.0327868852459,199.89193533073328,1562.1639344262296,858.0327868852459,199.89193533073328,1562.1639344262296,1.010894775390625e-09,-0.0004342322826385498,158.18275219726561,154.7239449511719,2.2289977825164793,3.799908824148588e-05,nan,nan,0.058299999961853026,nan,0.4620457887649536,0.4711824655532837,89.7137382030487,82.4289059638977,0.0,172.14267754554749
250,250,ppo,clip,gae,ALE/Seaquest-v5,atari,0,1,1.0,25000000,100000,60,60,4,1,878.0,225.11330480449172,1611.7166666666667,878.0,225.11330480449172,1611.7166666666667,2.5910139083862306e-09,-0.000277726114988327,167.91275278564453,165.35178763916016,2.2229326998901366,4.0030443504219875e-05,nan,nan,0.06644000003576278,nan,0.44437241554260254,0.45332419872283936,87.80509400367737,81.37603068351746,0.0028617382049560547,169.18401718139648
251,251,ppo,clip,gae,ALE/Seaquest-v5,atari,0,1,1.0,25100000,100000,62,62,4,1,861.9354838709677,220.69420318970788,1558.2096774193549,861.9354838709677,220.69420318970788,1558.2096774193549,1.3854503631591797e-08,-0.00024000979393720627,174.90770443603515,173.4812871826172,2.2211683339691164,3.817462367936969e-05,nan,nan,0.06729000004053116,nan,0.44000303745269775,0.4446755051612854,88.6949360370636,82.34146928787231,0.0,171.03643655776978
252,252,ppo,clip,gae,ALE/Seaquest-v5,atari,0,1,1.0,25200000,100000,60,60,4,1,885.6666666666666,212.16633935559983,1593.9333333333334,885.6666666666666,212.16633935559983,1593.9333333333334,2.0164251327514648e-09,-0.0003051234829425812,163.31590005371095,160.9973162548828,2.216437569885254,3.7465206218184904e-05,nan,nan,0.0715700000500679,nan,0.4595019817352295,0.46556544303894043,87.97048234939575,81.45035934448242,0.0,169.42087388038635
253,253,ppo,clip,gae,ALE/Seaquest-v5,atari,0,1,1.0,25300000,100000,65,65,4,1,830.1538461538462,199.2639710974234,1501.2615384615385,830.1538461538462,199.2639710974234,1501.2615384615385,5.121231079101562e-09,-0.00035646041393280027,178.63215009277343,175.8837615576172,2.2211632998657227,2.9309988910099493e-05,nan,nan,0.04508999999403954,nan,0.44866836071014404,0.45745253562927246,87.80861735343933,81.86507105827332,0.0,169.67372035980225
254,254,ppo,clip,gae,ALE/Seaquest-v5,atari,0,1,1.0,25400000,100000,62,62,4,1,867.741935483871,238.09336305688527,1551.8870967741937,867.741935483871,238.09336305688527,1551.8870967741937,3.9577484130859375e-10,-0.00030858045101165774,168.53015349609376,163.65126193359376,2.227872387390137,3.068562542204745e-05,nan,nan,0.05698000003695488,nan,0.4580082297325134,0.46582525968551636,87.726069688797,81.52674603462219,0.0,169.25285053253174
255,255,ppo,clip,gae,ALE/Seaquest-v5,atari,0,1,1.0,25500000,100000,63,63,4,1,838.7301587301587,217.80646763679732,1535.2063492063492,838.7301587301587,217.80646763679732,1535.2063492063492,-1.2221336364746094e-08,-0.000376496639251709,170.55658663574218,166.21595247558594,2.2182089596557617,2.1110082521336152e-05,nan,nan,0.03244999999821186,nan,0.43541646003723145,0.4457850456237793,88.49735450744629,82.08552598953247,0.0,170.58291482925415
256,256,ppo,clip,gae,ALE/Seaquest-v5,atari,0,1,1.0,25600000,100000,61,61,4,1,883.9344262295082,224.7277309927055,1574.9016393442623,883.9344262295082,224.7277309927055,1574.9016393442623,5.574226379394532e-09,-0.00035559282302856447,171.071568984375,166.78236349609375,2.2169532738494873,3.144974041730165e-05,nan,nan,0.06494000000953674,nan,0.44955921173095703,0.45932549238204956,87.8007984161377,81.57960271835327,0.0,169.38043236732483
257,257,ppo,clip,gae,ALE/Seaquest-v5,atari,0,1,1.0,25700000,100000,62,62,4,1,851.9354838709677,202.51514248184822,1562.467741935484,851.9354838709677,202.51514248184822,1562.467741935484,7.805824279785156e-09,-0.0001876099967956543,182.95965595703126,176.2385868701172,2.2212833826446534,3.8648735862225293e-05,nan,nan,0.09846000004768371,nan,0.429230272769928,0.43813639879226685,89.0432608127594,81.68117809295654,0.0,170.72447156906128
258,258,ppo,clip,gae,ALE/Seaquest-v5,atari,0,1,1.0,25800000,100000,63,63,4,1,855.8730158730159,216.67498094402816,1541.4761904761904,855.8730158730159,216.67498094402816,1541.4761904761904,-5.941390991210938e-09,-0.00014129844665527344,170.14435736816407,167.4915323388672,2.224306098251343,3.810613515321165e-05,nan,nan,0.1092300000667572,nan,0.45679134130477905,0.46426230669021606,89.0796730518341,81.75479078292847,0.0,170.83449697494507
259,259,ppo,clip,gae,ALE/Seaquest-v5,atari,0,1,1.0,25900000,100000,60,60,4,1,882.3333333333334,217.8100599656091,1578.1,882.3333333333334,217.8100599656091,1578.1,-1.223444938659668e-08,-7.402181744575501e-05,172.1254690625,171.04202216796875,2.2166571979522707,4.0689043347956615e-05,nan,nan,0.12313000002861023,nan,0.4511810541152954,0.4548192024230957,88.56810426712036,81.93415236473083,0.0,170.50229334831238
260,260,ppo,clip,gae,ALE/Seaquest-v5,atari,0,1,1.0,26000000,100000,63,63,4,1,840.0,222.99548005953872,1538.5396825396826,840.0,222.99548005953872,1538.5396825396826,1.081487163901329e-08,-0.0003177183162793517,174.98047645996093,170.41907955078125,2.2148013390350343,1.4604751987208147e-05,nan,nan,0.026170000013709067,nan,0.4490995407104492,0.4558376669883728,87.23917865753174,81.32326984405518,0.0,168.56248378753662
261,261,ppo,clip,gae,ALE/Seaquest-v5,atari,0,1,1.0,26100000,100000,59,59,4,1,923.3898305084746,225.64867074380442,1647.677966101695,923.3898305084746,225.64867074380442,1647.677966101695,7.853507995605468e-09,-0.0001586570644378662,164.99755108398438,159.56313709960938,2.2136181465148925,4.118491685832851e-05,nan,nan,0.14066999996185303,nan,0.4757028818130493,0.48337966203689575,87.93151497840881,81.88820791244507,0.0,169.81975269317627
262,262,ppo,clip,gae,ALE/Seaquest-v5,atari,0,1,1.0,26200000,100000,65,65,4,1,814.7692307692307,231.5506769075214,1490.7076923076922,814.7692307692307,231.5506769075214,1490.7076923076922,3.3593177795410156e-09,-0.0001618749976158142,183.54916853027345,174.353472734375,2.2117673875427246,2.909401750541292e-05,nan,nan,0.08893000008106232,nan,0.4309391975402832,0.44244635105133057,88.43153381347656,81.43219780921936,0.0,169.8637638092041
263,263,ppo,clip,gae,ALE/Seaquest-v5,atari,0,1,1.0,26300000,100000,61,61,4,1,869.1803278688525,224.69137362947217,1584.016393442623,869.1803278688525,224.69137362947217,1584.016393442623,3.445148468017578e-09,-0.0002748301148414612,174.80620690185546,170.8053986303711,2.203644449310303,2.3513536584796385e-05,nan,nan,0.0690400000333786,nan,0.4390038847923279,0.44989460706710815,87.825270652771,81.59003257751465,0.0,169.41533541679382
264,264,ppo,clip,gae,ALE/Seaquest-v5,atari,0,1,1.0,26400000,100000,63,63,4,1,838.4126984126984,218.95282052654193,1529.3015873015872,838.4126984126984,218.95282052654193,1529.3015873015872,-7.904767990112304e-09,5.108834266662598e-05,178.4125906640625,175.39095828613281,2.214891342391968,3.658427417976782e-05,nan,nan,0.15278999992847442,nan,0.42571645975112915,0.43374568223953247,87.96135902404785,81.16397070884705,0.0,169.1253786087036
265,265,ppo,clip,gae,ALE/Seaquest-v5,atari,0,1,1.0,26500000,100000,63,63,4,1,860.6349206349206,207.4170173780579,1545.1904761904761,860.6349206349206,207.4170173780579,1545.1904761904761,-9.584426879882812e-09,-0.00014133219718933106,178.79179266845702,176.7580563232422,2.208221388015747,2.884888196538668e-05,nan,nan,0.12163000016212464,nan,0.44120514392852783,0.44479280710220337,88.26466131210327,81.82928800582886,0.0,170.0939803123474
266,266,ppo,clip,gae,ALE/Seaquest-v5,atari,0,1,1.0,26600000,100000,64,64,4,1,832.8125,234.557220830547,1514.125,832.8125,234.557220830547,1514.125,-5.791187286376953e-09,-0.00022526188373565674,187.53639438476563,183.62815766601562,2.2111359169006346,1.5317562028649263e-05,nan,nan,0.05133000003695488,nan,0.4209095239639282,0.43258994817733765,87.49983882904053,81.93229174613953,0.0,169.43216347694397
267,267,ppo,clip,gae,ALE/Seaquest-v5,atari,0,1,1.0,26700000,100000,62,62,4,1,870.9677419354839,212.89638307674278,1554.1451612903227,870.9677419354839,212.89638307674278,1554.1451612903227,7.419586181640625e-09,-8.766059160232543e-05,184.42860758789064,180.78093074951173,2.224219471206665,3.1919930730946365e-05,nan,nan,0.1515900000333786,nan,0.42477327585220337,0.4341922402381897,89.18873405456543,81.92788982391357,0.0,171.1166536808014
268,268,ppo,clip,gae,ALE/Seaquest-v5,atari,0,1,1.0,26800000,100000,60,60,4,1,901.3333333333334,236.35754459904362,1603.1833333333334,901.3333333333334,236.35754459904362,1603.1833333333334,-1.8477439880371094e-08,-0.0002807562661170959,175.05109915771484,173.31559817871093,2.2135343673706056,1.0160776857519522e-05,nan,nan,0.03014999999165535,nan,0.4432162642478943,0.44891196489334106,88.29772019386292,81.25018382072449,0.0,169.54793405532837
269,269,ppo,clip,gae,ALE/Seaquest-v5,atari,0,1,1.0,26900000,100000,63,63,4,1,866.984126984127,211.09416330110454,1537.095238095238,866.984126984127,211.09416330110454,1537.095238095238,-5.654096603393555e-09,-0.0001940595281124115,164.9950288256836,163.92995157714844,2.211550118942261,1.3035978567786515e-05,nan,nan,0.04884999999046326,nan,0.46201199293136597,0.465553879737854,88.38686418533325,82.35074996948242,0.0,170.73764562606812
270,270,ppo,clip,gae,ALE/Seaquest-v5,atari,0,1,1.0,27000000,100000,63,63,4,1,845.0793650793651,209.03309539645977,1535.968253968254,845.0793650793651,209.03309539645977,1535.968253968254,-7.727146148681641e-09,-0.00013866738796234132,175.68123471191407,171.04632825195313,2.217089508895874,1.648118999961298e-05,nan,nan,0.0866800000500679,nan,0.4388955235481262,0.4499269127845764,89.0092761516571,81.92005825042725,0.0,170.9293658733368
271,271,ppo,clip,gae,ALE/Seaquest-v5,atari,0,1,1.0,27100000,100000,61,61,4,1,888.1967213114754,197.37214742565408,1585.5245901639344,888.1967213114754,197.37214742565408,1585.5245901639344,-1.0764598846435548e-08,-0.0002479595053195953,167.83239255859374,165.2155279296875,2.2166740432739256,8.983293091878296e-06,nan,nan,0.03186999999880791,nan,0.4582856297492981,0.4636877775192261,89.38917422294617,81.95869779586792,0.0,171.34790635108948
272,272,ppo,clip,gae,ALE/Seaquest-v5,atari,0,1,1.0,27200000,100000,59,59,4,1,924.4067796610169,205.7830945144292,1635.1864406779662,924.4067796610169,205.7830945144292,1635.1864406779662,-5.552768707275391e-09,-0.00011271316051483155,172.214926328125,169.5291601171875,2.217962858352661,1.7914718476240523e-05,nan,nan,0.11505999992370605,nan,0.47527724504470825,0.48228079080581665,88.12175488471985,82.01541495323181,0.0,170.13720536231995
273,273,ppo,clip,gae,ALE/Seaquest-v5,atari,0,1,1.0,27300000,100000,64,64,4,1,846.25,217.97003807863135,1528.90625,846.25,217.97003807863135,1528.90625,-6.113052368164062e-09,4.317110061645508e-05,186.6408153125,180.44274240722658,2.2098181008148194,2.293130391277373e-05,nan,nan,0.1656900000333786,nan,0.42175740003585815,0.43418002128601074,87.43491840362549,82.05638790130615,0.0,169.4913420677185
274,274,ppo,clip,gae,ALE/Seaquest-v5,atari,0,1,1.0,27400000,100000,63,63,4,1,858.0952380952381,240.01889570361868,1542.7301587301588,858.0952380952381,240.01889570361868,1542.7301587301588,-8.065700531005859e-09,-0.0001583561587333679,182.46849990234375,180.16230041503906,2.2124633296966554,1.1687186262570321e-05,nan,nan,0.08281000000476837,nan,0.4370606541633606,0.4435884952545166,88.10661268234253,80.99029874801636,0.0,169.09694480895996
275,275,ppo,clip,gae,ALE/Seaquest-v5,atari,0,1,1.0,27500000,100000,61,61,4,1,901.9672131147541,213.5632103773014,1602.5737704918033,901.9672131147541,213.5632103773014,1602.5737704918033,6.361007690429687e-09,-0.00011753920912742615,169.86550473388672,164.39186898193358,2.2073816652679445,1.0414796170953195e-05,nan,nan,0.06892000007390976,nan,0.46607160568237305,0.4817916750907898,86.87164449691772,82.65460276603699,0.002934694290161133,169.52921533584595
276,276,ppo,clip,gae,ALE/Seaquest-v5,atari,0,1,1.0,27600000,100000,62,62,4,1,876.1290322580645,218.93698341192854,1561.0,876.1290322580645,218.93698341192854,1561.0,-7.913112640380859e-09,2.0862891674041747e-05,175.76722038574218,173.2929653027344,2.212024042816162,1.9258468332118354e-05,nan,nan,0.19305000000476838,nan,0.462460458278656,0.4697697162628174,88.73603057861328,81.51297974586487,0.0,170.24904537200928
277,277,ppo,clip,gae,ALE/Seaquest-v5,atari,0,1,1.0,27700000,100000,61,61,4,1,884.2622950819672,213.75993134933006,1590.377049180328,884.2622950819672,213.75993134933006,1590.377049180328,7.970929145812988e-09,-0.00016254592299461365,178.28950234375,175.88949829101563,2.2188694451904296,6.005095852451632e-06,nan,nan,0.0383100000333786,nan,0.4429895281791687,0.45053863525390625,89.22203803062439,81.89855480194092,0.0,171.12062740325928
278,278,ppo,clip,gae,ALE/Seaquest-v5,atari,0,1,1.0,27800000,100000,62,62,4,1,870.9677419354839,203.38038156267328,1539.6935483870968,870.9677419354839,203.38038156267328,1539.6935483870968,-1.4042854309082031e-08,-7.720028877258301e-05,177.71021651367187,175.88908603515625,2.2060926679992674,1.2253722758032381e-05,nan,nan,0.13155000000953673,nan,0.4531727433204651,0.457763671875,87.66020250320435,81.42300224304199,0.0,169.0832359790802
279,279,ppo,clip,gae,ALE/Seaquest-v5,atari,0,1,1.0,27900000,100000,63,63,4,1,855.5555555555555,225.64037813944913,1522.8095238095239,855.5555555555555,225.64037813944913,1522.8095238095239,1.5485286712646484e-09,-0.00010765692949295044,191.64935319580078,190.52414311279296,2.2030506578063966,8.320591463416349e-06,nan,nan,0.0847999999666214,nan,0.4164513349533081,0.41953593492507935,88.15797162055969,82.13247203826904,0.0,170.29047751426697
280,280,ppo,clip,gae,ALE/Seaquest-v5,atari,0,1,1.0,28000000,100000,65,65,4,1,856.0,201.81331815471293,1522.3692307692309,856.0,201.81331815471293,1522.3692307692309,-6.213188171386719e-09,-0.00012384674072265625,171.35549841796876,168.32637350585938,2.2236572425079344,5.109174706449267e-06,nan,nan,0.04099000001072883,nan,0.4698905944824219,0.4787306785583496,87.90070104598999,81.59015774726868,0.0,169.49089193344116
281,281,ppo,clip,gae,ALE/Seaquest-v5,atari,0,1,1.0,28100000,100000,62,62,4,1,877.741935483871,231.85381486449955,1567.4032258064517,877.741935483871,231.85381486449955,1567.4032258064517,-1.724064350128174e-10,-0.00012861062109470367,183.9427165234375,178.057303359375,2.206689076538086,5.569281301868614e-06,nan,nan,0.05915000003099442,nan,0.422271728515625,0.4404509663581848,88.20766282081604,81.36928987503052,0.0,169.57698464393616
282,282,ppo,clip,gae,ALE/Seaquest-v5,atari,0,1,1.0,28200000,100000,59,59,4,1,913.2203389830509,206.42592694508926,1619.050847457627,913.2203389830509,206.42592694508926,1619.050847457627,-4.839897155761719e-10,-0.00015438207387924194,173.329432421875,171.469337734375,2.203055285949707,3.3021184348035605e-06,nan,nan,0.032569999994039533,nan,0.45196717977523804,0.4577721953392029,88.23208498954773,81.63118362426758,0.0,169.86330008506775
283,283,ppo,clip,gae,ALE/Seaquest-v5,atari,0,1,1.0,28300000,100000,62,62,4,1,882.258064516129,219.73898999787488,1573.016129032258,882.258064516129,219.73898999787488,1573.016129032258,-1.0395050048828125e-09,-6.979691505432129e-05,167.41484211425782,165.48273819091796,2.2139920205688477,6.374520058307098e-06,nan,nan,0.11241000002861024,nan,0.48243921995162964,0.4884503483772278,88.54311227798462,81.48416042327881,0.0,170.02730774879456
284,284,ppo,clip,gae,ALE/Seaquest-v5,atari,0,1,1.0,28400000,100000,60,60,4,1,905.0,227.08662077131126,1623.15,905.0,227.08662077131126,1623.15,-8.916854858398437e-10,-8.255226135253906e-05,179.17228884765626,176.2327049951172,2.2143911831665037,5.670158134307712e-06,nan,nan,0.11077000000238418,nan,0.4370781183242798,0.44630855321884155,89.54560375213623,81.54325699806213,0.0,171.08889603614807
285,285,ppo,clip,gae,ALE/Seaquest-v5,atari,0,1,1.0,28500000,100000,62,62,4,1,874.8387096774194,197.49840289663652,1549.5967741935483,874.8387096774194,197.49840289663652,1549.5967741935483,9.805858135223388e-09,-0.00011086270987987519,166.15346883300782,164.4822171533203,2.2108243743896483,3.3251514791481895e-06,nan,nan,0.057600000029802326,nan,0.46806102991104126,0.4734755754470825,87.42856192588806,81.91440844535828,0.0,169.34301137924194
286,286,ppo,clip,gae,ALE/Seaquest-v5,atari,0,1,1.0,28600000,100000,62,62,4,1,904.516129032258,236.05410409996043,1595.483870967742,904.516129032258,236.05410409996043,1595.483870967742,-1.5282630920410156e-09,-0.00010053049802780151,174.52821850585937,171.72965138427733,2.2141372985839842,2.2008439512865153e-06,nan,nan,0.037159999985694886,nan,0.4457840919494629,0.45241546630859375,88.88480043411255,81.57053995132446,0.0,170.4553725719452
287,287,ppo,clip,gae,ALE/Seaquest-v5,atari,0,1,1.0,28700000,100000,59,59,4,1,925.7627118644068,212.65236523514952,1625.8813559322034,925.7627118644068,212.65236523514952,1625.8813559322034,-1.5878677368164063e-09,2.6451759338378906e-05,168.51701790527343,167.3950910888672,2.202004731903076,4.617998235626146e-06,nan,nan,0.13827999994754792,nan,0.4699978232383728,0.4743250608444214,88.87393426895142,82.02201962471008,0.0,170.89600014686584
288,288,ppo,clip,gae,ALE/Seaquest-v5,atari,0,1,1.0,28800000,100000,60,60,4,1,906.0,197.46054458211813,1597.1333333333334,906.0,197.46054458211813,1597.1333333333334,1.186370849609375e-08,-9.726440906524658e-05,167.76654356445312,164.37965981445313,2.2009079488372802,2.0084905769181206e-06,nan,nan,0.05122999999046326,nan,0.4633673429489136,0.47454988956451416,88.4651734828949,81.61933064460754,0.0,170.08454251289368
289,289,ppo,clip,gae,ALE/Seaquest-v5,atari,0,1,1.0,28900000,100000,62,62,4,1,877.741935483871,246.65778405508226,1552.516129032258,877.741935483871,246.65778405508226,1552.516129032258,1.8497556447982787e-09,2.6146889105439188e-06,177.21145092529298,175.8662437133789,2.203385209197998,3.255452161320136e-06,nan,nan,0.14234000014781953,nan,0.4737415909767151,0.4773685932159424,87.6639609336853,82.2602105140686,0.0,169.92420649528503
290,290,ppo,clip,gae,ALE/Seaquest-v5,atari,0,1,1.0,29000000,100000,61,61,4,1,909.5081967213115,231.10870502724717,1605.6065573770493,909.5081967213115,231.10870502724717,1605.6065573770493,-1.3297796249389648e-09,-7.047061502933502e-05,166.40273661621094,163.84509561279296,2.2170901457977297,1.0451943083535298e-06,nan,nan,0.026440000014305114,nan,0.46492719650268555,0.47302043437957764,88.2849326133728,81.65860772132874,0.0,169.94357466697693
291,291,ppo,clip,gae,ALE/Seaquest-v5,atari,0,1,1.0,29100000,100000,63,63,4,1,871.4285714285714,234.34377909968316,1538.4603174603174,871.4285714285714,234.34377909968316,1538.4603174603174,-5.578994750976563e-10,-5.475335121154785e-06,180.25273640625,177.136172578125,2.200317453536987,2.49836060225789e-06,nan,nan,0.1681899999666214,nan,0.4557843804359436,0.46496081352233887,87.78711557388306,81.81771492958069,0.0,169.60487055778503
292,292,ppo,clip,gae,ALE/Seaquest-v5,atari,0,1,1.0,29200000,100000,62,62,4,1,856.4516129032259,225.4321783009861,1543.774193548387,856.4516129032259,225.4321783009861,1543.774193548387,1.3608932495117187e-08,-5.9379446506500246e-05,178.71712839355467,176.26726756347657,2.2139126258850097,9.818066238949541e-07,nan,nan,0.056050000023841855,nan,0.43618279695510864,0.44036489725112915,87.50478839874268,81.63416695594788,0.0,169.13898706436157
293,293,ppo,clip,gae,ALE/Seaquest-v5,atari,0,1,1.0,29300000,100000,61,61,4,1,906.5573770491803,209.12687533304452,1618.7704918032787,906.5573770491803,209.12687533304452,1618.7704918032787,-5.207061767578125e-09,-4.08488655090332e-05,183.27131602539063,181.44863057128907,2.2120661442565916,7.566457084976719e-07,nan,nan,0.0669600000154972,nan,0.44141578674316406,0.44557619094848633,89.55202555656433,81.73122072219849,0.0,171.28327894210815
294,294,ppo,clip,gae,ALE/Seaquest-v5,atari,0,1,1.0,29400000,100000,64,64,4,1,851.25,195.12415919101355,1517.5625,851.25,195.12415919101355,1517.5625,-6.003379821777344e-09,5.585858821868896e-06,179.66805741699218,178.0625118457031,2.2217272515106203,1.0923014225045335e-06,nan,nan,0.17058000014305114,nan,0.4479883909225464,0.4531225562095642,87.92943286895752,81.60276627540588,0.0,169.53223776817322
295,295,ppo,clip,gae,ALE/Seaquest-v5,atari,0,1,1.0,29500000,100000,59,59,4,1,949.8305084745763,238.39499714224985,1645.593220338983,949.8305084745763,238.39499714224985,1645.593220338983,-1.2816786766052246e-08,-3.389582455158233e-05,174.57448405273436,164.90028416015625,2.2052562952423096,2.7865276749253097e-07,nan,nan,0.03603000000774861,nan,0.47467494010925293,0.4831845760345459,91.29854321479797,83.04416799545288,0.0,174.3427438735962
296,296,ppo,clip,gae,ALE/Seaquest-v5,atari,0,1,1.0,29600000,100000,62,62,4,1,866.1290322580645,224.2000463203146,1567.2903225806451,866.1290322580645,224.2000463203146,1567.2903225806451,-5.717277526855469e-09,-3.191734790802002e-05,172.11940462402345,165.5718296386719,2.2089571824645997,2.6656632645426726e-07,nan,nan,0.06796000004529953,nan,0.47329872846603394,0.47551465034484863,90.54297828674316,82.17573237419128,0.0,172.71875500679016
297,297,ppo,clip,gae,ALE/Seaquest-v5,atari,0,1,1.0,29700000,100000,60,60,4,1,901.0,213.11733857197072,1598.6833333333334,901.0,213.11733857197072,1598.6833333333334,8.287429809570312e-09,-2.3506736755371092e-06,176.98652411621094,174.58700749511718,2.2079471800231936,1.810675380329485e-07,nan,nan,0.08741999999284744,nan,0.45496559143066406,0.4580959677696228,89.70954203605652,82.10707211494446,0.0,171.81664562225342
298,298,ppo,clip,gae,ALE/Seaquest-v5,atari,0,1,1.0,29800000,100000,62,62,4,1,884.516129032258,219.39563188049442,1569.8387096774193,884.516129032258,219.39563188049442,1569.8387096774193,9.72747802734375e-10,-1.3396141529083251e-05,176.65690967285155,176.14889028808594,2.207995194244385,6.634316975805632e-08,nan,nan,0.07001000000238418,nan,0.4562211036682129,0.4573730230331421,87.73282933235168,81.56146335601807,0.0,169.29432487487793
299,299,ppo,clip,gae,ALE/Seaquest-v5,atari,0,1,1.0,29900000,100000,61,61,4,1,896.0655737704918,220.03933097401122,1593.4426229508197,896.0655737704918,220.03933097401122,1593.4426229508197,2.5534629821777346e-09,-6.6594219207763676e-06,177.4549622753906,176.67570287109376,2.2115435357666016,1.1861001507611491e-08,nan,nan,0.046579999994039535,nan,0.4563196897506714,0.45860207080841064,88.28804397583008,81.52564358711243,0.0,169.81371927261353
300,300,ppo,clip,gae,ALE/Seaquest-v5,atari,0,1,1.0,30000000,100000,62,62,4,1,907.741935483871,221.41348965838895,1593.5,907.741935483871,221.41348965838895,1593.5,1.7301380634307863e-07,1.7301380634307863e-07,175.04844181152345,175.04844181152345,2.2024343769836427,0.0,nan,nan,0.7754800006103516,nan,0.46975523233413696,0.46975523233413696,87.75073027610779,82.2621922492981,0.002819538116455078,170.01580929756165
