iteration,epoch,method,method_variant,estimator,env_id,suite,seed,trainable,did_update,env_steps,batch_env_steps,episodes_in_batch,episodes_in_epoch,num_workers,parallel_rollouts,train_return_mean,train_return_std,train_len_mean,ep_return_mean,ep_return_std,ep_len_mean,policy_loss_before,policy_loss_after,value_loss_before,value_loss_after,entropy,approx_kl,line_search_success,cg_norm,clip_fraction,kl_coef,value_explained_variance_before,value_explained_variance_after,collect_time_sec,update_time_sec,checkpoint_time_sec,wall_time_sec
1,1,trpo,trpo_paper,trpo_paper,ALE/Qbert-v5,atari,0,1,1.0,100651,100651,304,304,4,1,160.69078947368422,149.83823442003572,331.0888157894737,160.69078947368422,149.83823442003572,331.0888157894737,34.70496132676278,34.802680254667116,nan,nan,1.7867563121112806,0.0050566657176368875,1.0,1.3847393989562988,nan,nan,nan,nan,65.6321930885315,69.64093136787415,0.0,135.2731430530548
2,2,trpo,trpo_paper,trpo_paper,ALE/Qbert-v5,atari,0,1,1.0,201419,100768,296,296,4,1,185.8108108108108,166.8128847894401,340.43243243243245,185.8108108108108,166.8128847894401,340.43243243243245,38.55111013044816,38.6296129320568,nan,nan,1.7860017487570459,0.007117744345039309,1.0,1.000854730606079,nan,nan,nan,nan,64.98372149467468,68.55447125434875,0.0,133.53819870948792
3,3,trpo,trpo_paper,trpo_paper,ALE/Qbert-v5,atari,0,1,1.0,302142,100723,295,295,4,1,209.0677966101695,162.75039268423868,341.43389830508477,209.0677966101695,162.75039268423868,341.43389830508477,43.925261298313195,44.053935359848296,nan,nan,1.7686494515744915,0.008729344031763253,1.0,1.4418336153030396,nan,nan,nan,nan,63.80919575691223,68.90480923652649,0.0,132.71401000022888
4,4,trpo,trpo_paper,trpo_paper,ALE/Qbert-v5,atari,0,1,1.0,402895,100753,285,285,4,1,254.12280701754386,181.61826847746408,353.51929824561404,254.12280701754386,181.61826847746408,353.51929824561404,51.97022483201493,52.061278882514664,nan,nan,1.7337702035314706,0.008642811994517611,1.0,0.9662704467773438,nan,nan,nan,nan,64.07895040512085,68.98846340179443,0.0,133.06741881370544
5,5,trpo,trpo_paper,trpo_paper,ALE/Qbert-v5,atari,0,1,1.0,503522,100627,284,284,4,1,262.8521126760563,161.07134484240026,354.32042253521126,262.8521126760563,161.07134484240026,354.32042253521126,53.20569063223588,53.262593616151726,nan,nan,1.691698970307733,0.006194850801525667,1.0,0.7284368872642517,nan,nan,nan,nan,63.78904938697815,69.01522660255432,0.0,132.80428171157837
6,6,trpo,trpo_paper,trpo_paper,ALE/Qbert-v5,atari,0,1,1.0,604095,100573,287,287,4,1,264.6341463414634,158.94947573839835,350.42857142857144,264.6341463414634,158.94947573839835,350.42857142857144,53.34159181949927,53.39749275712666,nan,nan,1.6990586396005576,0.00732120817032997,1.0,0.6802073121070862,nan,nan,nan,nan,64.35132050514221,74.67386293411255,0.0,139.02518963813782
7,7,trpo,trpo_paper,trpo_paper,ALE/Qbert-v5,atari,0,1,1.0,705194,101099,287,287,4,1,280.4878048780488,140.2707897268071,352.26132404181186,280.4878048780488,140.2707897268071,352.26132404181186,55.95210140555297,56.05280900404554,nan,nan,1.6588923569811522,0.008053130598189184,1.0,1.0943872928619385,nan,nan,nan,nan,64.31841135025024,69.38261818885803,0.0,133.70103406906128
8,8,trpo,trpo_paper,trpo_paper,ALE/Qbert-v5,atari,0,1,1.0,805830,100636,289,289,4,1,275.51903114186854,139.8828247324048,348.2214532871972,275.51903114186854,139.8828247324048,348.2214532871972,56.18242928102269,56.28900815811439,nan,nan,1.6339419888144215,0.007135400219806632,1.0,0.8503606915473938,nan,nan,nan,nan,63.968313694000244,74.64096093177795,0.0,138.60927963256836
9,9,trpo,trpo_paper,trpo_paper,ALE/Qbert-v5,atari,0,1,1.0,906372,100542,289,289,4,1,289.96539792387546,136.76818027186096,347.8961937716263,289.96539792387546,136.76818027186096,347.8961937716263,58.93392904209186,59.027478721579044,nan,nan,1.5734682061313618,0.009740750970717334,1.0,1.2023899555206299,nan,nan,nan,nan,63.766008615493774,69.03168392181396,0.0,132.79769778251648
10,10,trpo,trpo_paper,trpo_paper,ALE/Qbert-v5,atari,0,1,1.0,1007496,101124,289,289,4,1,294.7231833910035,119.25486438935505,349.9100346020761,294.7231833910035,119.25486438935505,349.9100346020761,58.59199720145564,58.70302518442704,nan,nan,1.5469027158179562,0.005089723631031722,1.0,1.5287221670150757,nan,nan,nan,nan,64.28480887413025,69.47441291809082,0.0,133.75922656059265
11,11,trpo,trpo_paper,trpo_paper,ALE/Qbert-v5,atari,0,1,1.0,1108483,100987,280,280,4,1,317.76785714285717,151.5659911758652,360.66785714285714,317.76785714285717,151.5659911758652,360.66785714285714,61.20258269628764,61.31415677265391,nan,nan,1.5509168549386307,0.008057269116512188,1.0,1.3226960897445679,nan,nan,nan,nan,64.19942545890808,69.3233871459961,0.0,133.52281856536865
12,12,trpo,trpo_paper,trpo_paper,ALE/Qbert-v5,atari,0,1,1.0,1209127,100644,269,269,4,1,369.5167286245353,163.17638385512214,374.14126394052045,369.5167286245353,163.17638385512214,374.14126394052045,68.14119469056774,68.32921423532451,nan,nan,1.5066961759433313,0.009463133160618595,1.0,2.08109450340271,nan,nan,nan,nan,64.0367043018341,69.13482356071472,0.0,133.17153334617615
13,13,trpo,trpo_paper,trpo_paper,ALE/Qbert-v5,atari,0,1,1.0,1309934,100807,261,261,4,1,394.06130268199234,186.02563391066897,386.2337164750958,394.06130268199234,186.02563391066897,386.2337164750958,69.41124190284405,69.60754275496741,nan,nan,1.507748122068966,0.007428098807059332,1.0,2.7058308124542236,nan,nan,nan,nan,64.58790469169617,69.25726580619812,0.0,133.84517574310303
14,14,trpo,trpo_paper,trpo_paper,ALE/Qbert-v5,atari,0,1,1.0,1410887,100953,256,256,4,1,412.59765625,175.19517641264224,394.34765625,412.59765625,175.19517641264224,394.34765625,71.18504232786545,71.39170904406011,nan,nan,1.4779554725303792,0.007087759478530892,1.0,2.237478256225586,nan,nan,nan,nan,64.75884890556335,69.30425882339478,0.0,134.0631124973297
15,15,trpo,trpo_paper,trpo_paper,ALE/Qbert-v5,atari,0,1,1.0,1511723,100836,257,257,4,1,423.3463035019455,179.8986115123713,392.3579766536965,423.3463035019455,179.8986115123713,392.3579766536965,73.135545588877,73.32538602284899,nan,nan,1.487965965853589,0.008123262430860008,1.0,2.28657865524292,nan,nan,nan,nan,64.22465825080872,69.270263671875,0.0,133.49492716789246
16,16,trpo,trpo_paper,trpo_paper,ALE/Qbert-v5,atari,0,1,1.0,1612685,100962,258,258,4,1,411.8217054263566,173.61237004531228,391.3255813953488,411.8217054263566,173.61237004531228,391.3255813953488,70.9441568981399,71.1152172351974,nan,nan,1.4750180775587287,0.007237113813324543,1.0,2.731614828109741,nan,nan,nan,nan,64.57160925865173,69.41038537025452,0.0,133.9819996356964
17,17,trpo,trpo_paper,trpo_paper,ALE/Qbert-v5,atari,0,1,1.0,1713406,100721,258,258,4,1,419.9612403100775,164.61076490935525,390.3914728682171,419.9612403100775,164.61076490935525,390.3914728682171,71.9610905372266,72.13985601314522,nan,nan,1.4419878016415706,0.006418074191480717,1.0,2.5898327827453613,nan,nan,nan,nan,63.99898648262024,69.24700689315796,0.0,133.2459979057312
18,18,trpo,trpo_paper,trpo_paper,ALE/Qbert-v5,atari,0,1,1.0,1814204,100798,256,256,4,1,415.33203125,167.9139797604685,393.7421875,415.33203125,167.9139797604685,393.7421875,71.22576557818607,71.42509244975099,nan,nan,1.4163764322813324,0.008057027537021704,1.0,2.3458192348480225,nan,nan,nan,nan,64.60365724563599,69.15929961204529,0.0,133.76296186447144
19,19,trpo,trpo_paper,trpo_paper,ALE/Qbert-v5,atari,0,1,1.0,1915148,100944,245,245,4,1,470.51020408163265,177.35369048466336,412.0163265306122,470.51020408163265,177.35369048466336,412.0163265306122,76.61794534593437,76.9408880171184,nan,nan,1.3974527723911279,0.0063253733978846935,1.0,3.861626148223877,nan,nan,nan,nan,64.08578705787659,74.94327569007874,0.0,139.02906799316406
20,20,trpo,trpo_paper,trpo_paper,ALE/Qbert-v5,atari,0,1,1.0,2015894,100746,248,248,4,1,444.65725806451616,167.00994594363144,406.23387096774195,444.65725806451616,167.00994594363144,406.23387096774195,72.47262329273619,72.80507755891053,nan,nan,1.3839614192964236,0.00843503064053731,1.0,3.5593767166137695,nan,nan,nan,nan,64.24547696113586,69.09704160690308,0.0,133.34252285957336
21,21,trpo,trpo_paper,trpo_paper,ALE/Qbert-v5,atari,0,1,1.0,2116442,100548,243,243,4,1,474.5884773662551,165.3336674595467,413.77777777777777,474.5884773662551,165.3336674595467,413.77777777777777,76.06939720332578,76.39955124045233,nan,nan,1.37522168312569,0.008965429423108158,1.0,3.497870922088623,nan,nan,nan,nan,64.06025505065918,69.09330558776855,0.0,133.1535656452179
22,22,trpo,trpo_paper,trpo_paper,ALE/Qbert-v5,atari,0,1,1.0,2217114,100672,243,243,4,1,491.358024691358,192.790338494112,414.2880658436214,491.358024691358,192.790338494112,414.2880658436214,77.99905525493682,78.23700575880086,nan,nan,1.3552977943299154,0.006021892066656577,1.0,3.7473416328430176,nan,nan,nan,nan,64.11032223701477,69.10848617553711,0.0,133.21881318092346
23,23,trpo,trpo_paper,trpo_paper,ALE/Qbert-v5,atari,0,1,1.0,2317895,100781,242,242,4,1,497.8305785123967,174.00230422288072,416.4504132231405,497.8305785123967,174.00230422288072,416.4504132231405,79.09555248509143,79.51485430041377,nan,nan,1.342677831642683,0.007279694215355328,1.0,4.442995071411133,nan,nan,nan,nan,64.05843925476074,69.15662336349487,0.0,133.21506810188293
24,24,trpo,trpo_paper,trpo_paper,ALE/Qbert-v5,atari,0,1,1.0,2418484,100589,236,236,4,1,520.1271186440678,164.84643838321165,426.22457627118644,520.1271186440678,164.84643838321165,426.22457627118644,80.16840900844029,80.4467371556532,nan,nan,1.3756492739211357,0.007626992220828601,1.0,3.599675178527832,nan,nan,nan,nan,63.920008182525635,69.11861205101013,0.0,133.0386254787445
25,25,trpo,trpo_paper,trpo_paper,ALE/Qbert-v5,atari,0,1,1.0,2519553,101069,239,239,4,1,517.9916317991632,173.357636759562,422.88284518828453,517.9916317991632,173.357636759562,422.88284518828453,80.36037570867427,80.67020983189703,nan,nan,1.3675750755671867,0.007501030125345979,1.0,3.94704270362854,nan,nan,nan,nan,64.46641492843628,69.35110759735107,0.00942683219909668,133.82695746421814
26,26,trpo,trpo_paper,trpo_paper,ALE/Qbert-v5,atari,0,1,1.0,2620526,100973,238,238,4,1,523.3193277310925,165.90188620062824,424.2563025210084,523.3193277310925,165.90188620062824,424.2563025210084,80.06640141423945,80.27453394100404,nan,nan,1.3359418594381356,0.0058560968209216135,1.0,3.072282552719116,nan,nan,nan,nan,63.84189319610596,80.43052792549133,0.0,144.2724256515503
27,27,trpo,trpo_paper,trpo_paper,ALE/Qbert-v5,atari,0,1,1.0,2721072,100546,232,232,4,1,536.4224137931035,168.88619157443995,433.38793103448273,536.4224137931035,168.88619157443995,433.38793103448273,80.98272587919958,81.28640311399758,nan,nan,1.3618602367596362,0.007032855928181382,1.0,3.745332717895508,nan,nan,nan,nan,64.34498286247253,69.09697437286377,0.0,133.4419617652893
28,28,trpo,trpo_paper,trpo_paper,ALE/Qbert-v5,atari,0,1,1.0,2822060,100988,231,231,4,1,541.5584415584416,158.5552870519199,437.1774891774892,541.5584415584416,158.5552870519199,437.1774891774892,80.56274074642532,80.83814057734583,nan,nan,1.344451093218532,0.007710865550573903,1.0,2.8600635528564453,nan,nan,nan,nan,64.38745427131653,69.34009861946106,0.0,133.7275586128235
29,29,trpo,trpo_paper,trpo_paper,ALE/Qbert-v5,atari,0,1,1.0,2922805,100745,238,238,4,1,540.4411764705883,148.80657848461064,423.29831932773106,540.4411764705883,148.80657848461064,423.29831932773106,82.2555322224428,82.54547651248201,nan,nan,1.3233270629900988,0.0069361294616503534,1.0,3.3989622592926025,nan,nan,nan,nan,64.56301283836365,69.18452501296997,0.0,133.7475426197052
30,30,trpo,trpo_paper,trpo_paper,ALE/Qbert-v5,atari,0,1,1.0,3023842,101037,235,235,4,1,538.4042553191489,180.45777010260016,429.9446808510638,538.4042553191489,180.45777010260016,429.9446808510638,82.04475526292349,82.19436289428626,nan,nan,1.335186013133648,0.008734937340763855,1.0,3.0940730571746826,nan,nan,nan,nan,64.12333989143372,86.18615436553955,0.0,150.309499502182
31,31,trpo,trpo_paper,trpo_paper,ALE/Qbert-v5,atari,0,1,1.0,3124547,100705,239,239,4,1,512.1338912133891,175.81027853817358,421.35983263598325,512.1338912133891,175.81027853817358,421.35983263598325,79.98569863710838,80.30244805372126,nan,nan,1.3222144816543369,0.008489554915411633,1.0,2.2754766941070557,nan,nan,nan,nan,63.98855137825012,69.09643220901489,0.0,133.08498859405518
32,32,trpo,trpo_paper,trpo_paper,ALE/Qbert-v5,atari,0,1,1.0,3225673,101126,238,238,4,1,523.9495798319327,180.98687675808705,424.89915966386553,523.9495798319327,180.98687675808705,424.89915966386553,81.24872590876728,81.4932179286237,nan,nan,1.3458419669134916,0.009394930046246761,1.0,2.9050543308258057,nan,nan,nan,nan,63.99957203865051,69.40810036659241,0.0,133.40767741203308
33,33,trpo,trpo_paper,trpo_paper,ALE/Qbert-v5,atari,0,1,1.0,3326975,101302,239,239,4,1,550.418410041841,175.42486571305318,423.8577405857741,550.418410041841,175.42486571305318,423.8577405857741,85.20831384745613,85.48319366226728,nan,nan,1.2945205113986211,0.007476413298812847,1.0,2.8019890785217285,nan,nan,nan,nan,64.27247834205627,69.5788049697876,0.0,133.85128903388977
34,34,trpo,trpo_paper,trpo_paper,ALE/Qbert-v5,atari,0,1,1.0,3428412,101437,237,237,4,1,547.6793248945148,177.07448704069614,428.0042194092827,547.6793248945148,177.07448704069614,428.0042194092827,84.66832599914233,85.12802712521072,nan,nan,1.3153843911430247,0.007627006483945878,1.0,4.639130592346191,nan,nan,nan,nan,64.27803111076355,69.64621233940125,0.0,133.92424845695496
35,35,trpo,trpo_paper,trpo_paper,ALE/Qbert-v5,atari,0,1,1.0,3529271,100859,237,237,4,1,566.7721518987341,157.3307904420102,425.56540084388183,566.7721518987341,157.3307904420102,425.56540084388183,85.70280075402295,85.80916675755262,nan,nan,1.3303802030015293,0.00796644490061948,1.0,3.95821475982666,nan,nan,nan,nan,64.62163639068604,69.26571011543274,0.0,133.88735055923462
36,36,trpo,trpo_paper,trpo_paper,ALE/Qbert-v5,atari,0,1,1.0,3630001,100730,239,239,4,1,556.5899581589958,174.18664322330832,421.4644351464435,556.5899581589958,174.18664322330832,421.4644351464435,86.99366189317979,87.25850944356199,nan,nan,1.3488879713249529,0.009708790796536427,1.0,2.2266006469726562,nan,nan,nan,nan,63.95628905296326,69.12676358222961,0.0,133.08305835723877
37,37,trpo,trpo_paper,trpo_paper,ALE/Qbert-v5,atari,0,1,1.0,3731211,101210,238,238,4,1,563.3403361344538,156.89033574005288,425.25210084033614,563.3403361344538,156.89033574005288,425.25210084033614,85.64974156456871,85.90934443236834,nan,nan,1.2907918217883918,0.007562959150824077,1.0,2.3517520427703857,nan,nan,nan,nan,64.23234438896179,69.451913356781,0.0,133.6842622756958
38,38,trpo,trpo_paper,trpo_paper,ALE/Qbert-v5,atari,0,1,1.0,3832185,100974,231,231,4,1,593.7229437229437,141.62627285181682,437.1168831168831,593.7229437229437,141.62627285181682,437.1168831168831,87.96023558663616,88.2527271871967,nan,nan,1.2493126179527032,0.007762936588588825,1.0,3.2691404819488525,nan,nan,nan,nan,64.24531769752502,69.37526297569275,0.0,133.62058568000793
39,39,trpo,trpo_paper,trpo_paper,ALE/Qbert-v5,atari,0,1,1.0,3932903,100718,233,233,4,1,591.2017167381974,155.07458428876018,432.26609442060084,591.2017167381974,155.07458428876018,432.26609442060084,89.2243429674934,89.55839835605353,nan,nan,1.263938590354846,0.008444325274250472,1.0,2.9621164798736572,nan,nan,nan,nan,64.87331318855286,69.13104891777039,0.0,134.00436854362488
40,40,trpo,trpo_paper,trpo_paper,ALE/Qbert-v5,atari,0,1,1.0,4033619,100716,238,238,4,1,589.8109243697479,131.24591216677982,423.1764705882353,589.8109243697479,131.24591216677982,423.1764705882353,89.3500460142877,89.68747393661384,nan,nan,1.2696981797827556,0.006993487708496473,1.0,1.9401665925979614,nan,nan,nan,nan,64.0470175743103,69.13706016540527,0.0,133.18408274650574
41,41,trpo,trpo_paper,trpo_paper,ALE/Qbert-v5,atari,0,1,1.0,4134300,100681,238,238,4,1,575.8403361344538,143.31873646434283,423.02941176470586,575.8403361344538,143.31873646434283,423.02941176470586,86.96057783991021,87.24315567237116,nan,nan,1.2939923602687573,0.007556564170064507,1.0,2.6938674449920654,nan,nan,nan,nan,64.08134603500366,69.20861983299255,0.0,133.28997206687927
42,42,trpo,trpo_paper,trpo_paper,ALE/Qbert-v5,atari,0,1,1.0,4235261,100961,243,243,4,1,580.0411522633744,155.79610486154752,415.47736625514403,580.0411522633744,155.79610486154752,415.47736625514403,89.2827713176375,89.7030095470033,nan,nan,1.3001652411342624,0.008085995821371542,1.0,4.061776161193848,nan,nan,nan,nan,64.25880479812622,69.39781832695007,0.0,133.65662741661072
43,43,trpo,trpo_paper,trpo_paper,ALE/Qbert-v5,atari,0,1,1.0,4335982,100721,236,236,4,1,601.1652542372881,132.91156986094725,426.78389830508473,601.1652542372881,132.91156986094725,426.78389830508473,89.62867785764637,90.05223122536512,nan,nan,1.296829338011996,0.008834805169734035,1.0,3.2275025844573975,nan,nan,nan,nan,64.19847917556763,69.17158436775208,0.0,133.3700692653656
44,44,trpo,trpo_paper,trpo_paper,ALE/Qbert-v5,atari,0,1,1.0,4437349,101367,243,243,4,1,592.283950617284,142.19990286973535,417.14814814814815,592.283950617284,142.19990286973535,417.14814814814815,90.17752587750451,90.55614376473606,nan,nan,1.2966013000717689,0.007166319348960499,1.0,3.8950788974761963,nan,nan,nan,nan,64.54594945907593,69.56313443183899,0.0,134.10908961296082
45,45,trpo,trpo_paper,trpo_paper,ALE/Qbert-v5,atari,0,1,1.0,4538316,100967,243,243,4,1,586.2139917695473,139.90468349082028,415.50205761316874,586.2139917695473,139.90468349082028,415.50205761316874,89.27730177310409,89.61374709682372,nan,nan,1.3040128519714362,0.007292085876932522,1.0,3.9348068237304688,nan,nan,nan,nan,64.80352401733398,69.42085480690002,0.0,134.224383354187
46,46,trpo,trpo_paper,trpo_paper,ALE/Qbert-v5,atari,0,1,1.0,4639253,100937,240,240,4,1,594.7916666666666,140.71601992626458,420.5708333333333,594.7916666666666,140.71601992626458,420.5708333333333,89.87253435311135,90.1833978124969,nan,nan,1.305616430201357,0.00829722656235414,1.0,2.822338581085205,nan,nan,nan,nan,64.17159605026245,69.31584119796753,0.0,133.48744201660156
47,47,trpo,trpo_paper,trpo_paper,ALE/Qbert-v5,atari,0,1,1.0,4740452,101199,232,232,4,1,623.4913793103449,129.3130387650419,436.20258620689657,623.4913793103449,129.3130387650419,436.20258620689657,91.37446670668683,91.69988772122254,nan,nan,1.3062176737248514,0.006123503104620639,1.0,3.7459557056427,nan,nan,nan,nan,64.14310026168823,75.1765468120575,0.0,139.3196530342102
48,48,trpo,trpo_paper,trpo_paper,ALE/Qbert-v5,atari,0,1,1.0,4841485,101033,238,238,4,1,601.7857142857143,150.6793589304224,424.50840336134456,601.7857142857143,150.6793589304224,424.50840336134456,90.13569220576446,90.47225102194332,nan,nan,1.3016923631039796,0.007876879426031816,1.0,4.1916279792785645,nan,nan,nan,nan,64.9555070400238,69.41058039665222,0.0,134.3660922050476
49,49,trpo,trpo_paper,trpo_paper,ALE/Qbert-v5,atari,0,1,1.0,4942053,100568,235,235,4,1,605.531914893617,126.11727926963749,427.9489361702128,605.531914893617,126.11727926963749,427.9489361702128,89.42808472874076,89.76227962672023,nan,nan,1.2840003472658115,0.008699734199034406,1.0,3.5805022716522217,nan,nan,nan,nan,64.19883012771606,69.07271885871887,0.0,133.27155423164368
50,50,trpo,trpo_paper,trpo_paper,ALE/Qbert-v5,atari,0,1,1.0,5042852,100799,234,234,4,1,613.6752136752136,142.9054333813505,430.7649572649573,613.6752136752136,142.9054333813505,430.7649572649573,90.8697792140795,91.32466622932768,nan,nan,1.25988979160027,0.00775531714563496,1.0,4.027719020843506,nan,nan,nan,nan,64.47900319099426,69.3972396850586,0.0020246505737304688,133.87827515602112
51,51,trpo,trpo_paper,trpo_paper,ALE/Qbert-v5,atari,0,1,1.0,5143691,100839,234,234,4,1,622.8632478632478,152.0540505554064,430.93589743589746,622.8632478632478,152.0540505554064,430.93589743589746,93.25465702134095,93.67625187179563,nan,nan,1.253757870877401,0.00823426841449524,1.0,4.171061038970947,nan,nan,nan,nan,65.00304174423218,69.26345825195312,0.0,134.26650428771973
52,52,trpo,trpo_paper,trpo_paper,ALE/Qbert-v5,atari,0,1,1.0,5244314,100623,230,230,4,1,627.1739130434783,139.29423102817853,437.4913043478261,627.1739130434783,139.29423102817853,437.4913043478261,92.59047167397117,93.02614399789313,nan,nan,1.2470728018740125,0.008208415998454907,1.0,5.468594074249268,nan,nan,nan,nan,65.24960327148438,69.27010130882263,0.0,134.51971006393433
53,53,trpo,trpo_paper,trpo_paper,ALE/Qbert-v5,atari,0,1,1.0,5345142,100828,231,231,4,1,638.6363636363636,132.89232458308948,436.4848484848485,638.6363636363636,132.89232458308948,436.4848484848485,93.7782018015829,94.14539735986035,nan,nan,1.226346892650727,0.009024670990153284,1.0,4.3523268699646,nan,nan,nan,nan,64.18528866767883,69.30124115943909,0.0,133.4865357875824
54,54,trpo,trpo_paper,trpo_paper,ALE/Qbert-v5,atari,0,1,1.0,5446073,100931,229,229,4,1,629.5851528384279,125.84102380786472,440.7467248908297,629.5851528384279,125.84102380786472,440.7467248908297,90.91513400862966,91.22068387066412,nan,nan,1.2031829129786067,0.008469991024096634,1.0,3.297475576400757,nan,nan,nan,nan,64.29890155792236,69.44057869911194,0.0,133.73948502540588
55,55,trpo,trpo_paper,trpo_paper,ALE/Qbert-v5,atari,0,1,1.0,5546801,100728,226,226,4,1,629.2035398230089,145.6562299821137,445.6991150442478,629.2035398230089,145.6562299821137,445.6991150442478,90.0744380906997,90.25116728342665,nan,nan,1.2082541490527088,0.006706085770442927,1.0,1.323909878730774,nan,nan,nan,nan,64.22088170051575,74.84121704101562,0.0,139.06210374832153
56,56,trpo,trpo_paper,trpo_paper,ALE/Qbert-v5,atari,0,1,1.0,5647616,100815,222,222,4,1,647.972972972973,143.9131031265805,454.1216216216216,647.972972972973,143.9131031265805,454.1216216216216,92.07526580245995,92.37950236819918,nan,nan,1.1743223562923115,0.008437505592932248,1.0,3.4509117603302,nan,nan,nan,nan,65.09641122817993,69.2371609210968,0.0,134.3335783481598
57,57,trpo,trpo_paper,trpo_paper,ALE/Qbert-v5,atari,0,1,1.0,5748386,100770,221,221,4,1,648.1900452488687,131.932658300522,455.97285067873304,648.1900452488687,131.932658300522,455.97285067873304,91.45189540537858,91.73198403542722,nan,nan,1.1510653199853318,0.009922714091259223,1.0,1.6681069135665894,nan,nan,nan,nan,64.41978311538696,69.26383590698242,0.0,133.6836245059967
58,58,trpo,trpo_paper,trpo_paper,ALE/Qbert-v5,atari,0,1,1.0,5849524,101138,223,223,4,1,648.6547085201794,125.0936225635862,453.5336322869955,648.6547085201794,125.0936225635862,453.5336322869955,91.70797743553362,92.06172383278293,nan,nan,1.1305674191374038,0.007013063709665759,1.0,3.220773696899414,nan,nan,nan,nan,64.60365128517151,69.4370493888855,0.0,134.04070663452148
59,59,trpo,trpo_paper,trpo_paper,ALE/Qbert-v5,atari,0,1,1.0,5950445,100921,225,225,4,1,649.1111111111111,115.10521220406663,448.53777777777776,649.1111111111111,115.10521220406663,448.53777777777776,93.27109385063565,93.57675527144994,nan,nan,1.1238220791200544,0.009689297726063218,1.0,1.2144616842269897,nan,nan,nan,nan,64.36171555519104,69.36778545379639,0.0,133.72950673103333
60,60,trpo,trpo_paper,trpo_paper,ALE/Qbert-v5,atari,0,1,1.0,6051364,100919,223,223,4,1,644.3946188340807,173.53477925850675,452.5515695067265,644.3946188340807,173.53477925850675,452.5515695067265,92.8432381414798,93.16081801989715,nan,nan,1.1262308080149674,0.009514757828856238,1.0,1.9495737552642822,nan,nan,nan,nan,64.29897570610046,69.27684330940247,0.0,133.5758237838745
61,61,trpo,trpo_paper,trpo_paper,ALE/Qbert-v5,atari,0,1,1.0,6152572,101208,221,221,4,1,663.3484162895927,259.8674581409902,457.9547511312217,663.3484162895927,259.8674581409902,457.9547511312217,94.0128879078235,94.36829258803652,nan,nan,1.1312406577759415,0.00832538273710819,1.0,2.56672739982605,nan,nan,nan,nan,65.37934851646423,69.6050477027893,0.0,134.98440194129944
62,62,trpo,trpo_paper,trpo_paper,ALE/Qbert-v5,atari,0,1,1.0,6253624,101052,219,219,4,1,655.7077625570777,128.37436864194342,461.4246575342466,655.7077625570777,128.37436864194342,461.4246575342466,91.05144164638008,91.31296665330721,nan,nan,1.149110544087914,0.009488901901847582,1.0,1.4090813398361206,nan,nan,nan,nan,64.43563556671143,69.42900705337524,0.0,133.8646478652954
63,63,trpo,trpo_paper,trpo_paper,ALE/Qbert-v5,atari,0,1,1.0,6354373,100749,220,220,4,1,652.7272727272727,123.73659039125369,457.95,652.7272727272727,123.73659039125369,457.95,90.93704140363675,91.14692949805954,nan,nan,1.156325748561245,0.006336115537500211,1.0,1.8613767623901367,nan,nan,nan,nan,64.42278981208801,74.80808901786804,0.0,139.2308840751648
64,64,trpo,trpo_paper,trpo_paper,ALE/Qbert-v5,atari,0,1,1.0,6455149,100776,220,220,4,1,641.4772727272727,139.65696425631361,458.07272727272726,641.4772727272727,139.65696425631361,458.07272727272726,89.19383567888188,89.45005259188696,nan,nan,1.1366829099546891,0.009062521606494464,1.0,2.216522455215454,nan,nan,nan,nan,64.9573266506195,69.22934603691101,0.0,134.18667888641357
65,65,trpo,trpo_paper,trpo_paper,ALE/Qbert-v5,atari,0,1,1.0,6555946,100797,218,218,4,1,657.5688073394496,148.57907214138226,462.3715596330275,657.5688073394496,148.57907214138226,462.3715596330275,91.5928084417195,91.8610865154717,nan,nan,1.115156475352379,0.009304790548735646,1.0,2.0434951782226562,nan,nan,nan,nan,64.37306571006775,69.23975205421448,0.0,133.61282324790955
66,66,trpo,trpo_paper,trpo_paper,ALE/Qbert-v5,atari,0,1,1.0,6656904,100958,215,215,4,1,657.9069767441861,145.3193458453018,469.57209302325583,657.9069767441861,145.3193458453018,469.57209302325583,90.9633896335605,91.30785326571446,nan,nan,1.1081798963585106,0.0074237678455719375,1.0,3.0720295906066895,nan,nan,nan,nan,64.07058525085449,69.4205641746521,0.0,133.49115443229675
67,67,trpo,trpo_paper,trpo_paper,ALE/Qbert-v5,atari,0,1,1.0,6758281,101377,218,218,4,1,645.183486238532,145.61547107148016,465.0321100917431,645.183486238532,145.61547107148016,465.0321100917431,90.39133799456484,90.65964882320448,nan,nan,1.130381800806026,0.008347961612596454,1.0,2.010159969329834,nan,nan,nan,nan,65.00040745735168,69.67417812347412,0.0,134.67459106445312
68,68,trpo,trpo_paper,trpo_paper,ALE/Qbert-v5,atari,0,1,1.0,6858794,100513,217,217,4,1,654.3778801843318,132.88869625992672,463.19354838709677,654.3778801843318,132.88869625992672,463.19354838709677,92.18213844229105,92.52679721777282,nan,nan,1.103923717034737,0.008890688453773355,1.0,2.4335384368896484,nan,nan,nan,nan,64.39868712425232,69.00096297264099,0.0,133.39965534210205
69,69,trpo,trpo_paper,trpo_paper,ALE/Qbert-v5,atari,0,1,1.0,6959595,100801,216,216,4,1,662.7314814814815,141.89097317368567,466.6712962962963,662.7314814814815,141.89097317368567,466.6712962962963,92.5513806286644,92.78746676620271,nan,nan,1.129992321078474,0.006338645396272135,1.0,1.3586032390594482,nan,nan,nan,nan,64.30704808235168,74.68302488327026,0.0,138.99007892608643
70,70,trpo,trpo_paper,trpo_paper,ALE/Qbert-v5,atari,0,1,1.0,7060044,100449,211,211,4,1,658.2938388625593,146.00502786237368,476.06161137440756,658.2938388625593,146.00502786237368,476.06161137440756,89.36728199758086,89.71612195616682,nan,nan,1.1556973568559978,0.009395923523243114,1.0,1.9921246767044067,nan,nan,nan,nan,64.31385016441345,69.14874815940857,0.0,133.46260404586792
71,71,trpo,trpo_paper,trpo_paper,ALE/Qbert-v5,atari,0,1,1.0,7161039,100995,216,216,4,1,670.949074074074,156.95054717458592,467.56944444444446,670.949074074074,156.95054717458592,467.56944444444446,92.59538281598098,92.96090694465073,nan,nan,1.1456358500498167,0.009988246299833602,1.0,2.15832781791687,nan,nan,nan,nan,64.3444504737854,69.19583916664124,0.0,133.54029440879822
72,72,trpo,trpo_paper,trpo_paper,ALE/Qbert-v5,atari,0,1,1.0,7262466,101427,216,216,4,1,660.7638888888889,135.43224625478706,469.56944444444446,660.7638888888889,135.43224625478706,469.56944444444446,91.00614111627081,91.31334081408303,nan,nan,1.133537279467314,0.009132967593475108,1.0,1.2931199073791504,nan,nan,nan,nan,65.49435544013977,69.55633568763733,0.0,135.05069661140442
73,73,trpo,trpo_paper,trpo_paper,ALE/Qbert-v5,atari,0,1,1.0,7363575,101109,213,213,4,1,653.5211267605633,149.54719064468023,474.6901408450704,653.5211267605633,149.54719064468023,474.6901408450704,89.06444931954623,89.45438941513613,nan,nan,1.1778136713843477,0.009660044575606205,1.0,2.237907648086548,nan,nan,nan,nan,64.74918031692505,69.39878010749817,0.0,134.1479663848877
74,74,trpo,trpo_paper,trpo_paper,ALE/Qbert-v5,atari,0,1,1.0,7464642,101067,209,209,4,1,667.1052631578947,146.19534817756173,483.57416267942585,667.1052631578947,146.19534817756173,483.57416267942585,89.54439072595407,89.83412859786083,nan,nan,1.1582659314180197,0.00935208325990001,1.0,2.084850549697876,nan,nan,nan,nan,64.96976566314697,69.41605591773987,0.0,134.38582801818848
75,75,trpo,trpo_paper,trpo_paper,ALE/Qbert-v5,atari,0,1,1.0,7565998,101356,214,214,4,1,651.4018691588785,124.61772273210642,473.6261682242991,651.4018691588785,124.61772273210642,473.6261682242991,88.8471550771538,89.15500901525317,nan,nan,1.123555177727515,0.009452935153113963,1.0,2.0975847244262695,nan,nan,nan,nan,64.74661493301392,69.72238230705261,0.0022046566009521484,134.47120785713196
76,76,trpo,trpo_paper,trpo_paper,ALE/Qbert-v5,atari,0,1,1.0,7667052,101054,213,213,4,1,680.5164319248827,146.8630225161324,474.4319248826291,680.5164319248827,146.8630225161324,474.4319248826291,93.46128539567954,93.76329765521405,nan,nan,1.1284266202390862,0.008562525013736312,1.0,1.4364540576934814,nan,nan,nan,nan,65.16700053215027,69.48684000968933,0.0,134.6538462638855
77,77,trpo,trpo_paper,trpo_paper,ALE/Qbert-v5,atari,0,1,1.0,7767687,100635,209,209,4,1,671.5311004784689,170.62171773798525,481.50717703349284,671.5311004784689,170.62171773798525,481.50717703349284,91.38633272469816,91.78756676355145,nan,nan,1.1548329145084961,0.008783678827747061,1.0,2.703838348388672,nan,nan,nan,nan,64.43626499176025,69.33461332321167,0.0,133.77088332176208
78,78,trpo,trpo_paper,trpo_paper,ALE/Qbert-v5,atari,0,1,1.0,7868724,101037,210,210,4,1,669.6428571428571,179.39512408150253,481.12857142857143,669.6428571428571,179.39512408150253,481.12857142857143,90.97399807743697,91.20962354756179,nan,nan,1.1630979395040617,0.008846088138237685,1.0,1.1425684690475464,nan,nan,nan,nan,64.73743748664856,69.45040440559387,0.0,134.18784713745117
79,79,trpo,trpo_paper,trpo_paper,ALE/Qbert-v5,atari,0,1,1.0,7969753,101029,212,212,4,1,651.6509433962265,117.80064247292766,476.5518867924528,651.6509433962265,117.80064247292766,476.5518867924528,87.72250464594325,88.05513794306586,nan,nan,1.1488759207790895,0.008815466867992625,1.0,2.451606035232544,nan,nan,nan,nan,64.62504959106445,69.53441548347473,0.0,134.15947031974792
80,80,trpo,trpo_paper,trpo_paper,ALE/Qbert-v5,atari,0,1,1.0,8071085,101332,217,217,4,1,659.6774193548387,147.43861363175398,466.96774193548384,659.6774193548387,147.43861363175398,466.96774193548384,91.05501902163186,91.3730420178226,nan,nan,1.1507125647893497,0.007918179565937331,1.0,2.9568443298339844,nan,nan,nan,nan,64.92824244499207,69.72273707389832,0.0,134.65098428726196
81,81,trpo,trpo_paper,trpo_paper,ALE/Qbert-v5,atari,0,1,1.0,8172029,100944,217,217,4,1,659.1013824884793,121.46190485039315,465.17972350230417,659.1013824884793,121.46190485039315,465.17972350230417,90.7627449997028,91.00480216753844,nan,nan,1.1451856147885833,0.009922618524833183,1.0,2.2337896823883057,nan,nan,nan,nan,64.42260766029358,69.51524376869202,0.0,133.9378581047058
82,82,trpo,trpo_paper,trpo_paper,ALE/Qbert-v5,atari,0,1,1.0,8273057,101028,213,213,4,1,657.7464788732394,124.98297179526247,474.3098591549296,657.7464788732394,124.98297179526247,474.3098591549296,89.19695870204299,89.53653999386309,nan,nan,1.1265100141637714,0.008504271304272695,1.0,1.8657046556472778,nan,nan,nan,nan,64.54255437850952,69.71205043792725,0.0,134.25460982322693
83,83,trpo,trpo_paper,trpo_paper,ALE/Qbert-v5,atari,0,1,1.0,8373528,100471,211,211,4,1,665.8767772511849,129.8342508102263,476.1658767772512,665.8767772511849,129.8342508102263,476.1658767772512,90.3082307332464,90.47383806645699,nan,nan,1.124043139624867,0.006427040574444898,1.0,1.4778913259506226,nan,nan,nan,nan,64.44392561912537,74.57295632362366,0.0,139.01688694953918
84,84,trpo,trpo_paper,trpo_paper,ALE/Qbert-v5,atari,0,1,1.0,8474645,101117,212,212,4,1,682.6650943396227,141.36996861737606,476.9669811320755,682.6650943396227,141.36996861737606,476.9669811320755,92.59194052434309,92.8031528452189,nan,nan,1.140359044936806,0.006800800111859762,1.0,1.3678004741668701,nan,nan,nan,nan,64.57077431678772,74.6260826587677,0.0,139.19686222076416
85,85,trpo,trpo_paper,trpo_paper,ALE/Qbert-v5,atari,0,1,1.0,8575280,100635,207,207,4,1,685.1449275362319,128.74713358610072,486.15942028985506,685.1449275362319,128.74713358610072,486.15942028985506,91.6466680329905,91.90113078824464,nan,nan,1.1116744172551174,0.008551311623102409,1.0,2.233367919921875,nan,nan,nan,nan,64.36792540550232,68.62465357780457,0.0,132.99258399009705
86,86,trpo,trpo_paper,trpo_paper,ALE/Qbert-v5,atari,0,1,1.0,8675807,100527,210,210,4,1,665.5952380952381,134.75375417048144,478.7,665.5952380952381,134.75375417048144,478.7,89.7377663463547,89.97252697036618,nan,nan,1.123270430747927,0.00833180174418207,1.0,1.3751204013824463,nan,nan,nan,nan,64.5057213306427,68.5597755908966,0.0,133.06550216674805
87,87,trpo,trpo_paper,trpo_paper,ALE/Qbert-v5,atari,0,1,1.0,8777082,101275,211,211,4,1,676.1848341232228,141.33258465632048,479.97630331753555,676.1848341232228,141.33258465632048,479.97630331753555,91.13662583312762,91.44510614663047,nan,nan,1.1250731541980374,0.008788636437803692,1.0,3.071831226348877,nan,nan,nan,nan,65.13007187843323,68.91167378425598,0.0,134.04175090789795
88,88,trpo,trpo_paper,trpo_paper,ALE/Qbert-v5,atari,0,1,1.0,8877788,100706,209,209,4,1,677.7511961722488,163.80337527706104,481.8468899521531,677.7511961722488,163.80337527706104,481.8468899521531,92.11476662264413,92.40696246996207,nan,nan,1.1110190158069964,0.009893198974860849,1.0,1.822106957435608,nan,nan,nan,nan,64.54401922225952,68.498291015625,0.0,133.04231572151184
89,89,trpo,trpo_paper,trpo_paper,ALE/Qbert-v5,atari,0,1,1.0,8978654,100866,210,210,4,1,684.4047619047619,157.3712715846873,480.3142857142857,684.4047619047619,157.3712715846873,480.3142857142857,93.41644855550929,93.77555525400035,nan,nan,1.1070521011671735,0.007982287986360144,1.0,2.9252800941467285,nan,nan,nan,nan,64.42759418487549,68.66634345054626,0.0,133.0939426422119
90,90,trpo,trpo_paper,trpo_paper,ALE/Qbert-v5,atari,0,1,1.0,9079572,100918,209,209,4,1,672.8468899521531,154.44422818452685,482.8612440191388,672.8468899521531,154.44422818452685,482.8612440191388,91.17754064562318,91.4868957656216,nan,nan,1.1037706181472828,0.00882981385618626,1.0,1.8111556768417358,nan,nan,nan,nan,64.70083594322205,68.6963849067688,0.0,133.39723420143127
91,91,trpo,trpo_paper,trpo_paper,ALE/Qbert-v5,atari,0,1,1.0,9180626,101054,210,210,4,1,687.7380952380952,135.51578005527966,481.20952380952383,687.7380952380952,135.51578005527966,481.20952380952383,93.74026696122866,94.14372699249905,nan,nan,1.0936397847159687,0.009403793904946205,1.0,1.9313355684280396,nan,nan,nan,nan,64.49199509620667,68.93548369407654,0.0,133.42748427391052
92,92,trpo,trpo_paper,trpo_paper,ALE/Qbert-v5,atari,0,1,1.0,9281400,100774,206,206,4,1,701.2135922330098,170.73081921781193,489.19417475728153,701.2135922330098,170.73081921781193,489.19417475728153,95.18864752441105,95.50786072052315,nan,nan,1.083623036021506,0.008479047119945727,1.0,2.7847957611083984,nan,nan,nan,nan,64.52755522727966,68.70570397377014,0.0,133.2332637310028
93,93,trpo,trpo_paper,trpo_paper,ALE/Qbert-v5,atari,0,1,1.0,9382729,101329,212,212,4,1,674.5283018867924,144.75830262936657,477.9669811320755,674.5283018867924,144.75830262936657,477.9669811320755,91.48727011763661,91.73095405806828,nan,nan,1.066908344257166,0.0064597503476622135,1.0,1.523972988128662,nan,nan,nan,nan,65.23953533172607,74.65809965133667,0.0,139.89764094352722
94,94,trpo,trpo_paper,trpo_paper,ALE/Qbert-v5,atari,0,1,1.0,9483781,101052,207,207,4,1,683.695652173913,132.04719962178794,488.17391304347825,683.695652173913,132.04719962178794,488.17391304347825,90.44536213409927,90.76709902451213,nan,nan,1.0634875504226784,0.009802169644866646,1.0,1.168532371520996,nan,nan,nan,nan,64.62157893180847,68.825923204422,0.0,133.4475076198578
95,95,trpo,trpo_paper,trpo_paper,ALE/Qbert-v5,atari,0,1,1.0,9585465,101684,215,215,4,1,664.4186046511628,161.014983061037,472.9488372093023,664.4186046511628,161.014983061037,472.9488372093023,92.11471353654458,92.35820655166988,nan,nan,1.0679482298368905,0.006376945859783406,1.0,1.0042985677719116,nan,nan,nan,nan,65.58843731880188,74.98096680641174,0.0,140.56940960884094
96,96,trpo,trpo_paper,trpo_paper,ALE/Qbert-v5,atari,0,1,1.0,9686759,101294,209,209,4,1,665.4306220095693,145.5621218280922,484.66028708133973,665.4306220095693,145.5621218280922,484.66028708133973,89.65234860899955,89.9516093006496,nan,nan,1.066915929165659,0.0068411349801822076,1.0,2.181187629699707,nan,nan,nan,nan,64.96442127227783,74.6891987323761,0.0,139.65362572669983
97,97,trpo,trpo_paper,trpo_paper,ALE/Qbert-v5,atari,0,1,1.0,9787566,100807,213,213,4,1,636.1502347417841,171.62771141699693,473.2723004694836,636.1502347417841,171.62771141699693,473.2723004694836,87.75911798039819,88.00356637559892,nan,nan,1.0487103232189667,0.009705143947034662,1.0,1.8192554712295532,nan,nan,nan,nan,65.17219090461731,68.49539566040039,0.0,133.66759252548218
98,98,trpo,trpo_paper,trpo_paper,ALE/Qbert-v5,atari,0,1,1.0,9889228,101662,211,211,4,1,674.526066350711,172.50183880653393,481.81042654028437,674.526066350711,172.50183880653393,481.81042654028437,91.89251115215124,92.15677902018453,nan,nan,1.0203249820022477,0.009357972118816432,1.0,1.1936407089233398,nan,nan,nan,nan,64.7289228439331,69.16013526916504,0.0,133.88906478881836
99,99,trpo,trpo_paper,trpo_paper,ALE/Qbert-v5,atari,0,1,1.0,9990031,100803,209,209,4,1,669.2583732057416,138.6125723194294,482.311004784689,669.2583732057416,138.6125723194294,482.311004784689,89.4186708852911,89.65397886223624,nan,nan,1.0083413054500485,0.008511602017995902,1.0,1.596329689025879,nan,nan,nan,nan,64.55495691299438,68.60061073303223,0.0,133.1555736064911
100,100,trpo,trpo_paper,trpo_paper,ALE/Qbert-v5,atari,0,1,1.0,10091004,100973,209,209,4,1,691.1483253588517,139.86706610709365,483.1244019138756,691.1483253588517,139.86706610709365,483.1244019138756,93.16510586369624,93.53666899195825,nan,nan,1.0416198339376614,0.006721438620743357,1.0,2.6579596996307373,nan,nan,nan,nan,64.39514994621277,74.42234230041504,0.0021440982818603516,138.81964254379272
101,101,trpo,trpo_paper,trpo_paper,ALE/Qbert-v5,atari,0,1,1.0,10192277,101273,211,211,4,1,666.2322274881517,153.7644474906339,479.9668246445498,666.2322274881517,153.7644474906339,479.9668246445498,90.51792308907606,90.7036895322544,nan,nan,1.0420177121801961,0.008208530383870788,1.0,1.5241425037384033,nan,nan,nan,nan,65.00771164894104,69.01161599159241,0.0,134.01933217048645
102,102,trpo,trpo_paper,trpo_paper,ALE/Qbert-v5,atari,0,1,1.0,10293070,100793,204,204,4,1,689.3382352941177,123.3953009752323,494.0833333333333,689.3382352941177,123.3953009752323,494.0833333333333,91.11941568982965,91.42643834393262,nan,nan,1.043260775061574,0.008106684860301435,1.0,2.8732962608337402,nan,nan,nan,nan,64.67632555961609,68.79834938049316,0.0,133.47468042373657
103,103,trpo,trpo_paper,trpo_paper,ALE/Qbert-v5,atari,0,1,1.0,10394298,101228,213,213,4,1,664.3192488262911,124.3542246872128,475.2488262910798,664.3192488262911,124.3542246872128,475.2488262910798,90.73462659787806,91.21744524118822,nan,nan,1.0440726212192402,0.009147092681677686,1.0,2.1988632678985596,nan,nan,nan,nan,64.51683354377747,69.04055881500244,0.0,133.55739784240723
104,104,trpo,trpo_paper,trpo_paper,ALE/Qbert-v5,atari,0,1,1.0,10495085,100787,215,215,4,1,643.2558139534884,186.04164237814092,468.7767441860465,643.2558139534884,186.04164237814092,468.7767441860465,90.052865510929,90.29230270272951,nan,nan,1.0238158141713776,0.008567652114035105,1.0,1.4153908491134644,nan,nan,nan,nan,64.63658618927002,68.57174015045166,0.0,133.20833230018616
105,105,trpo,trpo_paper,trpo_paper,ALE/Qbert-v5,atari,0,1,1.0,10596271,101186,209,209,4,1,678.8277511961722,132.32260489332987,484.14354066985646,678.8277511961722,132.32260489332987,484.14354066985646,91.24445699009745,91.53266818038068,nan,nan,1.026501830864077,0.009587190713864279,1.0,1.485038161277771,nan,nan,nan,nan,65.1076910495758,68.74439692497253,0.0,133.85209321975708
106,106,trpo,trpo_paper,trpo_paper,ALE/Qbert-v5,atari,0,1,1.0,10697476,101205,209,209,4,1,681.3397129186603,150.73146819501162,484.23444976076553,681.3397129186603,150.73146819501162,484.23444976076553,91.67858986710142,92.05881626401857,nan,nan,0.9927349510662146,0.009939794093727488,1.0,1.6710431575775146,nan,nan,nan,nan,65.01231122016907,68.90787315368652,0.0,133.9201900959015
107,107,trpo,trpo_paper,trpo_paper,ALE/Qbert-v5,atari,0,1,1.0,10798739,101263,216,216,4,1,648.9583333333334,165.59223994667008,468.81018518518516,648.9583333333334,165.59223994667008,468.81018518518516,90.29401425619426,90.62710343363321,nan,nan,0.9790474264145406,0.009524507615215496,1.0,1.844093918800354,nan,nan,nan,nan,64.6380341053009,68.92279767990112,0.0,133.56083703041077
108,108,trpo,trpo_paper,trpo_paper,ALE/Qbert-v5,atari,0,1,1.0,10899534,100795,210,210,4,1,667.3809523809524,143.7848843603581,479.9761904761905,667.3809523809524,143.7848843603581,479.9761904761905,91.53918256113894,91.82672875638673,nan,nan,1.0185677622665434,0.009408610589522115,1.0,1.3039844036102295,nan,nan,nan,nan,64.55275344848633,68.59928774833679,0.0,133.15204644203186
109,109,trpo,trpo_paper,trpo_paper,ALE/Qbert-v5,atari,0,1,1.0,11000497,100963,208,208,4,1,677.2836538461538,124.43700646896446,485.39903846153845,677.2836538461538,124.43700646896446,485.39903846153845,91.10564358973089,91.30586390558918,nan,nan,0.9947723878038861,0.00963763769617471,1.0,1.378654956817627,nan,nan,nan,nan,64.5786645412445,68.67219495773315,0.0,133.25086426734924
110,110,trpo,trpo_paper,trpo_paper,ALE/Qbert-v5,atari,0,1,1.0,11101828,101331,212,212,4,1,686.438679245283,159.8442078026818,477.97641509433964,686.438679245283,159.8442078026818,477.97641509433964,93.89009934028086,94.13544442223998,nan,nan,0.9736042136583942,0.00967441721845912,1.0,1.6420927047729492,nan,nan,nan,nan,64.68861413002014,69.16122674942017,0.0,133.8498466014862
111,111,trpo,trpo_paper,trpo_paper,ALE/Qbert-v5,atari,0,1,1.0,11202689,100861,207,207,4,1,709.4202898550725,280.86418086102975,487.2512077294686,709.4202898550725,280.86418086102975,487.2512077294686,97.1366208817085,97.51717896411894,nan,nan,0.967204333578514,0.006320303146258597,1.0,3.2553529739379883,nan,nan,nan,nan,64.07803559303284,74.33618664741516,0.0,138.41422700881958
112,112,trpo,trpo_paper,trpo_paper,ALE/Qbert-v5,atari,0,1,1.0,11304223,101534,210,210,4,1,676.1904761904761,130.72057405292261,483.4952380952381,676.1904761904761,130.72057405292261,483.4952380952381,91.60213573778242,91.82104609047215,nan,nan,0.9596001006667102,0.007112591350336088,1.0,1.8482203483581543,nan,nan,nan,nan,65.01336455345154,69.16944885253906,0.0,134.1828191280365
113,113,trpo,trpo_paper,trpo_paper,ALE/Qbert-v5,atari,0,1,1.0,11404780,100557,202,202,4,1,700.6188118811881,146.7772213779102,497.8069306930693,700.6188118811881,146.7772213779102,497.8069306930693,93.51654037013833,93.83093046729715,nan,nan,0.9802681825901604,0.008689827914021179,1.0,2.4364237785339355,nan,nan,nan,nan,64.45368361473083,68.49802255630493,0.0,132.9517114162445
114,114,trpo,trpo_paper,trpo_paper,ALE/Qbert-v5,atari,0,1,1.0,11505500,100720,205,205,4,1,702.439024390244,298.2267142816741,491.3170731707317,702.439024390244,298.2267142816741,491.3170731707317,96.6533015414019,97.01684899970215,nan,nan,0.9814407094117665,0.006354094058869967,1.0,2.9873738288879395,nan,nan,nan,nan,64.32892894744873,74.22080421447754,0.0,138.54973816871643
115,115,trpo,trpo_paper,trpo_paper,ALE/Qbert-v5,atari,0,1,1.0,11606403,100903,202,202,4,1,678.3415841584158,174.12609847965888,499.519801980198,678.3415841584158,174.12609847965888,499.519801980198,89.58546558947702,89.950752052714,nan,nan,0.9630263742816431,0.00852935398191972,1.0,3.1891679763793945,nan,nan,nan,nan,64.64685249328613,68.68465662002563,0.0,133.3315145969391
116,116,trpo,trpo_paper,trpo_paper,ALE/Qbert-v5,atari,0,1,1.0,11707604,101201,206,206,4,1,684.4660194174758,175.48879396270593,491.2669902912621,684.4660194174758,175.48879396270593,491.2669902912621,91.95027655359137,92.27148138358316,nan,nan,0.9504659657629062,0.009203254453303894,1.0,2.7314376831054688,nan,nan,nan,nan,65.15842318534851,68.70016598701477,0.0,133.85859489440918
117,117,trpo,trpo_paper,trpo_paper,ALE/Qbert-v5,atari,0,1,1.0,11808124,100520,201,201,4,1,704.726368159204,172.3124829844964,500.0995024875622,704.726368159204,172.3124829844964,500.0995024875622,92.74545348562475,93.05593118906685,nan,nan,0.9832585472535006,0.008599588973540332,1.0,3.259040355682373,nan,nan,nan,nan,64.30497217178345,68.46485996246338,0.0,132.76983833312988
118,118,trpo,trpo_paper,trpo_paper,ALE/Qbert-v5,atari,0,1,1.0,11909053,100929,200,200,4,1,709.625,172.22219478046375,504.645,709.625,172.22219478046375,504.645,92.73202727907737,93.13147051392563,nan,nan,0.944894638766794,0.009565845749526175,1.0,3.1117782592773438,nan,nan,nan,nan,64.7246105670929,68.71600151062012,0.0,133.44061660766602
119,119,trpo,trpo_paper,trpo_paper,ALE/Qbert-v5,atari,0,1,1.0,12009608,100555,197,197,4,1,729.8223350253808,291.01754601738213,510.43147208121826,729.8223350253808,291.01754601738213,510.43147208121826,95.67403240142211,96.07558876361195,nan,nan,0.9032231758272836,0.009711947794367366,1.0,2.5208630561828613,nan,nan,nan,nan,64.40357255935669,68.44318914413452,0.0,132.8467676639557
120,120,trpo,trpo_paper,trpo_paper,ALE/Qbert-v5,atari,0,1,1.0,12111181,101573,196,196,4,1,691.7091836734694,124.89081810234244,518.2295918367347,691.7091836734694,124.89081810234244,518.2295918367347,87.35793991759621,87.68903553355715,nan,nan,0.8768011503272277,0.008520681248553274,1.0,1.852012276649475,nan,nan,nan,nan,64.94449830055237,69.06929111480713,0.0,134.01379442214966
121,121,trpo,trpo_paper,trpo_paper,ALE/Qbert-v5,atari,0,1,1.0,12212021,100840,196,196,4,1,705.2295918367347,166.64095382489305,514.4897959183673,705.2295918367347,166.64095382489305,514.4897959183673,91.22747080771519,91.55171775833003,nan,nan,0.8790215074235794,0.009786277627354456,1.0,1.4694077968597412,nan,nan,nan,nan,65.3756377696991,68.80295872688293,0.0,134.1786024570465
122,122,trpo,trpo_paper,trpo_paper,ALE/Qbert-v5,atari,0,1,1.0,12312905,100884,191,191,4,1,706.5445026178011,158.5779305622375,528.1884816753927,706.5445026178011,158.5779305622375,528.1884816753927,88.77042971382974,89.17486776272749,nan,nan,0.889740736808488,0.009712277064399382,1.0,1.740698218345642,nan,nan,nan,nan,64.86654949188232,68.69096684455872,0.0,133.55752229690552
123,123,trpo,trpo_paper,trpo_paper,ALE/Qbert-v5,atari,0,1,1.0,12413679,100774,184,184,4,1,725.0,197.5564036134887,547.6847826086956,725.0,197.5564036134887,547.6847826086956,88.71703018635759,88.97374384761943,nan,nan,0.8843587449546758,0.009361401755295248,1.0,1.6214964389801025,nan,nan,nan,nan,64.73196959495544,68.50714063644409,0.0,133.23911595344543
124,124,trpo,trpo_paper,trpo_paper,ALE/Qbert-v5,atari,0,1,1.0,12514505,100826,185,185,4,1,734.7297297297297,173.2633753112621,545.0054054054054,734.7297297297297,173.2633753112621,545.0054054054054,90.13656184292742,90.43489836450915,nan,nan,0.8905576534504679,0.006354982717625131,1.0,1.881518840789795,nan,nan,nan,nan,64.5429916381836,74.32633209228516,0.0,138.8693287372589
125,125,trpo,trpo_paper,trpo_paper,ALE/Qbert-v5,atari,0,1,1.0,12615327,100822,185,185,4,1,723.2432432432432,198.20210888852762,544.9837837837838,723.2432432432432,198.20210888852762,544.9837837837838,89.06762273486937,89.37403217427745,nan,nan,0.9164679396881075,0.008697882377236265,1.0,2.054375410079956,nan,nan,nan,nan,64.99030232429504,68.54060101509094,0.0020389556884765625,133.53294897079468
126,126,trpo,trpo_paper,trpo_paper,ALE/Qbert-v5,atari,0,1,1.0,12716687,101360,187,187,4,1,746.6577540106952,296.78343439594795,542.0320855614973,746.6577540106952,296.78343439594795,542.0320855614973,92.64994065089779,93.20263078383978,nan,nan,0.9190435034699955,0.00899208969088902,1.0,2.653125762939453,nan,nan,nan,nan,64.77608513832092,69.01932501792908,0.0,133.79541540145874
127,127,trpo,trpo_paper,trpo_paper,ALE/Qbert-v5,atari,0,1,1.0,12818070,101383,183,183,4,1,739.8907103825137,174.18895296334966,554.0054644808744,739.8907103825137,174.18895296334966,554.0054644808744,88.79414725595021,89.0804138144462,nan,nan,0.911472311563884,0.007955039171015954,1.0,2.1576502323150635,nan,nan,nan,nan,65.13570618629456,68.93261218070984,0.0,134.06832456588745
128,128,trpo,trpo_paper,trpo_paper,ALE/Qbert-v5,atari,0,1,1.0,12918704,100634,179,179,4,1,770.391061452514,204.54777242741747,562.2011173184358,770.391061452514,204.54777242741747,562.2011173184358,92.41115701452789,92.7852591134706,nan,nan,0.9156128126195545,0.009288421702498342,1.0,2.709635019302368,nan,nan,nan,nan,64.32646036148071,68.58430504798889,0.0,132.9107711315155
129,129,trpo,trpo_paper,trpo_paper,ALE/Qbert-v5,atari,0,1,1.0,13019660,100956,180,180,4,1,768.8888888888889,205.22044756496717,560.8666666666667,768.8888888888889,205.22044756496717,560.8666666666667,92.68523354233527,93.05528413987281,nan,nan,0.8979326534811576,0.00874689335279951,1.0,2.8718013763427734,nan,nan,nan,nan,65.15092635154724,68.60155200958252,0.0,133.75248384475708
130,130,trpo,trpo_paper,trpo_paper,ALE/Qbert-v5,atari,0,1,1.0,13120906,101246,182,182,4,1,754.3956043956044,171.39510803287746,556.2967032967033,754.3956043956044,171.39510803287746,556.2967032967033,90.11460452758628,90.24391889556131,nan,nan,0.8986170499174041,0.007036004876399101,1.0,2.383671760559082,nan,nan,nan,nan,64.64326357841492,80.10826516151428,0.0,144.75153374671936
131,131,trpo,trpo_paper,trpo_paper,ALE/Qbert-v5,atari,0,1,1.0,13222140,101234,184,184,4,1,758.695652173913,294.2597284835004,550.1847826086956,758.695652173913,294.2597284835004,550.1847826086956,92.04651336877926,92.31391966878716,nan,nan,0.8862610580746093,0.009720759949937178,1.0,1.7886978387832642,nan,nan,nan,nan,64.86377787590027,68.9328441619873,0.0,133.7966272830963
132,132,trpo,trpo_paper,trpo_paper,ALE/Qbert-v5,atari,0,1,1.0,13323396,101256,187,187,4,1,777.6737967914438,308.9564382841732,541.475935828877,777.6737967914438,308.9564382841732,541.475935828877,97.26609225626136,97.75274119558347,nan,nan,0.8693740843521002,0.008635796485535705,1.0,4.518080234527588,nan,nan,nan,nan,64.53515887260437,68.9038097858429,0.0,133.43897366523743
133,133,trpo,trpo_paper,trpo_paper,ALE/Qbert-v5,atari,0,1,1.0,13424443,101047,192,192,4,1,744.4010416666666,283.88447730943,526.2864583333334,744.4010416666666,283.88447730943,526.2864583333334,93.6254863145368,93.95890309707364,nan,nan,0.8554451156160623,0.009517841775357064,1.0,1.8794163465499878,nan,nan,nan,nan,64.89194440841675,68.75529479980469,0.0,133.64724445343018
134,134,trpo,trpo_paper,trpo_paper,ALE/Qbert-v5,atari,0,1,1.0,13525833,101390,191,191,4,1,728.1413612565445,149.3768063615475,530.8376963350786,728.1413612565445,149.3768063615475,530.8376963350786,90.50438344511294,90.7881571160864,nan,nan,0.8143986045144368,0.006381818793674733,1.0,1.5645205974578857,nan,nan,nan,nan,65.05003786087036,74.52463722229004,0.0,139.57468032836914
135,135,trpo,trpo_paper,trpo_paper,ALE/Qbert-v5,atari,0,1,1.0,13627073,101240,193,193,4,1,735.7512953367876,175.40945529273537,524.5595854922279,735.7512953367876,175.40945529273537,524.5595854922279,92.5267347392335,92.98512569142632,nan,nan,0.816270506462058,0.008949533146403139,1.0,2.649930238723755,nan,nan,nan,nan,64.50030255317688,68.81037855148315,0.0,133.31068754196167
136,136,trpo,trpo_paper,trpo_paper,ALE/Qbert-v5,atari,0,1,1.0,13727506,100433,189,189,4,1,750.925925925926,189.11116188651738,531.3915343915344,750.925925925926,189.11116188651738,531.3915343915344,94.70145613244651,95.13541957075861,nan,nan,0.7748943631691961,0.009416654183296683,1.0,2.0407938957214355,nan,nan,nan,nan,64.27090096473694,68.12421083450317,0.0,132.39511680603027
137,137,trpo,trpo_paper,trpo_paper,ALE/Qbert-v5,atari,0,1,1.0,13828601,101095,182,182,4,1,772.9395604395604,194.30210892801117,555.467032967033,772.9395604395604,194.30210892801117,555.467032967033,92.90896155843514,93.223306048766,nan,nan,0.7850871989797653,0.009616010923203348,1.0,2.2394652366638184,nan,nan,nan,nan,64.50317144393921,68.70641112327576,0.0,133.2095878124237
138,138,trpo,trpo_paper,trpo_paper,ALE/Qbert-v5,atari,0,1,1.0,13929502,100901,184,184,4,1,742.1195652173913,157.74520887034922,548.375,742.1195652173913,157.74520887034922,548.375,89.75034439698318,90.03126316265448,nan,nan,0.8031160097134196,0.009682129542833111,1.0,1.798404335975647,nan,nan,nan,nan,64.6528902053833,68.66560006141663,0.0,133.3184962272644
139,139,trpo,trpo_paper,trpo_paper,ALE/Qbert-v5,atari,0,1,1.0,14030272,100770,190,190,4,1,717.8947368421053,161.86264311278578,530.3684210526316,717.8947368421053,161.86264311278578,530.3684210526316,89.94152215441103,90.30632985387516,nan,nan,0.8213055614347649,0.008095540620986965,1.0,3.3000428676605225,nan,nan,nan,nan,64.36042070388794,68.8156065940857,0.0,133.1760323047638
140,140,trpo,trpo_paper,trpo_paper,ALE/Qbert-v5,atari,0,1,1.0,14130653,100381,189,189,4,1,708.994708994709,181.46171626367848,531.1164021164021,708.994708994709,181.46171626367848,531.1164021164021,88.85159324224703,89.17019157011785,nan,nan,0.8328778231403198,0.008798062328152244,1.0,1.7605876922607422,nan,nan,nan,nan,65.11488962173462,68.33088874816895,0.0,133.44578385353088
141,141,trpo,trpo_paper,trpo_paper,ALE/Qbert-v5,atari,0,1,1.0,14231973,101320,186,186,4,1,741.6666666666666,208.87027580461358,544.7311827956989,741.6666666666666,208.87027580461358,544.7311827956989,91.47318304628898,91.88370015791551,nan,nan,0.8111471929900316,0.009544733000872895,1.0,2.7431180477142334,nan,nan,nan,nan,64.97383165359497,69.03922200202942,0.0,134.01305890083313
142,142,trpo,trpo_paper,trpo_paper,ALE/Qbert-v5,atari,0,1,1.0,14332763,100790,190,190,4,1,730.3947368421053,179.56592975894372,530.4736842105264,730.3947368421053,179.56592975894372,530.4736842105264,91.09805489755928,91.44950391903959,nan,nan,0.8354525433160067,0.008943311449824826,1.0,1.4351264238357544,nan,nan,nan,nan,64.81435441970825,68.61999082565308,0.0,133.4343502521515
143,143,trpo,trpo_paper,trpo_paper,ALE/Qbert-v5,atari,0,1,1.0,14433705,100942,186,186,4,1,736.1559139784946,205.46925676552573,542.6989247311828,736.1559139784946,205.46925676552573,542.6989247311828,90.32051821838283,90.69227285223198,nan,nan,0.8175980118842999,0.008740844118682013,1.0,2.1722958087921143,nan,nan,nan,nan,65.04813814163208,68.73504281044006,0.0,133.78318619728088
144,144,trpo,trpo_paper,trpo_paper,ALE/Qbert-v5,atari,0,1,1.0,14534791,101086,186,186,4,1,743.5483870967741,181.99917382118,543.4731182795699,743.5483870967741,181.99917382118,543.4731182795699,90.64833115490771,90.92337666071464,nan,nan,0.8439697521633807,0.00912362833068462,1.0,2.048586130142212,nan,nan,nan,nan,64.31431198120117,68.60408067703247,0.0,132.91839933395386
145,145,trpo,trpo_paper,trpo_paper,ALE/Qbert-v5,atari,0,1,1.0,14636191,101400,191,191,4,1,735.6020942408377,195.78885623543707,530.890052356021,735.6020942408377,195.78885623543707,530.890052356021,91.65615168885601,91.98723804240632,nan,nan,0.830935313809788,0.009852371301127255,1.0,1.54963219165802,nan,nan,nan,nan,65.13274478912354,68.84516167640686,0.0,133.97791290283203
146,146,trpo,trpo_paper,trpo_paper,ALE/Qbert-v5,atari,0,1,1.0,14737325,101134,188,188,4,1,736.3031914893617,200.90031028016222,537.9468085106383,736.3031914893617,200.90031028016222,537.9468085106383,90.91010688789132,91.20852315986711,nan,nan,0.8134355915635444,0.009619229309312267,1.0,1.6664613485336304,nan,nan,nan,nan,64.64285254478455,68.80420231819153,0.0,133.44705986976624
147,147,trpo,trpo_paper,trpo_paper,ALE/Qbert-v5,atari,0,1,1.0,14838331,101006,186,186,4,1,759.8118279569892,213.7758148151572,543.0430107526881,759.8118279569892,213.7758148151572,543.0430107526881,93.92016284923668,94.22784908817297,nan,nan,0.8370704506608828,0.009278675748945076,1.0,1.6270300149917603,nan,nan,nan,nan,64.59042191505432,68.83417963981628,0.0,133.42460656166077
148,148,trpo,trpo_paper,trpo_paper,ALE/Qbert-v5,atari,0,1,1.0,14939411,101080,185,185,4,1,742.027027027027,190.27170991470103,546.3783783783783,742.027027027027,190.27170991470103,546.3783783783783,90.02939719776414,90.2690619435101,nan,nan,0.8253006084096446,0.008800139750652886,1.0,1.4092497825622559,nan,nan,nan,nan,64.42323470115662,68.79423403739929,0.0,133.21747374534607
149,149,trpo,trpo_paper,trpo_paper,ALE/Qbert-v5,atari,0,1,1.0,15040880,101469,186,186,4,1,772.8494623655914,319.9285016306377,545.5322580645161,772.8494623655914,319.9285016306377,545.5322580645161,96.31864227005292,96.67387268525363,nan,nan,0.8358515988026516,0.009949494334204067,1.0,1.428926706314087,nan,nan,nan,nan,65.24843835830688,68.9367322921753,0.0,134.18517661094666
150,150,trpo,trpo_paper,trpo_paper,ALE/Qbert-v5,atari,0,1,1.0,15142273,101393,188,188,4,1,751.8617021276596,176.18290792216843,539.3244680851063,751.8617021276596,176.18290792216843,539.3244680851063,92.52063659473534,92.8988420983204,nan,nan,0.8485682841340441,0.008945345079858757,1.0,2.477543592453003,nan,nan,nan,nan,65.03846073150635,69.01753401756287,0.0020439624786376953,134.05804347991943
151,151,trpo,trpo_paper,trpo_paper,ALE/Qbert-v5,atari,0,1,1.0,15242700,100427,186,186,4,1,726.747311827957,162.68177795890512,539.9301075268817,726.747311827957,162.68177795890512,539.9301075268817,88.31626766208291,88.7645391677537,nan,nan,0.8422053675532041,0.009183230997945819,1.0,2.537529945373535,nan,nan,nan,nan,64.1465277671814,68.26556277275085,0.0,132.41209506988525
152,152,trpo,trpo_paper,trpo_paper,ALE/Qbert-v5,atari,0,1,1.0,15343719,101019,186,186,4,1,784.9462365591398,313.1018888611456,543.1129032258065,784.9462365591398,313.1018888611456,543.1129032258065,97.7034416174185,98.18118868727665,nan,nan,0.868318253017378,0.009757682977133239,1.0,2.794485569000244,nan,nan,nan,nan,64.50228381156921,68.74843740463257,0.0,133.25072646141052
153,153,trpo,trpo_paper,trpo_paper,ALE/Qbert-v5,atari,0,1,1.0,15445164,101445,187,187,4,1,759.4919786096257,299.0405936885914,542.4866310160428,759.4919786096257,299.0405936885914,542.4866310160428,94.05035071344078,94.43924509586475,nan,nan,0.8475667666669747,0.0077718894945861434,1.0,3.1443121433258057,nan,nan,nan,nan,65.4441545009613,69.0804934501648,0.0,134.52465391159058
154,154,trpo,trpo_paper,trpo_paper,ALE/Qbert-v5,atari,0,1,1.0,15546146,100982,185,185,4,1,764.8648648648649,200.24136276033698,545.8486486486487,764.8648648648649,200.24136276033698,545.8486486486487,94.17406288992098,94.5826471549385,nan,nan,0.8436557690974629,0.009805725816292646,1.0,2.360952615737915,nan,nan,nan,nan,64.93312573432922,68.68155193328857,0.0,133.61468267440796
155,155,trpo,trpo_paper,trpo_paper,ALE/Qbert-v5,atari,0,1,1.0,15647352,101206,180,180,4,1,785.5555555555555,431.486091216832,562.2555555555556,785.5555555555555,431.486091216832,562.2555555555556,94.43974202369425,94.7906977785408,nan,nan,0.8102646584148296,0.009151704982784434,1.0,2.7184627056121826,nan,nan,nan,nan,64.60820531845093,68.99850630760193,0.0,133.60671663284302
156,156,trpo,trpo_paper,trpo_paper,ALE/Qbert-v5,atari,0,1,1.0,15748240,100888,179,179,4,1,801.8156424581006,404.00429305341896,563.6201117318436,801.8156424581006,404.00429305341896,563.6201117318436,97.30905961313536,97.84894449785901,nan,nan,0.7861332650245507,0.008976671152967724,1.0,4.091220378875732,nan,nan,nan,nan,64.24597930908203,68.67388606071472,0.0,132.91987133026123
157,157,trpo,trpo_paper,trpo_paper,ALE/Qbert-v5,atari,0,1,1.0,15849492,101252,182,182,4,1,742.3076923076923,183.15730297516419,556.3296703296703,742.3076923076923,183.15730297516419,556.3296703296703,88.02837258770197,88.45234893508277,nan,nan,0.7881922553265923,0.008700672988566263,1.0,2.4814627170562744,nan,nan,nan,nan,65.67028594017029,69.12768244743347,0.0,134.7979736328125
158,158,trpo,trpo_paper,trpo_paper,ALE/Qbert-v5,atari,0,1,1.0,15951347,101855,189,189,4,1,741.2698412698413,361.3748382864192,538.9153439153439,741.2698412698413,361.3748382864192,538.9153439153439,92.6269203156448,93.03500717932354,nan,nan,0.8053903435988967,0.009728095515341607,1.0,2.081099271774292,nan,nan,nan,nan,65.0720362663269,69.50194430351257,0.0,134.5739860534668
159,159,trpo,trpo_paper,trpo_paper,ALE/Qbert-v5,atari,0,1,1.0,16052807,101460,183,183,4,1,768.3060109289618,310.67021559854044,554.4262295081967,768.3060109289618,310.67021559854044,554.4262295081967,93.74641391927854,94.32782408091859,nan,nan,0.7883579812857283,0.0088988133235259,1.0,3.8765268325805664,nan,nan,nan,nan,65.19612073898315,68.99436283111572,0.0,134.19048881530762
160,160,trpo,trpo_paper,trpo_paper,ALE/Qbert-v5,atari,0,1,1.0,16154380,101573,186,186,4,1,721.3709677419355,207.69051887422853,546.0913978494624,721.3709677419355,207.69051887422853,546.0913978494624,88.15043737016727,88.63542599903518,nan,nan,0.768762468903215,0.009929768715219242,1.0,2.8174991607666016,nan,nan,nan,nan,65.01669836044312,69.32076835632324,0.0,134.33747220039368
161,161,trpo,trpo_paper,trpo_paper,ALE/Qbert-v5,atari,0,1,1.0,16255260,100880,192,192,4,1,685.9375,194.14651965397164,525.4166666666666,685.9375,194.14651965397164,525.4166666666666,86.31436979579699,86.62527368531919,nan,nan,0.7780499233696595,0.008507747561608062,1.0,2.1363019943237305,nan,nan,nan,nan,64.78167915344238,68.91304349899292,0.0,133.69472765922546
162,162,trpo,trpo_paper,trpo_paper,ALE/Qbert-v5,atari,0,1,1.0,16356372,101112,199,199,4,1,687.5628140703518,212.82489753120154,508.1005025125628,687.5628140703518,212.82489753120154,508.1005025125628,90.96079162216157,91.1171386680117,nan,nan,0.7828074081834995,0.0015845626059017527,1.0,2.060027599334717,nan,nan,nan,nan,64.73330974578857,91.47865533828735,0.0,156.21197056770325
163,163,trpo,trpo_paper,trpo_paper,ALE/Qbert-v5,atari,0,1,1.0,16457893,101521,192,192,4,1,700.1302083333334,190.12909190194065,528.7552083333334,700.1302083333334,190.12909190194065,528.7552083333334,88.2819853774096,88.72819170417944,nan,nan,0.7654956779262418,0.009252205839446177,1.0,2.5146901607513428,nan,nan,nan,nan,64.66169762611389,68.9937686920166,0.0,133.65547132492065
164,164,trpo,trpo_paper,trpo_paper,ALE/Qbert-v5,atari,0,1,1.0,16558858,100965,190,190,4,1,700.0,190.60154083433076,531.3947368421053,700.0,190.60154083433076,531.3947368421053,87.04589461694647,87.04589461694647,nan,nan,0.7389403728628113,0.0,0.0,2.1153204441070557,nan,nan,nan,nan,64.44757294654846,119.23523831367493,0.0,183.6828157901764
165,165,trpo,trpo_paper,trpo_paper,ALE/Qbert-v5,atari,0,1,1.0,16660135,101277,198,198,4,1,694.4444444444445,199.22690085601232,511.5,694.4444444444445,199.22690085601232,511.5,89.70071005756489,90.07343473839074,nan,nan,0.7415280428498388,0.009157518695595243,1.0,1.9640781879425049,nan,nan,nan,nan,64.97420382499695,68.80792713165283,0.0,133.78213667869568
166,166,trpo,trpo_paper,trpo_paper,ALE/Qbert-v5,atari,0,1,1.0,16761856,101721,192,192,4,1,690.625,209.18834963974453,529.796875,690.625,209.18834963974453,529.796875,87.14739520354696,87.7401019086521,nan,nan,0.7703425967805013,0.009888358304213687,1.0,2.938525676727295,nan,nan,nan,nan,65.47688722610474,69.16478824615479,0.0,134.64169311523438
167,167,trpo,trpo_paper,trpo_paper,ALE/Qbert-v5,atari,0,1,1.0,16863018,101162,203,203,4,1,668.8423645320197,150.93800240422703,498.3349753694581,668.8423645320197,150.93800240422703,498.3349753694581,86.32262577598307,86.60371019997628,nan,nan,0.7624905627854333,0.009003758405550434,1.0,1.761683702468872,nan,nan,nan,nan,64.86117672920227,68.80836319923401,0.0,133.66954588890076
168,168,trpo,trpo_paper,trpo_paper,ALE/Qbert-v5,atari,0,1,1.0,16964354,101336,197,197,4,1,692.258883248731,189.17493578621173,514.3959390862944,692.258883248731,189.17493578621173,514.3959390862944,88.06817789334491,88.16771587836504,nan,nan,0.7665740347627571,0.0009764352025291911,1.0,2.1550726890563965,nan,nan,nan,nan,65.43040108680725,97.10988879203796,0.0,162.5402956008911
169,169,trpo,trpo_paper,trpo_paper,ALE/Qbert-v5,atari,0,1,1.0,17065876,101522,197,197,4,1,715.989847715736,185.25441389201572,515.3401015228426,715.989847715736,185.25441389201572,515.3401015228426,91.73086375366915,92.11395621146156,nan,nan,0.7464107057191114,0.009031665242734464,1.0,2.5148732662200928,nan,nan,nan,nan,65.01751732826233,69.13654232025146,0.0,134.1540651321411
170,170,trpo,trpo_paper,trpo_paper,ALE/Qbert-v5,atari,0,1,1.0,17167025,101149,193,193,4,1,710.3626943005181,172.61362723657322,524.0880829015545,710.3626943005181,172.61362723657322,524.0880829015545,87.96531184811516,88.32397564484079,nan,nan,0.7693703400660783,0.006514786456561905,1.0,2.423734664916992,nan,nan,nan,nan,65.08992767333984,74.53616833686829,0.0,139.62610173225403
171,171,trpo,trpo_paper,trpo_paper,ALE/Qbert-v5,atari,0,1,1.0,17267597,100572,198,198,4,1,689.520202020202,185.67892646526298,507.93939393939394,689.520202020202,185.67892646526298,507.93939393939394,89.22894030520423,89.6408577312771,nan,nan,0.7774057658746657,0.006317191356811196,1.0,2.9311232566833496,nan,nan,nan,nan,64.48463106155396,73.96183967590332,0.0,138.4464771747589
172,172,trpo,trpo_paper,trpo_paper,ALE/Qbert-v5,atari,0,1,1.0,17368633,101036,192,192,4,1,728.2552083333334,302.73140679548476,526.2291666666666,728.2552083333334,302.73140679548476,526.2291666666666,91.25855913981155,91.61958021150878,nan,nan,0.7870322468020371,0.009165745685101583,1.0,1.5957472324371338,nan,nan,nan,nan,64.54002404212952,68.79755330085754,0.0,133.33758187294006
173,173,trpo,trpo_paper,trpo_paper,ALE/Qbert-v5,atari,0,1,1.0,17469769,101136,200,200,4,1,681.375,321.31563045547597,505.68,681.375,321.31563045547597,505.68,87.10571486043546,87.48208260411722,nan,nan,0.7611765186350249,0.008980425893895009,1.0,3.243156909942627,nan,nan,nan,nan,64.46425032615662,68.85071516036987,0.0,133.31497073173523
174,174,trpo,trpo_paper,trpo_paper,ALE/Qbert-v5,atari,0,1,1.0,17571033,101264,192,192,4,1,708.7239583333334,201.8438749198621,527.4166666666666,708.7239583333334,201.8438749198621,527.4166666666666,88.08983449202086,88.45741144434349,nan,nan,0.7694996282149875,0.008140000041152208,1.0,2.9593982696533203,nan,nan,nan,nan,64.92901110649109,68.89673519134521,0.0,133.82575106620789
175,175,trpo,trpo_paper,trpo_paper,ALE/Qbert-v5,atari,0,1,1.0,17671827,100794,196,196,4,1,694.7704081632653,215.56480947387234,514.2551020408164,694.7704081632653,215.56480947387234,514.2551020408164,87.41986099122964,87.41986099122964,nan,nan,0.763820906533375,0.0,0.0,2.506518840789795,nan,nan,nan,nan,64.3056869506836,119.1504054069519,0.0020530223846435547,183.45815086364746
176,176,trpo,trpo_paper,trpo_paper,ALE/Qbert-v5,atari,0,1,1.0,17772718,100891,191,191,4,1,731.6753926701571,166.67150929982114,528.2251308900524,731.6753926701571,166.67150929982114,528.2251308900524,90.32457708071087,90.74726592312496,nan,nan,0.7646554187540576,0.009979082666607183,1.0,2.1875202655792236,nan,nan,nan,nan,64.585768699646,68.6637749671936,0.0,133.24954867362976
177,177,trpo,trpo_paper,trpo_paper,ALE/Qbert-v5,atari,0,1,1.0,17873738,101020,191,191,4,1,755.6282722513089,372.62915191263556,528.9005235602094,755.6282722513089,372.62915191263556,528.9005235602094,96.07073877697486,97.38054067263909,nan,nan,0.7973726582607404,0.007035618556183627,1.0,2.299964666366577,nan,nan,nan,nan,64.52276515960693,74.1986186504364,0.0,138.72138953208923
178,178,trpo,trpo_paper,trpo_paper,ALE/Qbert-v5,atari,0,1,1.0,17974649,100911,193,193,4,1,686.7875647668394,181.0133864192965,522.8549222797927,686.7875647668394,181.0133864192965,522.8549222797927,85.82174654522302,86.15849532632716,nan,nan,0.8130412000387408,0.009593598516411807,1.0,1.88368821144104,nan,nan,nan,nan,64.49571776390076,68.61873745918274,0.0,133.11446070671082
179,179,trpo,trpo_paper,trpo_paper,ALE/Qbert-v5,atari,0,1,1.0,18075571,100922,196,196,4,1,718.2397959183673,190.21560980162286,514.9081632653061,718.2397959183673,190.21560980162286,514.9081632653061,91.71020720209667,91.99648459949267,nan,nan,0.8408570320512067,0.008020963219278721,1.0,2.274108409881592,nan,nan,nan,nan,64.63787984848022,68.5638952255249,0.0,133.20178055763245
180,180,trpo,trpo_paper,trpo_paper,ALE/Qbert-v5,atari,0,1,1.0,18176900,101329,197,197,4,1,707.994923857868,167.91167298157492,514.3604060913706,707.994923857868,167.91167298157492,514.3604060913706,89.21349823347708,89.47531031343446,nan,nan,0.8065124890594623,0.009308405792561167,1.0,2.2915005683898926,nan,nan,nan,nan,64.83498406410217,68.78716516494751,0.0,133.62215495109558
181,181,trpo,trpo_paper,trpo_paper,ALE/Qbert-v5,atari,0,1,1.0,18278262,101362,194,194,4,1,720.4896907216495,149.94291833794006,522.4845360824743,720.4896907216495,149.94291833794006,522.4845360824743,89.21313399005544,89.52287068871964,nan,nan,0.7887804889398579,0.006332499444002814,1.0,1.8795846700668335,nan,nan,nan,nan,64.2505567073822,74.57816123962402,0.0,138.82872414588928
182,182,trpo,trpo_paper,trpo_paper,ALE/Qbert-v5,atari,0,1,1.0,18379322,101060,196,196,4,1,705.8673469387755,195.46194043410955,515.6122448979592,705.8673469387755,195.46194043410955,515.6122448979592,90.3306408321789,90.65478938872947,nan,nan,0.7886664201263482,0.008677158028059859,1.0,1.8736498355865479,nan,nan,nan,nan,65.20586085319519,68.65976238250732,0.0,133.86562752723694
183,183,trpo,trpo_paper,trpo_paper,ALE/Qbert-v5,atari,0,1,1.0,18480029,100707,197,197,4,1,748.4771573604061,394.77580315591996,511.20304568527916,748.4771573604061,394.77580315591996,511.20304568527916,101.33495530350423,101.71856288540022,nan,nan,0.8053434144427026,0.00591708243028552,1.0,3.7061574459075928,nan,nan,nan,nan,64.71066522598267,74.06002569198608,0.0,138.77069664001465
184,184,trpo,trpo_paper,trpo_paper,ALE/Qbert-v5,atari,0,1,1.0,18581219,101190,198,198,4,1,688.510101010101,175.04668179391606,511.06060606060606,688.510101010101,175.04668179391606,511.06060606060606,90.20618005114142,90.51716943373852,nan,nan,0.7888784933896013,0.009941813671025042,1.0,2.051365375518799,nan,nan,nan,nan,64.46810626983643,68.90981888771057,0.0,133.37793064117432
185,185,trpo,trpo_paper,trpo_paper,ALE/Qbert-v5,atari,0,1,1.0,18682114,100895,191,191,4,1,779.9738219895288,460.4674091798528,528.2460732984293,779.9738219895288,460.4674091798528,528.2460732984293,100.20713613162198,100.53548026413598,nan,nan,0.7807515630613819,0.009865246689429565,1.0,1.8989505767822266,nan,nan,nan,nan,65.16132736206055,68.74841499328613,0.0,133.90974855422974
186,186,trpo,trpo_paper,trpo_paper,ALE/Qbert-v5,atari,0,1,1.0,18783741,101627,198,198,4,1,738.6363636363636,310.6134515011279,513.2676767676768,738.6363636363636,310.6134515011279,513.2676767676768,95.59729175071585,95.92233655303217,nan,nan,0.7761474472442732,0.009234818806128286,1.0,1.3837333917617798,nan,nan,nan,nan,64.79313468933105,68.95817494392395,0.0,133.75131487846375
187,187,trpo,trpo_paper,trpo_paper,ALE/Qbert-v5,atari,0,1,1.0,18885084,101343,195,195,4,1,771.6666666666666,367.9488072902599,519.7076923076924,771.6666666666666,367.9488072902599,519.7076923076924,98.76504420630927,98.98383275115202,nan,nan,0.7964740035464339,0.00388414036326548,1.0,1.8801872730255127,nan,nan,nan,nan,65.27083396911621,80.2337646484375,0.0,145.50460410118103
188,188,trpo,trpo_paper,trpo_paper,ALE/Qbert-v5,atari,0,1,1.0,18986481,101397,199,199,4,1,740.4522613065327,277.5802595373747,509.5326633165829,740.4522613065327,277.5802595373747,509.5326633165829,95.10356753651489,95.4752094489975,nan,nan,0.777347318314706,0.009418014498333805,1.0,1.85055673122406,nan,nan,nan,nan,65.65943765640259,69.18058228492737,0.0,134.84002661705017
189,189,trpo,trpo_paper,trpo_paper,ALE/Qbert-v5,atari,0,1,1.0,19087666,101185,194,194,4,1,719.7164948453608,114.76577238630529,521.5721649484536,719.7164948453608,114.76577238630529,521.5721649484536,88.92520074615803,89.03737553738202,nan,nan,0.7561491636606217,0.0009933293563554792,1.0,1.9526382684707642,nan,nan,nan,nan,65.64557838439941,97.24118399620056,0.0,162.88676810264587
190,190,trpo,trpo_paper,trpo_paper,ALE/Qbert-v5,atari,0,1,1.0,19188581,100915,193,193,4,1,720.7253886010362,156.50155928961905,522.8756476683938,720.7253886010362,156.50155928961905,522.8756476683938,89.88484956398949,90.26568027547937,nan,nan,0.7484425163562002,0.009335934466587826,1.0,1.5411176681518555,nan,nan,nan,nan,64.72212982177734,68.5923535823822,0.0,133.3144886493683
191,191,trpo,trpo_paper,trpo_paper,ALE/Qbert-v5,atari,0,1,1.0,19289600,101019,194,194,4,1,722.0360824742268,162.49775172786778,520.7164948453608,722.0360824742268,162.49775172786778,520.7164948453608,89.97539478959403,90.33571546565497,nan,nan,0.7720802488462876,0.009210013314718135,1.0,1.8813081979751587,nan,nan,nan,nan,64.3635663986206,68.73515939712524,0.0,133.09873151779175
192,192,trpo,trpo_paper,trpo_paper,ALE/Qbert-v5,atari,0,1,1.0,19390342,100742,195,195,4,1,743.4615384615385,274.71232936532977,516.625641025641,743.4615384615385,274.71232936532977,516.625641025641,94.63401064104346,94.92521552579858,nan,nan,0.7666362126226525,0.008703932551101435,1.0,2.1776866912841797,nan,nan,nan,nan,64.09545588493347,68.65629768371582,0.0,132.7517590522766
193,193,trpo,trpo_paper,trpo_paper,ALE/Qbert-v5,atari,0,1,1.0,19491351,101009,196,196,4,1,732.780612244898,152.0272794788738,515.3520408163265,732.780612244898,152.0272794788738,515.3520408163265,92.6457363947767,92.98842445351404,nan,nan,0.7714704964795835,0.009423337038367603,1.0,2.1981868743896484,nan,nan,nan,nan,65.0299768447876,68.7533905506134,0.0,133.78337287902832
194,194,trpo,trpo_paper,trpo_paper,ALE/Qbert-v5,atari,0,1,1.0,19592361,101010,194,194,4,1,739.1752577319587,157.21100210110805,520.6701030927835,739.1752577319587,157.21100210110805,520.6701030927835,91.88680684461934,92.33041267572517,nan,nan,0.8027728728900604,0.009746653188336056,1.0,2.8342080116271973,nan,nan,nan,nan,65.06069993972778,68.79260897636414,0.0,133.85332012176514
195,195,trpo,trpo_paper,trpo_paper,ALE/Qbert-v5,atari,0,1,1.0,19693858,101497,192,192,4,1,720.1822916666666,148.7126812394119,528.6302083333334,720.1822916666666,148.7126812394119,528.6302083333334,88.54766704927239,88.80862642491897,nan,nan,0.8196855668301772,0.00910898805761421,1.0,1.7728090286254883,nan,nan,nan,nan,64.86494731903076,68.93071603775024,0.0,133.7956690788269
196,196,trpo,trpo_paper,trpo_paper,ALE/Qbert-v5,atari,0,1,1.0,19795075,101217,196,196,4,1,735.8418367346939,166.08235136028483,516.4132653061224,735.8418367346939,166.08235136028483,516.4132653061224,92.806012854807,93.16618718940494,nan,nan,0.8016278125679234,0.006431436751513761,1.0,1.7479227781295776,nan,nan,nan,nan,64.75416946411133,74.40136528015137,0.0,139.15553951263428
197,197,trpo,trpo_paper,trpo_paper,ALE/Qbert-v5,atari,0,1,1.0,19896310,101235,193,193,4,1,744.041450777202,138.04984585237378,524.5336787564767,744.041450777202,138.04984585237378,524.5336787564767,92.14044673284931,92.37251660739862,nan,nan,0.8347100660360177,0.008574087357143653,1.0,1.640259861946106,nan,nan,nan,nan,64.76604461669922,68.76188921928406,0.0,133.52793955802917
198,198,trpo,trpo_paper,trpo_paper,ALE/Qbert-v5,atari,0,1,1.0,19997123,100813,195,195,4,1,720.3846153846154,147.4500550616126,516.9897435897436,720.3846153846154,147.4500550616126,516.9897435897436,89.78773415878905,90.07625504647218,nan,nan,0.8153568664492055,0.008074683783001078,1.0,2.376213550567627,nan,nan,nan,nan,64.57766604423523,68.60023283958435,0.0,133.17790412902832
199,199,trpo,trpo_paper,trpo_paper,ALE/Qbert-v5,atari,0,1,1.0,20098079,100956,189,189,4,1,786.3756613756614,405.17840037100706,534.1587301587301,786.3756613756614,405.17840037100706,534.1587301587301,100.44957921025001,100.90406928513411,nan,nan,0.7902134669706048,0.009828301712305584,1.0,2.0126421451568604,nan,nan,nan,nan,64.26183986663818,68.62308096885681,0.0,132.88492631912231
200,200,trpo,trpo_paper,trpo_paper,ALE/Qbert-v5,atari,0,1,1.0,20198847,100768,199,199,4,1,702.8894472361809,185.17903285806204,506.3718592964824,702.8894472361809,185.17903285806204,506.3718592964824,92.61853139761631,93.05824796810495,nan,nan,0.7726222850209609,0.009966486056443812,1.0,1.6489017009735107,nan,nan,nan,nan,64.64908933639526,68.71815323829651,0.0020782947540283203,133.3693265914917
201,201,trpo,trpo_paper,trpo_paper,ALE/Qbert-v5,atari,0,1,1.0,20299604,100757,199,199,4,1,690.7035175879397,190.28280338487892,506.31658291457285,690.7035175879397,190.28280338487892,506.31658291457285,91.55154123907023,92.01112825907877,nan,nan,0.7934176080042826,0.009172658254832563,1.0,2.317356586456299,nan,nan,nan,nan,64.44390559196472,68.56265044212341,0.0,133.0065610408783
202,202,trpo,trpo_paper,trpo_paper,ALE/Qbert-v5,atari,0,1,1.0,20400651,101047,198,198,4,1,730.3030303030303,273.30221384362653,510.33838383838383,730.3030303030303,273.30221384362653,510.33838383838383,94.26936722515265,94.58053476971112,nan,nan,0.788403245171492,0.007858999508286047,1.0,2.2157206535339355,nan,nan,nan,nan,64.30603504180908,74.17904901504517,0.0,138.4850890636444
203,203,trpo,trpo_paper,trpo_paper,ALE/Qbert-v5,atari,0,1,1.0,20501670,101019,193,193,4,1,731.4766839378239,190.62420162174058,523.4145077720207,731.4766839378239,190.62420162174058,523.4145077720207,92.90890791583762,93.21571653599818,nan,nan,0.788675307793274,0.009712330830775781,1.0,1.247624397277832,nan,nan,nan,nan,64.81135296821594,68.75212073326111,0.0,133.56347966194153
204,204,trpo,trpo_paper,trpo_paper,ALE/Qbert-v5,atari,0,1,1.0,20603189,101519,204,204,4,1,717.2794117647059,296.6084025749867,497.6421568627451,717.2794117647059,296.6084025749867,497.6421568627451,96.7851393581497,97.21131389198081,nan,nan,0.7711567418837545,0.009542742871504117,1.0,2.5614376068115234,nan,nan,nan,nan,65.31718492507935,69.13971400260925,0.0,134.45690417289734
205,205,trpo,trpo_paper,trpo_paper,ALE/Qbert-v5,atari,0,1,1.0,20704295,101106,199,199,4,1,725.5025125628141,152.49103686887736,508.07035175879395,725.5025125628141,152.49103686887736,508.07035175879395,94.11834269232291,94.35443742211145,nan,nan,0.775361085978917,0.006322213351524103,1.0,1.603377103805542,nan,nan,nan,nan,64.44539260864258,74.34438586235046,0.0,138.78978395462036
206,206,trpo,trpo_paper,trpo_paper,ALE/Qbert-v5,atari,0,1,1.0,20805451,101156,199,199,4,1,722.7386934673367,201.19282997779487,508.321608040201,722.7386934673367,201.19282997779487,508.321608040201,95.01440720273636,95.29597725295584,nan,nan,0.7893838028291389,0.009384346042653176,1.0,1.4016679525375366,nan,nan,nan,nan,65.77393984794617,68.96375560760498,0.0,134.73770093917847
207,207,trpo,trpo_paper,trpo_paper,ALE/Qbert-v5,atari,0,1,1.0,20906429,100978,204,204,4,1,683.9460784313726,172.96503679995428,494.9901960784314,683.9460784313726,172.96503679995428,494.9901960784314,92.21045688788647,92.54633048163957,nan,nan,0.7516142033258482,0.006565884225836799,1.0,1.7105364799499512,nan,nan,nan,nan,64.48084783554077,74.11147475242615,0.0,138.59232831001282
208,208,trpo,trpo_paper,trpo_paper,ALE/Qbert-v5,atari,0,1,1.0,21007332,100903,201,201,4,1,713.0597014925373,149.39918285826352,502.0049751243781,713.0597014925373,149.39918285826352,502.0049751243781,93.32977587385905,93.67897603391376,nan,nan,0.7527664798684287,0.009647767709251614,1.0,1.61760413646698,nan,nan,nan,nan,64.34258556365967,68.64512515068054,0.0,132.98771595954895
209,209,trpo,trpo_paper,trpo_paper,ALE/Qbert-v5,atari,0,1,1.0,21108490,101158,196,196,4,1,716.3265306122449,168.92147526685497,516.1122448979592,716.3265306122449,168.92147526685497,516.1122448979592,90.40759813855553,90.7356116174697,nan,nan,0.7298938859298387,0.008811890724549607,1.0,1.4268760681152344,nan,nan,nan,nan,64.74283170700073,68.92239308357239,0.0,133.66523003578186
210,210,trpo,trpo_paper,trpo_paper,ALE/Qbert-v5,atari,0,1,1.0,21209169,100679,199,199,4,1,698.8693467336683,115.81306639066865,505.9246231155779,698.8693467336683,115.81306639066865,505.9246231155779,88.53363086517545,88.85080878956883,nan,nan,0.7144138273777302,0.009649115734228652,1.0,1.0816559791564941,nan,nan,nan,nan,64.39648652076721,68.47693157196045,0.0,132.8734233379364
211,211,trpo,trpo_paper,trpo_paper,ALE/Qbert-v5,atari,0,1,1.0,21310665,101496,197,197,4,1,714.4670050761422,290.94864126765987,515.2081218274112,714.4670050761422,290.94864126765987,515.2081218274112,91.67218966757311,91.99125427356744,nan,nan,0.7233557729299369,0.009739057208482086,1.0,1.76374351978302,nan,nan,nan,nan,65.11552023887634,68.95950269699097,0.0,134.0750274658203
212,212,trpo,trpo_paper,trpo_paper,ALE/Qbert-v5,atari,0,1,1.0,21411782,101117,192,192,4,1,736.1979166666666,303.5782648878645,526.6510416666666,736.1979166666666,303.5782648878645,526.6510416666666,93.84777596744365,94.23054620513861,nan,nan,0.7329714443185246,0.00897499141647096,1.0,1.5525888204574585,nan,nan,nan,nan,64.47656965255737,68.8190369606018,0.0,133.29561161994934
213,213,trpo,trpo_paper,trpo_paper,ALE/Qbert-v5,atari,0,1,1.0,21512542,100760,194,194,4,1,730.1546391752578,280.66880141320564,519.3814432989691,730.1546391752578,280.66880141320564,519.3814432989691,93.91538960152839,94.27450671769552,nan,nan,0.712867633233519,0.009323595611008092,1.0,1.9369202852249146,nan,nan,nan,nan,64.66963648796082,68.66894817352295,0.0,133.33858966827393
214,214,trpo,trpo_paper,trpo_paper,ALE/Qbert-v5,atari,0,1,1.0,21614222,101680,185,185,4,1,765.0,282.4865459604203,549.6216216216217,765.0,282.4865459604203,549.6216216216217,93.02417449350905,93.32930947580645,nan,nan,0.7015589992424149,0.006375683137793812,1.0,1.4234931468963623,nan,nan,nan,nan,64.9757444858551,75.01714372634888,0.0,139.9928936958313
215,215,trpo,trpo_paper,trpo_paper,ALE/Qbert-v5,atari,0,1,1.0,21715426,101204,193,193,4,1,734.3264248704663,172.09035515680608,524.3730569948186,734.3264248704663,172.09035515680608,524.3730569948186,91.58134992193985,91.88267540067586,nan,nan,0.6879796281095918,0.009898817967481387,1.0,0.9096975326538086,nan,nan,nan,nan,64.59648299217224,68.85273337364197,0.0,133.44922161102295
216,216,trpo,trpo_paper,trpo_paper,ALE/Qbert-v5,atari,0,1,1.0,21816483,101057,189,189,4,1,713.3597883597884,161.62029337179428,534.6931216931217,713.3597883597884,161.62029337179428,534.6931216931217,87.372126930841,87.66115734808079,nan,nan,0.6718094284429208,0.009820482719979021,1.0,1.6549760103225708,nan,nan,nan,nan,64.79107451438904,68.61746597290039,0.0,133.40854620933533
217,217,trpo,trpo_paper,trpo_paper,ALE/Qbert-v5,atari,0,1,1.0,21917473,100990,190,190,4,1,708.9473684210526,176.3823519290469,531.5263157894736,708.9473684210526,176.3823519290469,531.5263157894736,86.96792349490049,87.40314960020794,nan,nan,0.7086197366288587,0.009894706790816584,1.0,1.6818830966949463,nan,nan,nan,nan,64.07820558547974,68.69805645942688,0.0,132.77626705169678
218,218,trpo,trpo_paper,trpo_paper,ALE/Qbert-v5,atari,0,1,1.0,22018401,100928,192,192,4,1,737.6302083333334,276.05146282735626,525.6666666666666,737.6302083333334,276.05146282735626,525.6666666666666,91.04179990934131,91.35461170339252,nan,nan,0.7210358587638743,0.008704183265902268,1.0,1.7060661315917969,nan,nan,nan,nan,64.344881772995,68.73022794723511,0.0,133.075115442276
219,219,trpo,trpo_paper,trpo_paper,ALE/Qbert-v5,atari,0,1,1.0,22119204,100803,190,190,4,1,738.0263157894736,174.25986143538395,530.5421052631579,738.0263157894736,174.25986143538395,530.5421052631579,90.79406056863387,91.0267122196264,nan,nan,0.7255826860214819,0.006680067018125016,1.0,1.2744474411010742,nan,nan,nan,nan,64.69872426986694,74.16542100906372,0.0,138.86415147781372
220,220,trpo,trpo_paper,trpo_paper,ALE/Qbert-v5,atari,0,1,1.0,22220096,100892,201,201,4,1,702.9850746268656,128.09761815597213,501.9502487562189,702.9850746268656,128.09761815597213,501.9502487562189,88.70779955298735,89.02675602376799,nan,nan,0.733318895549356,0.009219596534221566,1.0,1.257971167564392,nan,nan,nan,nan,64.31895732879639,68.70648980140686,0.0,133.02545309066772
221,221,trpo,trpo_paper,trpo_paper,ALE/Qbert-v5,atari,0,1,1.0,22321018,100922,198,198,4,1,718.0555555555555,187.9390669157858,509.7070707070707,718.0555555555555,187.9390669157858,509.7070707070707,91.96204618418184,92.39655718029766,nan,nan,0.730082922563341,0.006680454540117674,1.0,1.4786819219589233,nan,nan,nan,nan,64.68422794342041,74.29807376861572,0.0,138.98230648040771
222,222,trpo,trpo_paper,trpo_paper,ALE/Qbert-v5,atari,0,1,1.0,22422084,101066,197,197,4,1,772.4619289340102,403.80475357212765,513.0253807106599,772.4619289340102,403.80475357212765,513.0253807106599,100.16584119535749,100.53479811459839,nan,nan,0.7575258510875629,0.009637239964137153,1.0,1.3918966054916382,nan,nan,nan,nan,64.81413698196411,68.89816999435425,0.0,133.7123122215271
223,223,trpo,trpo_paper,trpo_paper,ALE/Qbert-v5,atari,0,1,1.0,22523710,101626,199,199,4,1,732.6633165829146,311.52638032637225,510.68341708542715,732.6633165829146,311.52638032637225,510.68341708542715,95.45692723810836,95.77385954381752,nan,nan,0.7300144739312221,0.0065700045776149185,1.0,1.8638856410980225,nan,nan,nan,nan,65.58683061599731,74.79234886169434,0.0,140.3791847229004
224,224,trpo,trpo_paper,trpo_paper,ALE/Qbert-v5,atari,0,1,1.0,22625360,101650,204,204,4,1,737.3774509803922,391.40973176326713,498.2843137254902,737.3774509803922,391.40973176326713,498.2843137254902,97.51216705607477,98.00990684948353,nan,nan,0.7424139059041441,0.009984690731055063,1.0,2.637542963027954,nan,nan,nan,nan,64.90941524505615,69.11059713363647,0.0,134.02001786231995
225,225,trpo,trpo_paper,trpo_paper,ALE/Qbert-v5,atari,0,1,1.0,22726110,100750,205,205,4,1,712.560975609756,287.1285977533911,491.4634146341463,712.560975609756,287.1285977533911,491.4634146341463,93.70367959057072,94.09126861042184,nan,nan,0.7734981534972084,0.008759270071428703,1.0,1.4176019430160522,nan,nan,nan,nan,64.46885919570923,68.61937546730042,0.002083301544189453,133.09032368659973
226,226,trpo,trpo_paper,trpo_paper,ALE/Qbert-v5,atari,0,1,1.0,22827509,101399,199,199,4,1,716.8341708542714,167.22469353787173,509.5427135678392,716.8341708542714,167.22469353787173,509.5427135678392,90.71558213098749,91.1187018609651,nan,nan,0.7576683496709163,0.00887543394821463,1.0,1.9739737510681152,nan,nan,nan,nan,64.41829681396484,68.98109579086304,0.0,133.39939761161804
227,227,trpo,trpo_paper,trpo_paper,ALE/Qbert-v5,atari,0,1,1.0,22928733,101224,199,199,4,1,720.9798994974874,165.83932890920426,508.66331658291455,720.9798994974874,165.83932890920426,508.66331658291455,91.48932688888011,91.83792165148581,nan,nan,0.7727535160070426,0.009681099854788907,1.0,1.350591778755188,nan,nan,nan,nan,64.68350481987,69.02758836746216,0.0,133.7110984325409
228,228,trpo,trpo_paper,trpo_paper,ALE/Qbert-v5,atari,0,1,1.0,23030155,101422,197,197,4,1,737.6903553299493,197.88891043069427,514.8324873096446,737.6903553299493,197.88891043069427,514.8324873096446,93.96115040992092,94.32547548855278,nan,nan,0.7706945130864112,0.009306495818102969,1.0,1.2051990032196045,nan,nan,nan,nan,65.14907479286194,68.99385118484497,0.0,134.14293122291565
229,229,trpo,trpo_paper,trpo_paper,ALE/Qbert-v5,atari,0,1,1.0,23130839,100684,195,195,4,1,750.3846153846154,166.45775861863348,516.3282051282051,750.3846153846154,166.45775861863348,516.3282051282051,94.87068234525843,95.24793102677684,nan,nan,0.782558491325583,0.009652822135176679,1.0,1.5181148052215576,nan,nan,nan,nan,64.46915578842163,68.42128801345825,0.0,132.89044904708862
230,230,trpo,trpo_paper,trpo_paper,ALE/Qbert-v5,atari,0,1,1.0,23231846,101007,198,198,4,1,741.4141414141415,171.59978162149756,510.1363636363636,741.4141414141415,171.59978162149756,510.1363636363636,94.93280849347074,95.28609867385428,nan,nan,0.7890170446494427,0.009435540594746272,1.0,1.976289987564087,nan,nan,nan,nan,64.11034870147705,68.68434715270996,0.0,132.7947018146515
231,231,trpo,trpo_paper,trpo_paper,ALE/Qbert-v5,atari,0,1,1.0,23332383,100537,197,197,4,1,759.1370558375635,304.32419344875535,510.34010152284264,759.1370558375635,304.32419344875535,510.34010152284264,98.48108345683679,98.77530940101654,nan,nan,0.7778048675487631,0.008428596029060527,1.0,1.3920226097106934,nan,nan,nan,nan,64.07154846191406,68.39080452919006,0.0,132.4623739719391
232,232,trpo,trpo_paper,trpo_paper,ALE/Qbert-v5,atari,0,1,1.0,23434240,101857,204,204,4,1,742.2794117647059,273.3660466452949,499.29901960784315,742.2794117647059,273.3660466452949,499.29901960784315,96.88664622951785,97.15717807808987,nan,nan,0.783214759532666,0.00663506136591066,1.0,1.1648634672164917,nan,nan,nan,nan,65.24025774002075,74.7233498096466,0.0,139.96361303329468
233,233,trpo,trpo_paper,trpo_paper,ALE/Qbert-v5,atari,0,1,1.0,23535234,100994,195,195,4,1,758.2051282051282,284.0018219052413,517.9179487179487,758.2051282051282,284.0018219052413,517.9179487179487,96.17292456730102,96.58767259688695,nan,nan,0.7644752191052965,0.009211550499784817,1.0,2.2362465858459473,nan,nan,nan,nan,64.51146030426025,68.86592817306519,0.0,133.37739419937134
234,234,trpo,trpo_paper,trpo_paper,ALE/Qbert-v5,atari,0,1,1.0,23635779,100545,199,199,4,1,730.6532663316583,133.4084496916521,505.25125628140705,730.6532663316583,133.4084496916521,505.25125628140705,93.41490890273012,93.81524084365209,nan,nan,0.7507139361961683,0.006593484983008969,1.0,1.777968168258667,nan,nan,nan,nan,64.62765622138977,74.33999800682068,0.0,138.9676594734192
235,235,trpo,trpo_paper,trpo_paper,ALE/Qbert-v5,atari,0,1,1.0,23736852,101073,199,199,4,1,734.6733668341709,161.99143486328663,507.90452261306535,734.6733668341709,161.99143486328663,507.90452261306535,94.15901656476012,94.41586928507118,nan,nan,0.7534645417753443,0.009951865796369851,1.0,0.9248571395874023,nan,nan,nan,nan,64.4364869594574,68.97091698646545,0.0,133.40740871429443
236,236,trpo,trpo_paper,trpo_paper,ALE/Qbert-v5,atari,0,1,1.0,23838304,101452,200,200,4,1,766.375,358.75302699071403,507.26,766.375,358.75302699071403,507.26,100.46667143082443,100.83660961587746,nan,nan,0.7420275110281525,0.0093906810192123,1.0,1.7439688444137573,nan,nan,nan,nan,64.64698147773743,69.13090944290161,0.0,133.7778959274292
237,237,trpo,trpo_paper,trpo_paper,ALE/Qbert-v5,atari,0,1,1.0,23939000,100696,197,197,4,1,812.0558375634517,444.44965332880554,511.1472081218274,812.0558375634517,444.44965332880554,511.1472081218274,108.0856668834909,108.35633056427267,nan,nan,0.7599450645771059,0.006435363257538089,1.0,1.1791186332702637,nan,nan,nan,nan,64.84215307235718,74.35370683670044,0.0,139.19586563110352
238,238,trpo,trpo_paper,trpo_paper,ALE/Qbert-v5,atari,0,1,1.0,24039960,100960,197,197,4,1,767.7664974619289,284.7348687403155,512.4873096446701,767.7664974619289,284.7348687403155,512.4873096446701,99.47844505249604,99.91219635251585,nan,nan,0.7517763213385871,0.00923393020308953,1.0,1.7566587924957275,nan,nan,nan,nan,64.76062202453613,68.87498784065247,0.0,133.6356165409088
239,239,trpo,trpo_paper,trpo_paper,ALE/Qbert-v5,atari,0,1,1.0,24140774,100814,196,196,4,1,783.9285714285714,331.52303918461547,514.3571428571429,783.9285714285714,331.52303918461547,514.3571428571429,101.84233960561033,102.17782996409228,nan,nan,0.7618164156946053,0.009177780793580127,1.0,1.8239893913269043,nan,nan,nan,nan,64.55275130271912,68.61162090301514,0.0,133.1643772125244
240,240,trpo,trpo_paper,trpo_paper,ALE/Qbert-v5,atari,0,1,1.0,24241766,100992,204,204,4,1,758.7009803921569,318.51701989033984,495.05882352941177,758.7009803921569,318.51701989033984,495.05882352941177,100.92175246554183,101.21660688470374,nan,nan,0.7679092856867685,0.009611428930118434,1.0,1.6586966514587402,nan,nan,nan,nan,64.45836472511292,68.8684310913086,0.0,133.32680082321167
241,241,trpo,trpo_paper,trpo_paper,ALE/Qbert-v5,atari,0,1,1.0,24343260,101494,200,200,4,1,749.0,148.8883810107424,507.47,749.0,148.8883810107424,507.47,96.09749652688829,96.48342020217945,nan,nan,0.7531231352807801,0.009288667310244724,1.0,1.6362040042877197,nan,nan,nan,nan,64.96350073814392,69.01817893981934,0.0,133.98169088363647
242,242,trpo,trpo_paper,trpo_paper,ALE/Qbert-v5,atari,0,1,1.0,24444078,100818,198,198,4,1,757.1969696969697,292.31848652894814,509.1818181818182,757.1969696969697,292.31848652894814,509.1818181818182,98.91293283441449,99.18208956981888,nan,nan,0.7301263796906926,0.006536060388378697,1.0,1.252149224281311,nan,nan,nan,nan,64.12692427635193,74.35564661026001,0.0,138.48257541656494
243,243,trpo,trpo_paper,trpo_paper,ALE/Qbert-v5,atari,0,1,1.0,24545163,101085,194,194,4,1,791.2371134020618,318.2495057355877,521.0567010309278,791.2371134020618,318.2495057355877,521.0567010309278,101.83136160162239,102.12453164416085,nan,nan,0.7374188540661943,0.008698432339083467,1.0,2.3045997619628906,nan,nan,nan,nan,64.80421423912048,68.89215350151062,0.0,133.69637274742126
244,244,trpo,trpo_paper,trpo_paper,ALE/Qbert-v5,atari,0,1,1.0,24645646,100483,195,195,4,1,807.1794871794872,307.3246735357244,515.2974358974359,807.1794871794872,307.3246735357244,515.2974358974359,105.67569203248311,106.05084893091369,nan,nan,0.7616696342019608,0.009168143236062538,1.0,2.233978748321533,nan,nan,nan,nan,63.84660816192627,68.64283108711243,0.0,132.48944544792175
245,245,trpo,trpo_paper,trpo_paper,ALE/Qbert-v5,atari,0,1,1.0,24747121,101475,197,197,4,1,801.1421319796955,396.71313281480724,515.1015228426396,801.1421319796955,396.71313281480724,515.1015228426396,105.05460581423996,105.44476102488298,nan,nan,0.7452986034121705,0.00932477897077608,1.0,2.0663959980010986,nan,nan,nan,nan,64.64159750938416,69.121084690094,0.0,133.76268792152405
246,246,trpo,trpo_paper,trpo_paper,ALE/Qbert-v5,atari,0,1,1.0,24848351,101230,201,201,4,1,755.223880597015,177.0686535963763,503.6318407960199,755.223880597015,177.0686535963763,503.6318407960199,98.37969537192532,98.6101199002272,nan,nan,0.7446610812976946,0.008026467391303478,1.0,1.8081856966018677,nan,nan,nan,nan,65.22739887237549,68.85217308998108,0.0,134.07957816123962
247,247,trpo,trpo_paper,trpo_paper,ALE/Qbert-v5,atari,0,1,1.0,24949492,101141,205,205,4,1,734.8780487804878,134.37973045503682,493.3707317073171,734.8780487804878,134.37973045503682,493.3707317073171,96.34075665407698,96.66770677816118,nan,nan,0.760268377365046,0.0064146759787832444,1.0,1.7799941301345825,nan,nan,nan,nan,64.428866147995,74.66903066635132,0.0,139.09790205955505
248,248,trpo,trpo_paper,trpo_paper,ALE/Qbert-v5,atari,0,1,1.0,25050488,100996,196,196,4,1,748.469387755102,146.02803785027265,515.2857142857143,748.469387755102,146.02803785027265,515.2857142857143,94.18357100776268,94.46276213909462,nan,nan,0.7544399746300287,0.009003509446523254,1.0,1.8667155504226685,nan,nan,nan,nan,64.67916584014893,68.7709596157074,0.0,133.4501326084137
249,249,trpo,trpo_paper,trpo_paper,ALE/Qbert-v5,atari,0,1,1.0,25151161,100673,198,198,4,1,754.6717171717172,279.1586716323825,508.449494949495,754.6717171717172,279.1586716323825,508.449494949495,98.1413231141915,98.42073361899416,nan,nan,0.7422565979590171,0.009136468740179857,1.0,1.291549563407898,nan,nan,nan,nan,65.01163005828857,68.36959147453308,0.0,133.38122725486755
250,250,trpo,trpo_paper,trpo_paper,ALE/Qbert-v5,atari,0,1,1.0,25252082,100921,200,200,4,1,742.75,299.19255923234454,504.605,742.75,299.19255923234454,504.605,98.97627986865965,99.29245183113524,nan,nan,0.6982665589858806,0.009024573307969018,1.0,2.091439723968506,nan,nan,nan,nan,64.32301616668701,68.62614107131958,0.0019991397857666016,132.95116114616394
251,251,trpo,trpo_paper,trpo_paper,ALE/Qbert-v5,atari,0,1,1.0,25353089,101007,194,194,4,1,745.4896907216495,193.038355242552,520.6546391752578,745.4896907216495,193.038355242552,520.6546391752578,96.64451226152643,97.04344377122378,nan,nan,0.6986190830794834,0.006623028642313688,1.0,2.0797488689422607,nan,nan,nan,nan,64.57637786865234,74.36446905136108,0.0,138.94085216522217
252,252,trpo,trpo_paper,trpo_paper,ALE/Qbert-v5,atari,0,1,1.0,25454123,101034,196,196,4,1,738.265306122449,131.28117130492095,515.4795918367347,738.265306122449,131.28117130492095,515.4795918367347,92.898463172051,93.27768715234475,nan,nan,0.7569217494234614,0.0097781675020518,1.0,1.3936529159545898,nan,nan,nan,nan,64.62841486930847,68.74126410484314,0.0,133.3696846961975
253,253,trpo,trpo_paper,trpo_paper,ALE/Qbert-v5,atari,0,1,1.0,25554936,100813,198,198,4,1,751.6414141414141,147.66860831208672,509.15656565656565,751.6414141414141,147.66860831208672,509.15656565656565,95.95067507414718,96.27656217452115,nan,nan,0.7815467936109121,0.00661624518271413,1.0,1.544028639793396,nan,nan,nan,nan,64.89691209793091,74.07488679885864,0.0,138.97180366516113
254,254,trpo,trpo_paper,trpo_paper,ALE/Qbert-v5,atari,0,1,1.0,25656346,101410,197,197,4,1,750.0,156.48016043299884,514.7715736040609,750.0,156.48016043299884,514.7715736040609,95.18537003254117,95.50071152992801,nan,nan,0.790938027715462,0.009512836789090939,1.0,1.9046759605407715,nan,nan,nan,nan,65.20833158493042,68.9272358417511,0.0,134.13557267189026
255,255,trpo,trpo_paper,trpo_paper,ALE/Qbert-v5,atari,0,1,1.0,25756801,100455,200,200,4,1,763.125,276.85665853470095,502.275,763.125,276.85665853470095,502.275,99.81880863944055,100.10452628042407,nan,nan,0.7882337743637543,0.009400958422756655,1.0,1.9165767431259155,nan,nan,nan,nan,64.5195963382721,68.3910813331604,0.0,132.91068315505981
256,256,trpo,trpo_paper,trpo_paper,ALE/Qbert-v5,atari,0,1,1.0,25857541,100740,201,201,4,1,732.2139303482587,149.8679319263322,501.1940298507463,732.2139303482587,149.8679319263322,501.1940298507463,94.80058380484415,95.07585647458805,nan,nan,0.7681701902503505,0.009581833709503199,1.0,1.72533118724823,nan,nan,nan,nan,64.90472412109375,68.59849143028259,0.0,133.5032205581665
257,257,trpo,trpo_paper,trpo_paper,ALE/Qbert-v5,atari,0,1,1.0,25958751,101210,194,194,4,1,789.0463917525773,320.0644150894757,521.7010309278351,789.0463917525773,320.0644150894757,521.7010309278351,101.07583026627803,101.44411403270428,nan,nan,0.7594109058709922,0.009686086954295535,1.0,1.2497230768203735,nan,nan,nan,nan,64.71032667160034,68.86140155792236,0.0,133.57173371315002
258,258,trpo,trpo_paper,trpo_paper,ALE/Qbert-v5,atari,0,1,1.0,26059930,101179,192,192,4,1,799.609375,372.21602502728086,526.9739583333334,799.609375,372.21602502728086,526.9739583333334,101.74175872710741,102.20634778461934,nan,nan,0.766038455438505,0.009653606618459638,1.0,2.4336464405059814,nan,nan,nan,nan,64.80370903015137,68.98950791358948,0.0,133.79322242736816
259,259,trpo,trpo_paper,trpo_paper,ALE/Qbert-v5,atari,0,1,1.0,26161861,101931,196,196,4,1,782.5255102040817,293.50559630697876,520.0561224489796,782.5255102040817,293.50559630697876,520.0561224489796,100.03416710814179,100.34430521627375,nan,nan,0.7944859326943594,0.00898481753037615,1.0,2.449003219604492,nan,nan,nan,nan,65.25570344924927,69.36525321006775,0.0,134.6209626197815
260,260,trpo,trpo_paper,trpo_paper,ALE/Qbert-v5,atari,0,1,1.0,26263149,101288,193,193,4,1,812.8238341968912,476.6375427974089,524.8082901554404,812.8238341968912,476.6375427974089,524.8082901554404,104.72815434083998,105.21600689370902,nan,nan,0.7681143724299769,0.008922228946706317,1.0,2.8325562477111816,nan,nan,nan,nan,64.58810472488403,68.81469655036926,0.0,133.40280675888062
261,261,trpo,trpo_paper,trpo_paper,ALE/Qbert-v5,atari,0,1,1.0,26363918,100769,194,194,4,1,780.1546391752578,291.3251395116249,519.4278350515464,780.1546391752578,291.3251395116249,519.4278350515464,99.39387051077216,99.81787119550656,nan,nan,0.7834798168199825,0.009932223473047258,1.0,1.574031949043274,nan,nan,nan,nan,64.60920286178589,68.59020972251892,0.0,133.1994171142578
262,262,trpo,trpo_paper,trpo_paper,ALE/Qbert-v5,atari,0,1,1.0,26464676,100758,200,200,4,1,771.5,202.34623791906782,503.79,771.5,202.34623791906782,503.79,102.26733423152504,102.50866820128427,nan,nan,0.7687689447774928,0.008981344773162335,1.0,1.7122924327850342,nan,nan,nan,nan,64.08759880065918,68.49533891677856,0.0,132.58294248580933
263,263,trpo,trpo_paper,trpo_paper,ALE/Qbert-v5,atari,0,1,1.0,26565689,101013,197,197,4,1,755.8375634517766,154.7191134644346,512.756345177665,755.8375634517766,154.7191134644346,512.756345177665,97.01785228138952,97.44684316622613,nan,nan,0.7554870746254504,0.009060480306925824,1.0,1.9245119094848633,nan,nan,nan,nan,65.23961400985718,68.86159634590149,0.0,134.1012156009674
264,264,trpo,trpo_paper,trpo_paper,ALE/Qbert-v5,atari,0,1,1.0,26666956,101267,196,196,4,1,752.6785714285714,140.34339718224388,516.6683673469388,752.6785714285714,140.34339718224388,516.6683673469388,94.93660570570867,95.33549058429696,nan,nan,0.7589929851477097,0.009706836537407209,1.0,2.0678985118865967,nan,nan,nan,nan,64.1909556388855,69.01317048072815,0.0,133.2041313648224
265,265,trpo,trpo_paper,trpo_paper,ALE/Qbert-v5,atari,0,1,1.0,26768530,101574,195,195,4,1,794.2307692307693,304.42576978577995,520.8923076923077,794.2307692307693,304.42576978577995,520.8923076923077,101.75369896577864,102.16816495855238,nan,nan,0.770819618540116,0.009608848426782007,1.0,1.8331794738769531,nan,nan,nan,nan,65.4168872833252,69.15195322036743,0.0,134.56884598731995
266,266,trpo,trpo_paper,trpo_paper,ALE/Qbert-v5,atari,0,1,1.0,26868979,100449,197,197,4,1,785.4060913705583,315.0813085996773,509.89340101522845,785.4060913705583,315.0813085996773,509.89340101522845,102.34449695865564,102.61087778375096,nan,nan,0.7677383965914917,0.006469341210175674,1.0,1.5727336406707764,nan,nan,nan,nan,64.4957365989685,73.8557481765747,0.0,138.35149025917053
267,267,trpo,trpo_paper,trpo_paper,ALE/Qbert-v5,atari,0,1,1.0,26969999,101020,198,198,4,1,747.2222222222222,153.79824482819512,510.2020202020202,747.2222222222222,153.79824482819512,510.2020202020202,95.66408879429815,95.91936590526629,nan,nan,0.748520375374307,0.008763900568029876,1.0,0.8812069296836853,nan,nan,nan,nan,64.88158226013184,68.75061845779419,0.0,133.63220620155334
268,268,trpo,trpo_paper,trpo_paper,ALE/Qbert-v5,atari,0,1,1.0,27070817,100818,196,196,4,1,768.4948979591836,281.20169421806844,514.3775510204082,768.4948979591836,281.20169421806844,514.3775510204082,99.28797390470947,99.61250223174433,nan,nan,0.7577544046632143,0.006406828191238658,1.0,1.4485759735107422,nan,nan,nan,nan,64.35028314590454,74.18882942199707,0.0,138.53911781311035
269,269,trpo,trpo_paper,trpo_paper,ALE/Qbert-v5,atari,0,1,1.0,27171554,100737,192,192,4,1,760.15625,168.79158920377964,524.671875,760.15625,168.79158920377964,524.671875,96.31270458595154,96.65966840014096,nan,nan,0.7617568408524487,0.008876383237652255,1.0,2.085592746734619,nan,nan,nan,nan,64.71278691291809,68.58556962013245,0.0,133.29836201667786
270,270,trpo,trpo_paper,trpo_paper,ALE/Qbert-v5,atari,0,1,1.0,27273087,101533,194,194,4,1,795.4896907216495,380.97763875839877,523.3659793814433,795.4896907216495,380.97763875839877,523.3659793814433,103.43261919769927,103.76724777904721,nan,nan,0.7904342253565343,0.006431287467987978,1.0,1.5844794511795044,nan,nan,nan,nan,65.7420449256897,74.69090509414673,0.0,140.43295574188232
271,271,trpo,trpo_paper,trpo_paper,ALE/Qbert-v5,atari,0,1,1.0,27374388,101301,199,199,4,1,743.4673366834171,316.3787528655583,509.0502512562814,743.4673366834171,316.3787528655583,509.0502512562814,99.87929197391931,100.39902123374893,nan,nan,0.7936616687211874,0.00981318466553071,1.0,2.7601964473724365,nan,nan,nan,nan,64.58382439613342,69.00160145759583,0.0,133.585431098938
272,272,trpo,trpo_paper,trpo_paper,ALE/Qbert-v5,atari,0,1,1.0,27476107,101719,194,194,4,1,791.4948453608248,389.3373732119937,524.3247422680413,791.4948453608248,389.3373732119937,524.3247422680413,103.58818657281334,104.25089523589496,nan,nan,0.8089851420872084,0.00887963576151044,1.0,4.330857276916504,nan,nan,nan,nan,65.53819537162781,69.44672751426697,0.0,134.98492765426636
273,273,trpo,trpo_paper,trpo_paper,ALE/Qbert-v5,atari,0,1,1.0,27577463,101356,191,191,4,1,793.717277486911,203.95257549801568,530.6596858638743,793.717277486911,203.95257549801568,530.6596858638743,100.94717258968389,101.48967069043766,nan,nan,0.804771276105386,0.009287288382386554,1.0,2.8952040672302246,nan,nan,nan,nan,65.09566068649292,69.03854584693909,0.0,134.13421177864075
274,274,trpo,trpo_paper,trpo_paper,ALE/Qbert-v5,atari,0,1,1.0,27678708,101245,196,196,4,1,755.8673469387755,154.41219271906027,516.5561224489796,755.8673469387755,154.41219271906027,516.5561224489796,96.60246617116894,96.92354900241988,nan,nan,0.8126936462333016,0.009649301058335377,1.0,1.6628745794296265,nan,nan,nan,nan,64.27296304702759,68.99118375778198,0.0,133.2641520500183
275,275,trpo,trpo_paper,trpo_paper,ALE/Qbert-v5,atari,0,1,1.0,27779418,100710,196,196,4,1,852.1683673469388,523.1549378524255,513.8265306122449,852.1683673469388,523.1549378524255,513.8265306122449,115.22112159914606,115.62356642835866,nan,nan,0.8190102190948174,0.009248789807661544,1.0,2.1518611907958984,nan,nan,nan,nan,64.08921790122986,68.67559623718262,0.002109050750732422,132.76692914962769
276,276,trpo,trpo_paper,trpo_paper,ALE/Qbert-v5,atari,0,1,1.0,27880228,100810,197,197,4,1,741.751269035533,181.2214733326785,511.7258883248731,741.751269035533,181.2214733326785,511.7258883248731,96.51352916377344,96.95960594187085,nan,nan,0.8092601006069586,0.009552494978454408,1.0,2.2924551963806152,nan,nan,nan,nan,64.48063397407532,68.87173891067505,0.0,133.35237836837769
277,277,trpo,trpo_paper,trpo_paper,ALE/Qbert-v5,atari,0,1,1.0,27981097,100869,194,194,4,1,755.0257731958762,172.56367226397018,519.9432989690722,755.0257731958762,172.56367226397018,519.9432989690722,96.49202694212295,96.90804487131824,nan,nan,0.7970890674879051,0.009042875774847052,1.0,1.9290672540664673,nan,nan,nan,nan,64.57739186286926,68.75845861434937,0.0,133.33585476875305
278,278,trpo,trpo_paper,trpo_paper,ALE/Qbert-v5,atari,0,1,1.0,28081657,100560,195,195,4,1,784.1025641025641,309.55483295986517,515.6923076923077,784.1025641025641,309.55483295986517,515.6923076923077,102.23636696996817,102.62557614856802,nan,nan,0.8158361709582588,0.008672192371498523,1.0,2.2271835803985596,nan,nan,nan,nan,64.47411251068115,68.63086986541748,0.0,133.1049873828888
279,279,trpo,trpo_paper,trpo_paper,ALE/Qbert-v5,atari,0,1,1.0,28182475,100818,189,189,4,1,764.9470899470899,191.58417094066942,533.4285714285714,764.9470899470899,191.58417094066942,533.4285714285714,95.4306338215894,95.67491947122538,nan,nan,0.798765926266112,0.006503883774465414,1.0,1.4248636960983276,nan,nan,nan,nan,64.71066546440125,74.49563765525818,0.0,139.20630884170532
280,280,trpo,trpo_paper,trpo_paper,ALE/Qbert-v5,atari,0,1,1.0,28283897,101422,192,192,4,1,760.0260416666666,300.82417059388405,528.2395833333334,760.0260416666666,300.82417059388405,528.2395833333334,96.15783403748694,96.5017778440575,nan,nan,0.794859273975629,0.00868723401446266,1.0,2.535839319229126,nan,nan,nan,nan,64.81325054168701,69.14517211914062,0.0,133.95842838287354
281,281,trpo,trpo_paper,trpo_paper,ALE/Qbert-v5,atari,0,1,1.0,28384939,101042,186,186,4,1,778.0913978494624,202.98640568704332,543.236559139785,778.0913978494624,202.98640568704332,543.236559139785,95.9397700956038,96.30390703865719,nan,nan,0.7847343812242062,0.00998097172124244,1.0,1.8797016143798828,nan,nan,nan,nan,64.71332812309265,69.01887822151184,0.0,133.7322120666504
282,282,trpo,trpo_paper,trpo_paper,ALE/Qbert-v5,atari,0,1,1.0,28485885,100946,188,188,4,1,777.6595744680851,190.70725327287045,536.9468085106383,777.6595744680851,190.70725327287045,536.9468085106383,95.80287542349375,96.16230088364075,nan,nan,0.7991348329180948,0.009166761734081048,1.0,1.805492639541626,nan,nan,nan,nan,65.33035397529602,68.76992750167847,0.0,134.10028624534607
283,283,trpo,trpo_paper,trpo_paper,ALE/Qbert-v5,atari,0,1,1.0,28587307,101422,194,194,4,1,770.2319587628866,290.09609643048367,522.7938144329897,770.2319587628866,290.09609643048367,522.7938144329897,97.46314994527815,97.80972138687859,nan,nan,0.800055859486693,0.006314063506909332,1.0,2.5567963123321533,nan,nan,nan,nan,65.09050607681274,74.94606876373291,0.0,140.03658032417297
284,284,trpo,trpo_paper,trpo_paper,ALE/Qbert-v5,atari,0,1,1.0,28688437,101130,192,192,4,1,756.640625,181.53222571931786,526.71875,756.640625,181.53222571931786,526.71875,94.4363764461584,94.91428606743796,nan,nan,0.8024574698485242,0.009553915669285679,1.0,2.196373701095581,nan,nan,nan,nan,64.92464280128479,68.97590804100037,0.0,133.9005570411682
285,285,trpo,trpo_paper,trpo_paper,ALE/Qbert-v5,atari,0,1,1.0,28789027,100590,187,187,4,1,771.524064171123,190.36259577478327,537.9144385026738,771.524064171123,190.36259577478327,537.9144385026738,94.5593058765782,94.8781472126951,nan,nan,0.7950469633944881,0.006531053504816138,1.0,1.5332659482955933,nan,nan,nan,nan,64.64592671394348,73.91940426826477,0.0,138.56533551216125
286,286,trpo,trpo_paper,trpo_paper,ALE/Qbert-v5,atari,0,1,1.0,28889980,100953,188,188,4,1,800.7978723404256,208.01596091519772,536.9840425531914,800.7978723404256,208.01596091519772,536.9840425531914,99.78050135335255,100.25184677523204,nan,nan,0.8262105155446717,0.009390174234203569,1.0,2.178083658218384,nan,nan,nan,nan,64.37970042228699,68.69028639793396,0.0,133.069993019104
287,287,trpo,trpo_paper,trpo_paper,ALE/Qbert-v5,atari,0,1,1.0,28990689,100709,183,183,4,1,803.4153005464481,211.4029436281256,550.3224043715848,803.4153005464481,211.4029436281256,550.3224043715848,97.87774987836241,98.29366820492707,nan,nan,0.8177651832782913,0.0094541211104114,1.0,1.591145396232605,nan,nan,nan,nan,64.40427565574646,68.5389392375946,0.0,132.94321942329407
288,288,trpo,trpo_paper,trpo_paper,ALE/Qbert-v5,atari,0,1,1.0,29092270,101581,188,188,4,1,836.3031914893617,411.33608015937307,540.3244680851063,836.3031914893617,411.33608015937307,540.3244680851063,106.05830814817732,106.42950822496333,nan,nan,0.8019800724952563,0.008650098272209106,1.0,3.717094659805298,nan,nan,nan,nan,64.83624291419983,69.22945976257324,0.0,134.0657081604004
289,289,trpo,trpo_paper,trpo_paper,ALE/Qbert-v5,atari,0,1,1.0,29193856,101586,189,189,4,1,813.3597883597884,212.20237837572648,537.4920634920635,813.3597883597884,212.20237837572648,537.4920634920635,102.27854508741362,102.82464395930542,nan,nan,0.7839237803668198,0.006602775805119307,1.0,2.4422197341918945,nan,nan,nan,nan,64.66700339317322,74.77255988121033,0.0,139.4395682811737
290,290,trpo,trpo_paper,trpo_paper,ALE/Qbert-v5,atari,0,1,1.0,29294700,100844,185,185,4,1,841.8918918918919,415.25204223809334,545.1027027027027,841.8918918918919,415.25204223809334,545.1027027027027,105.53090912696838,105.9452367332216,nan,nan,0.7908369257025393,0.009093841321506016,1.0,2.382784605026245,nan,nan,nan,nan,64.23925924301147,68.63063144683838,0.0,132.86989617347717
291,291,trpo,trpo_paper,trpo_paper,ALE/Qbert-v5,atari,0,1,1.0,29395333,100633,190,190,4,1,791.4473684210526,187.79155540798016,529.6473684210526,791.4473684210526,187.79155540798016,529.6473684210526,100.19645580972444,100.48639145459244,nan,nan,0.7907767331327851,0.006630444738809161,1.0,1.4079140424728394,nan,nan,nan,nan,64.578369140625,74.20617747306824,0.0,138.78455185890198
292,292,trpo,trpo_paper,trpo_paper,ALE/Qbert-v5,atari,0,1,1.0,29496733,101400,186,186,4,1,789.6505376344086,179.42863745949577,545.1612903225806,789.6505376344086,179.42863745949577,545.1612903225806,96.77475252712031,97.20588510848127,nan,nan,0.7696221839558679,0.009892463810977027,1.0,1.3689645528793335,nan,nan,nan,nan,64.87706780433655,69.09748077392578,0.0,133.9745535850525
293,293,trpo,trpo_paper,trpo_paper,ALE/Qbert-v5,atari,0,1,1.0,29597299,100566,194,194,4,1,778.6082474226804,296.69549653464367,518.3814432989691,778.6082474226804,296.69549653464367,518.3814432989691,100.14487811486984,100.53625246728517,nan,nan,0.7928391866974331,0.008743300709845359,1.0,2.4732682704925537,nan,nan,nan,nan,63.63045310974121,68.46525812149048,0.0,132.0957169532776
294,294,trpo,trpo_paper,trpo_paper,ALE/Qbert-v5,atari,0,1,1.0,29697982,100683,195,195,4,1,748.974358974359,160.94345036171146,516.3230769230769,748.974358974359,160.94345036171146,516.3230769230769,95.37600019988479,95.72997179265616,nan,nan,0.7864615595890226,0.008944544365787675,1.0,1.4407405853271484,nan,nan,nan,nan,64.72816801071167,68.68390107154846,0.0,133.41207480430603
295,295,trpo,trpo_paper,trpo_paper,ALE/Qbert-v5,atari,0,1,1.0,29799016,101034,189,189,4,1,812.9629629629629,402.5184654526725,534.5714285714286,812.9629629629629,402.5184654526725,534.5714285714286,102.16568494269256,102.6731081863531,nan,nan,0.7916200684144694,0.009560959061634008,1.0,2.094650983810425,nan,nan,nan,nan,64.32062911987305,69.0255880355835,0.0,133.34622287750244
296,296,trpo,trpo_paper,trpo_paper,ALE/Qbert-v5,atari,0,1,1.0,29900750,101734,189,189,4,1,792.989417989418,319.8572431142949,538.2751322751323,792.989417989418,319.8572431142949,538.2751322751323,97.52342598098964,97.97939510144101,nan,nan,0.7804890445764199,0.009172433603952342,1.0,3.269153594970703,nan,nan,nan,nan,65.46610426902771,69.27977323532104,0.0,134.74588298797607
297,297,trpo,trpo_paper,trpo_paper,ALE/Qbert-v5,atari,0,1,1.0,30001803,101053,190,190,4,1,771.1842105263158,175.51216111159061,531.8578947368421,771.1842105263158,175.51216111159061,531.8578947368421,95.07884847555243,95.4012532408736,nan,nan,0.7896673129601546,0.006453887675159606,1.0,1.5671536922454834,nan,nan,nan,nan,64.32128190994263,74.51015019416809,0.0,138.83143758773804
298,298,trpo,trpo_paper,trpo_paper,ALE/Qbert-v5,atari,0,1,1.0,30103423,101620,187,187,4,1,772.5935828877006,159.81970309986067,543.4224598930481,772.5935828877006,159.81970309986067,543.4224598930481,92.78644982532965,93.10126882011416,nan,nan,0.7957462015735707,0.009381900029137798,1.0,1.5513813495635986,nan,nan,nan,nan,64.5787045955658,69.31452298164368,0.0,133.8932328224182
299,299,trpo,trpo_paper,trpo_paper,ALE/Qbert-v5,atari,0,1,1.0,30204958,101535,192,192,4,1,831.9010416666666,348.0337711088512,528.828125,831.9010416666666,348.0337711088512,528.828125,106.89101172009651,107.26714495001724,nan,nan,0.7794428977115342,0.009924277898476181,1.0,2.1231532096862793,nan,nan,nan,nan,65.17841529846191,69.32751488685608,0.0,134.505934715271
300,300,trpo,trpo_paper,trpo_paper,ALE/Qbert-v5,atari,0,1,1.0,30306094,101136,191,191,4,1,776.9633507853404,183.2464472696259,529.5078534031413,776.9633507853404,183.2464472696259,529.5078534031413,96.22799590403022,96.64161438557981,nan,nan,0.7979342559153022,0.008663750391599664,1.0,1.9979206323623657,nan,nan,nan,nan,64.62607860565186,69.04226469993591,0.0021827220916748047,133.6705322265625
