iteration,epoch,method,method_variant,estimator,env_id,suite,seed,trainable,did_update,env_steps,batch_env_steps,episodes_in_batch,episodes_in_epoch,num_workers,parallel_rollouts,train_return_mean,train_return_std,train_len_mean,ep_return_mean,ep_return_std,ep_len_mean,policy_loss_before,policy_loss_after,value_loss_before,value_loss_after,entropy,approx_kl,line_search_success,cg_norm,clip_fraction,kl_coef,value_explained_variance_before,value_explained_variance_after,collect_time_sec,update_time_sec,checkpoint_time_sec,wall_time_sec
1,1,ppo,clip,gae,ALE/SpaceInvaders-v5,atari,0,1,1.0,100000,100000,197,197,4,1,146.7766497461929,93.16837475104103,503.97969543147207,146.7766497461929,93.16837475104103,503.97969543147207,-1.600503921508789e-08,-0.0006212594985961914,1186.3954503515624,514.6979488232422,1.7866644240188598,0.0009676388724148274,nan,nan,0.0,nan,5.543231964111328e-06,0.048101723194122314,82.02229881286621,77.83152079582214,0.0,159.85400295257568
2,2,ppo,clip,gae,ALE/SpaceInvaders-v5,atari,0,1,1.0,200000,100000,198,198,4,1,148.78787878787878,107.0414601755346,501.85353535353534,148.78787878787878,107.0414601755346,501.85353535353534,2.5272369384765625e-09,-0.0006022755646705628,588.561913125,543.087733125,1.784689306564331,0.0008009660793282091,nan,nan,0.0,nan,0.008886575698852539,0.08525669574737549,80.66003036499023,75.83903336524963,0.0,156.4990997314453
3,3,ppo,clip,gae,ALE/SpaceInvaders-v5,atari,0,1,1.0,300000,100000,208,208,4,1,138.5096153846154,91.92879719488461,475.10096153846155,138.5096153846154,91.92879719488461,475.10096153846155,2.899169921875e-09,-0.001108683910369873,434.6843213623047,412.5582175732422,1.7797805785369873,0.0019545678270608186,nan,nan,0.0318100000333786,nan,0.02045607566833496,0.0706028938293457,79.38659119606018,75.3060553073883,0.0,154.69267678260803
4,4,ppo,clip,gae,ALE/SpaceInvaders-v5,atari,0,1,1.0,400000,100000,199,199,4,1,166.60804020100502,114.81436682675007,495.5427135678392,166.60804020100502,114.81436682675007,495.5427135678392,8.561611175537109e-09,-0.001049439218044281,675.1104424609375,637.2864690429687,1.7752726609802245,0.0015122593378648162,nan,nan,0.02034000001311302,nan,0.05782037973403931,0.09056061506271362,79.43027782440186,75.37924075126648,0.0,154.80954694747925
5,5,ppo,clip,gae,ALE/SpaceInvaders-v5,atari,0,1,1.0,500000,100000,195,195,4,1,169.4102564102564,114.99737297974224,505.14871794871794,169.4102564102564,114.99737297974224,505.14871794871794,6.241798400878906e-09,-0.001226501922607422,575.6849428173828,565.1884181982422,1.7745189854049683,0.0011954291677474976,nan,nan,0.007160000004172325,nan,0.0666002631187439,0.08418232202529907,79.50286531448364,75.53649473190308,0.0,155.03938961029053
6,6,ppo,clip,gae,ALE/SpaceInvaders-v5,atari,0,1,1.0,600000,100000,208,208,4,1,153.41346153846155,111.66950814594023,474.42788461538464,153.41346153846155,111.66950814594023,474.42788461538464,2.651214599609375e-09,-0.0014864374113082886,575.0880419726562,561.5352394921875,1.766018218307495,0.0015716566655039788,nan,nan,0.03502000000119209,nan,0.0825539231300354,0.10619384050369263,79.59417057037354,75.44430232048035,0.0,155.038503408432
7,7,ppo,clip,gae,ALE/SpaceInvaders-v5,atari,0,1,1.0,700000,100000,210,210,4,1,155.45238095238096,100.62263363226471,472.7142857142857,155.45238095238096,100.62263363226471,472.7142857142857,5.197525024414063e-10,-0.001272971601486206,528.9456225488282,508.3314426269531,1.7594717916107179,0.0012672539503127338,nan,nan,0.04170999999284744,nan,0.0748329758644104,0.10889160633087158,80.0987594127655,75.50875616073608,0.0,155.60755825042725
8,8,ppo,clip,gae,ALE/SpaceInvaders-v5,atari,0,1,1.0,800000,100000,206,206,4,1,161.77184466019418,92.70551236475004,481.84466019417476,161.77184466019418,92.70551236475004,481.84466019417476,-4.106760025024414e-10,-0.0012860878844559193,449.1168348828125,423.88241202148436,1.7595352266311646,0.0009209863114356994,nan,nan,0.009380000002086162,nan,0.09759563207626343,0.1477738618850708,80.11522221565247,75.2917640209198,0.0,155.40702867507935
9,9,ppo,clip,gae,ALE/SpaceInvaders-v5,atari,0,1,1.0,900000,100000,206,206,4,1,167.9368932038835,115.31295912343992,479.6601941747573,167.9368932038835,115.31295912343992,479.6601941747573,1.931190490722656e-09,-0.0015547915601730347,579.8879219873047,554.9082401171875,1.7553208686447144,0.000902790260091424,nan,nan,0.02086999999523163,nan,0.07989323139190674,0.1160057783126831,79.31991863250732,75.4038519859314,0.0,154.72381567955017
10,10,ppo,clip,gae,ALE/SpaceInvaders-v5,atari,0,1,1.0,1000000,100000,211,211,4,1,167.10900473933648,96.25539913190653,470.4265402843602,167.10900473933648,96.25539913190653,470.4265402843602,5.47170639038086e-09,-0.0015046545958518982,477.9333868457031,458.83342956054685,1.751876161956787,0.0009556626760587096,nan,nan,0.015470000006556512,nan,0.12428569793701172,0.15768194198608398,79.42969989776611,75.83762788772583,0.0,155.2673580646515
11,11,ppo,clip,gae,ALE/SpaceInvaders-v5,atari,0,1,1.0,1100000,100000,208,208,4,1,170.14423076923077,88.90210889914805,475.6875,170.14423076923077,88.90210889914805,475.6875,9.598731994628906e-09,-0.0016005287837982177,512.1840531445313,498.1720745800781,1.7428694688415527,0.0013603473570942878,nan,nan,0.03475999999284744,nan,0.13432270288467407,0.15925782918930054,79.57688021659851,75.64131736755371,0.0,155.2182264328003
12,12,ppo,clip,gae,ALE/SpaceInvaders-v5,atari,0,1,1.0,1200000,100000,195,195,4,1,183.02564102564102,92.73244866197321,508.4153846153846,183.02564102564102,92.73244866197321,508.4153846153846,1.289844512939453e-09,-0.0014997960287332535,400.04130188476563,371.5138081591797,1.735566436958313,0.0010759452507458627,nan,nan,0.022360000002086163,nan,0.2149222493171692,0.2711774706840515,79.73069882392883,75.6719696521759,0.0,155.40270972251892
13,13,ppo,clip,gae,ALE/SpaceInvaders-v5,atari,0,1,1.0,1300000,100000,189,189,4,1,200.87301587301587,96.42775491195228,522.9153439153439,200.87301587301587,96.42775491195228,522.9153439153439,4.067420959472656e-09,-0.001480002326965332,549.4804897070312,511.9219442871094,1.7325228615951538,0.0010269047347456217,nan,nan,0.029400000004172325,nan,0.22495096921920776,0.26756352186203003,80.05391192436218,75.90327310562134,0.0,155.95721340179443
14,14,ppo,clip,gae,ALE/SpaceInvaders-v5,atari,0,1,1.0,1400000,100000,187,187,4,1,210.3475935828877,111.64550483962014,528.4652406417113,210.3475935828877,111.64550483962014,528.4652406417113,-2.5022029876708986e-09,-0.0016085905420780181,629.2284520703125,606.605858046875,1.727624370613098,0.001062116613946855,nan,nan,0.029399999990463256,nan,0.20447379350662231,0.23154276609420776,79.79750847816467,75.3209969997406,0.0,155.11853551864624
15,15,ppo,clip,gae,ALE/SpaceInvaders-v5,atari,0,1,1.0,1500000,100000,181,181,4,1,210.939226519337,95.51952539663507,546.2375690607735,210.939226519337,95.51952539663507,546.2375690607735,1.4126300811767577e-09,-0.0014013654148578643,497.83631877441405,480.04273350585936,1.7156341052246094,0.0015073060751333834,nan,nan,0.09077000001192093,nan,0.26851552724838257,0.2974415421485901,80.71159267425537,75.7481460571289,0.0,156.45977306365967
16,16,ppo,clip,gae,ALE/SpaceInvaders-v5,atari,0,1,1.0,1600000,100000,183,183,4,1,232.34972677595627,127.65517970022577,543.120218579235,232.34972677595627,127.65517970022577,543.120218579235,-7.724761962890625e-09,-0.0015982099723815919,811.5157095556641,723.24417015625,1.7157368125915526,0.0011442099502682686,nan,nan,0.029400000022649767,nan,0.20984995365142822,0.2705494165420532,79.93796944618225,75.59585309028625,0.0,155.53385400772095
17,17,ppo,clip,gae,ALE/SpaceInvaders-v5,atari,0,1,1.0,1700000,100000,181,181,4,1,211.1049723756906,97.33263026602127,542.2707182320441,211.1049723756906,97.33263026602127,542.2707182320441,-1.1011362075805663e-08,-0.0015768941962718964,548.4774088476563,486.526463828125,1.7060373365783692,0.0009714827162213623,nan,nan,0.026039999995827675,nan,0.24676185846328735,0.31619173288345337,80.14832592010498,75.27408528327942,0.0,155.42244243621826
18,18,ppo,clip,gae,ALE/SpaceInvaders-v5,atari,0,1,1.0,1800000,100000,174,174,4,1,228.76436781609195,109.43190133228082,569.0862068965517,228.76436781609195,109.43190133228082,569.0862068965517,3.349781036376953e-09,-0.0015754915261268615,560.18300765625,527.32745140625,1.7017432810211182,0.0009505605058185756,nan,nan,0.03018,nan,0.29137808084487915,0.33377790451049805,80.26929783821106,75.59348058700562,0.0,155.86280751228333
19,19,ppo,clip,gae,ALE/SpaceInvaders-v5,atari,0,1,1.0,1900000,100000,169,169,4,1,238.34319526627218,121.03195564814742,584.7810650887574,238.34319526627218,121.03195564814742,584.7810650887574,3.3986568450927735e-09,-0.0017721304404735565,651.3504704199219,625.5603724414062,1.6898749472045898,0.0011338731784746052,nan,nan,0.04331000003576279,nan,0.28753769397735596,0.3114272952079773,79.7484302520752,75.58107376098633,0.0,155.32953691482544
20,20,ppo,clip,gae,ALE/SpaceInvaders-v5,atari,0,1,1.0,2000000,100000,165,165,4,1,242.03030303030303,101.2002170462653,595.1515151515151,242.03030303030303,101.2002170462653,595.1515151515151,9.775161743164063e-10,-0.0017777107334136964,542.6931412109375,509.23530578125,1.6945211976242065,0.0011973821355774998,nan,nan,0.04340000002503395,nan,0.2878979444503784,0.3311030864715576,79.88549137115479,75.59320950508118,0.0,155.4787299633026
21,21,ppo,clip,gae,ALE/SpaceInvaders-v5,atari,0,1,1.0,2100000,100000,168,168,4,1,244.375,105.6867951104313,589.2678571428571,244.375,105.6867951104313,589.2678571428571,3.3330917358398436e-09,-0.0013648729276657104,538.5358764648438,519.9786051367188,1.6877860398101807,0.001464802169650793,nan,nan,0.0788000000500679,nan,0.33433711528778076,0.3588963747024536,79.72043800354004,75.83790040016174,0.0,155.5583679676056
22,22,ppo,clip,gae,ALE/SpaceInvaders-v5,atari,0,1,1.0,2200000,100000,161,161,4,1,263.8198757763975,113.61577881181655,612.1552795031056,263.8198757763975,113.61577881181655,612.1552795031056,1.6319751739501952e-08,-0.0014033420372009278,709.7360318115234,671.4150100830078,1.6917675058746338,0.0009547948044911027,nan,nan,0.02336000001192093,nan,0.2851635813713074,0.3086986541748047,79.58646893501282,75.42200994491577,0.0,155.00850677490234
23,23,ppo,clip,gae,ALE/SpaceInvaders-v5,atari,0,1,1.0,2300000,100000,159,159,4,1,259.1194968553459,97.25240226163463,622.0566037735849,259.1194968553459,97.25240226163463,622.0566037735849,8.665919303894042e-09,-0.0013176656043529511,515.89526765625,459.18486939453123,1.68683333568573,0.000729358964599669,nan,nan,0.01917000001311302,nan,0.2930934429168701,0.3585559129714966,79.17908120155334,75.65201783180237,0.0,154.83112597465515
24,24,ppo,clip,gae,ALE/SpaceInvaders-v5,atari,0,1,1.0,2400000,100000,158,158,4,1,268.5126582278481,118.84532748528957,620.9556962025316,268.5126582278481,118.84532748528957,620.9556962025316,1.800060272216797e-09,-0.00048500181913375853,738.9750655859375,675.5860798828126,1.675813008003235,0.002112780541330576,nan,nan,0.13840999997377396,nan,0.2972326874732971,0.35388773679733276,79.21650171279907,76.05678009986877,0.0,155.27331161499023
25,25,ppo,clip,gae,ALE/SpaceInvaders-v5,atari,0,1,1.0,2500000,100000,157,157,4,1,276.656050955414,112.92349664245785,625.2929936305733,276.656050955414,112.92349664245785,625.2929936305733,3.0982494354248046e-09,-0.0010328609871864318,698.0824406054687,672.7514706542969,1.6705147269821168,0.0016244337137788535,nan,nan,0.10436000001907349,nan,0.3199659585952759,0.34361547231674194,79.22851920127869,76.02040433883667,0.014672279357910156,155.2636272907257
26,26,ppo,clip,gae,ALE/SpaceInvaders-v5,atari,0,1,1.0,2600000,100000,153,153,4,1,288.5947712418301,122.58444803793286,643.9934640522875,288.5947712418301,122.58444803793286,643.9934640522875,-7.471442222595214e-10,-0.001363751750588417,728.7530446386719,708.4631921435547,1.6582652988433837,0.0010022724421322345,nan,nan,0.03938000002026558,nan,0.31442874670028687,0.3352733850479126,79.76827120780945,75.96985387802124,0.0,155.73815536499023
27,27,ppo,clip,gae,ALE/SpaceInvaders-v5,atari,0,1,1.0,2700000,100000,154,154,4,1,294.87012987012986,131.3540225407866,640.7792207792207,294.87012987012986,131.3540225407866,640.7792207792207,-6.586313247680664e-09,-0.0011815849316120148,791.1317575292969,756.4153411621094,1.6532766119003295,0.0012130879162997007,nan,nan,0.05714000004053116,nan,0.30075931549072266,0.33147376775741577,79.68269968032837,75.59262037277222,0.0,155.2753517627716
28,28,ppo,clip,gae,ALE/SpaceInvaders-v5,atari,0,1,1.0,2800000,100000,148,148,4,1,303.81756756756755,137.37938381280497,659.6081081081081,303.81756756756755,137.37938381280497,659.6081081081081,-2.5564432144165038e-09,-0.0009906790101528167,789.3276661328125,756.0206067578125,1.65726984375,0.0011394783735275268,nan,nan,0.0695100000667572,nan,0.29149699211120605,0.3230067491531372,79.44936275482178,75.37232995033264,0.0,154.82172203063965
29,29,ppo,clip,gae,ALE/SpaceInvaders-v5,atari,0,1,1.0,2900000,100000,145,145,4,1,305.9310344827586,134.58235039135286,677.5172413793103,305.9310344827586,134.58235039135286,677.5172413793103,-5.764961242675781e-09,-0.0012548800468444824,718.1293877246094,690.1003954589844,1.6528674709320068,0.000863535015489906,nan,nan,0.03166000001549721,nan,0.3015786409378052,0.32804012298583984,79.06456708908081,75.56685018539429,0.0,154.63144731521606
30,30,ppo,clip,gae,ALE/SpaceInvaders-v5,atari,0,1,1.0,3000000,100000,145,145,4,1,308.62068965517244,132.9343664325923,680.1172413793104,308.62068965517244,132.9343664325923,680.1172413793104,2.09808349609375e-09,-0.0012461018300056457,707.8816340527344,660.2543063867188,1.6544165768432617,0.0005094777172151953,nan,nan,0.010810000002086163,nan,0.25123924016952515,0.30191218852996826,78.83036255836487,75.31531739234924,0.0,154.1457097530365
31,31,ppo,clip,gae,ALE/SpaceInvaders-v5,atari,0,1,1.0,3100000,100000,142,142,4,1,314.96478873239437,141.5426781789935,697.0352112676056,314.96478873239437,141.5426781789935,697.0352112676056,1.8548965454101562e-09,-0.0014281401562690735,751.9209191503907,713.9785956542969,1.645032212600708,0.0007946631531976163,nan,nan,0.02361999999821186,nan,0.30816543102264404,0.3428996205329895,79.86220097541809,75.5415403842926,0.0,155.40376996994019
32,32,ppo,clip,gae,ALE/SpaceInvaders-v5,atari,0,1,1.0,3200000,100000,144,144,4,1,310.90277777777777,132.14135526042455,679.2708333333334,310.90277777777777,132.14135526042455,679.2708333333334,-9.775161743164062e-11,-0.0013700499725341796,808.688676953125,775.090359375,1.63330692363739,0.0010720558754727244,nan,nan,0.04814000002384186,nan,0.267578661441803,0.2990649342536926,79.27239489555359,75.64155721664429,0.0,154.91398572921753
33,33,ppo,clip,gae,ALE/SpaceInvaders-v5,atari,0,1,1.0,3300000,100000,141,141,4,1,327.6241134751773,137.23275972057883,698.4042553191489,327.6241134751773,137.23275972057883,698.4042553191489,-1.1920928955078126e-11,-0.0013244931364059449,879.7827804296875,855.3091940625,1.6271223295211792,0.0008196352258138358,nan,nan,0.015610000023841858,nan,0.277576208114624,0.2988048791885376,79.01628994941711,75.50416779518127,0.0,154.52048897743225
34,34,ppo,clip,gae,ALE/SpaceInvaders-v5,atari,0,1,1.0,3400000,100000,140,140,4,1,341.25,156.59333706861767,704.3285714285714,341.25,156.59333706861767,704.3285714285714,-1.0952353477478027e-10,-0.0014917280384898186,897.0401782421875,860.249471484375,1.6196513634872436,0.0008884185383096337,nan,nan,0.03597000002384186,nan,0.29036247730255127,0.31948280334472656,79.12326884269714,75.51535677909851,0.0,154.63865494728088
35,35,ppo,clip,gae,ALE/SpaceInvaders-v5,atari,0,1,1.0,3500000,100000,132,132,4,1,359.09090909090907,140.68934478323933,748.5833333333334,359.09090909090907,140.68934478323933,748.5833333333334,-9.279251098632813e-09,-0.0010937547397613526,917.934006015625,874.8950188671874,1.6216184090805055,0.0009136104231141507,nan,nan,0.04896999998450279,nan,0.23177003860473633,0.26773780584335327,79.77537822723389,75.58925580978394,0.0,155.36466336250305
36,36,ppo,clip,gae,ALE/SpaceInvaders-v5,atari,0,1,1.0,3600000,100000,135,135,4,1,353.2962962962963,138.78595691976344,735.1185185185185,353.2962962962963,138.78595691976344,735.1185185185185,-2.2792816162109377e-09,-0.0010299003601074218,810.59014171875,772.4534372265625,1.6275541696929932,0.0007594982231222093,nan,nan,0.025649999989271165,nan,0.27163153886795044,0.3057611584663391,79.3284285068512,75.64944577217102,0.0,154.97790241241455
37,37,ppo,clip,gae,ALE/SpaceInvaders-v5,atari,0,1,1.0,3700000,100000,139,139,4,1,335.8992805755396,147.665590258005,710.3956834532374,335.8992805755396,147.665590258005,710.3956834532374,2.5022029876708986e-09,-0.0013752526259422303,789.2246091796875,756.85569375,1.6342295852279662,0.001148406639099121,nan,nan,0.044420000010728836,nan,0.2685866355895996,0.29887086153030396,79.98975801467896,75.64562010765076,0.0,155.6354079246521
38,38,ppo,clip,gae,ALE/SpaceInvaders-v5,atari,0,1,1.0,3800000,100000,134,134,4,1,362.35074626865674,159.02183542279383,737.9850746268656,362.35074626865674,159.02183542279383,737.9850746268656,6.668567657470703e-09,-0.0012846798253059388,911.0834053710937,868.8140420214844,1.6445011180114746,0.0012126712154597043,nan,nan,0.0787099999833107,nan,0.24553483724594116,0.280282199382782,78.95245671272278,75.39092350006104,0.0,154.34341287612915
39,39,ppo,clip,gae,ALE/SpaceInvaders-v5,atari,0,1,1.0,3900000,100000,132,132,4,1,357.68939393939394,148.2644613303272,748.1363636363636,357.68939393939394,148.2644613303272,748.1363636363636,-3.6954879760742186e-10,-0.0010288639855384827,862.1541811914062,834.2084807617188,1.643715350151062,0.0011500739787518978,nan,nan,0.059509999980926515,nan,0.2861536741256714,0.31153494119644165,79.0780770778656,75.4768614768982,0.0,154.55497527122498
40,40,ppo,clip,gae,ALE/SpaceInvaders-v5,atari,0,1,1.0,4000000,100000,130,130,4,1,372.7692307692308,138.63768709850748,760.3384615384615,372.7692307692308,138.63768709850748,760.3384615384615,7.038116455078125e-09,-0.001202952904701233,836.0754513183593,801.0533934570312,1.6384116780090332,0.0009135509184189141,nan,nan,0.04506999997854233,nan,0.27442967891693115,0.3052523136138916,78.65004444122314,75.34133005142212,0.0,153.99140667915344
41,41,ppo,clip,gae,ALE/SpaceInvaders-v5,atari,0,1,1.0,4100000,100000,125,125,4,1,388.48,162.38254093343903,791.744,388.48,162.38254093343903,791.744,4.106760025024414e-09,-0.0014544588327407837,877.6365574609375,842.6893360546875,1.632532744293213,0.001088116958066821,nan,nan,0.05467000002264977,nan,0.258533775806427,0.28784728050231934,78.58667039871216,75.18078398704529,0.0,153.76749682426453
42,42,ppo,clip,gae,ALE/SpaceInvaders-v5,atari,0,1,1.0,4200000,100000,128,128,4,1,397.9296875,146.6121682148257,773.5078125,397.9296875,146.6121682148257,773.5078125,4.243850708007812e-10,-0.001104475176334381,967.75719703125,919.85843953125,1.6331192943572999,0.0006399469160661101,nan,nan,0.0286100000166893,nan,0.263719379901886,0.2997538447380066,78.63135623931885,75.27560758590698,0.0,153.9069926738739
43,43,ppo,clip,gae,ALE/SpaceInvaders-v5,atari,0,1,1.0,4300000,100000,123,123,4,1,398.0487804878049,172.56863150588407,799.4227642276422,398.0487804878049,172.56863150588407,799.4227642276422,-3.143679350614548e-10,-0.0008317953095585107,952.5007659375,901.2854521484375,1.6339128030395509,0.0012899928621947765,nan,nan,0.10019000008583069,nan,0.2205081582069397,0.2647414803504944,79.16869044303894,75.29885816574097,0.0,154.46758556365967
44,44,ppo,clip,gae,ALE/SpaceInvaders-v5,atari,0,1,1.0,4400000,100000,122,122,4,1,404.6311475409836,174.4971323367955,804.172131147541,404.6311475409836,174.4971323367955,804.172131147541,-4.863739013671875e-10,-0.0009758005952835083,939.183150546875,889.43521734375,1.636618574028015,0.0008482081972621381,nan,nan,0.0394600000077486,nan,0.2534911632537842,0.2894429564476013,78.37887573242188,75.25437068939209,0.0,153.63327383995056
45,45,ppo,clip,gae,ALE/SpaceInvaders-v5,atari,0,1,1.0,4500000,100000,121,121,4,1,391.40495867768595,151.68369538775713,809.7520661157025,391.40495867768595,151.68369538775713,809.7520661157025,-4.827380180358887e-09,-0.0013510399749875068,765.8596681054687,724.1460761523438,1.634004009475708,0.0008734477904997766,nan,nan,0.04126000002622604,nan,0.291689395904541,0.3295712471008301,79.00574898719788,75.1034471988678,0.0,154.10923862457275
46,46,ppo,clip,gae,ALE/SpaceInvaders-v5,atari,0,1,1.0,4600000,100000,121,121,4,1,401.9834710743802,151.70311281426766,815.1570247933885,401.9834710743802,151.70311281426766,815.1570247933885,-1.2445449829101562e-09,-0.0002750084066390991,900.0277409375,862.100998359375,1.635043585281372,0.0015376736602559686,nan,nan,0.1318700000858307,nan,0.25376296043395996,0.28591084480285645,79.15940284729004,75.33192896842957,0.0,154.49136185646057
47,47,ppo,clip,gae,ALE/SpaceInvaders-v5,atari,0,1,1.0,4700000,100000,115,115,4,1,449.7391304347826,167.73017083381126,857.8086956521739,449.7391304347826,167.73017083381126,857.8086956521739,-3.693103790283203e-09,-0.0010762698817253112,1082.0196138671874,1006.839188671875,1.639308695755005,0.0006373220902308822,nan,nan,0.020979999997019768,nan,0.2534886598587036,0.2916419506072998,79.3902325630188,75.36337900161743,0.0,154.75364112854004
48,48,ppo,clip,gae,ALE/SpaceInvaders-v5,atari,0,1,1.0,4800000,100000,120,120,4,1,413.6666666666667,152.66757641650335,817.0583333333333,413.6666666666667,152.66757641650335,817.0583333333333,-3.2186508178710937e-09,-0.0012582682120800019,897.5786038671876,849.681905,1.639978335533142,0.0007809795263409615,nan,nan,0.039510000017881394,nan,0.24567455053329468,0.2858158349990845,79.8771710395813,75.62250232696533,0.0,155.49970412254333
49,49,ppo,clip,gae,ALE/SpaceInvaders-v5,atari,0,1,1.0,4900000,100000,113,113,4,1,437.16814159292034,184.9920784075293,860.4955752212389,437.16814159292034,184.9920784075293,860.4955752212389,6.8140029907226565e-09,-0.001257567811012268,990.7837219140625,949.185426796875,1.6386578372192382,0.0006096580163203179,nan,nan,0.018340000003874302,nan,0.24186766147613525,0.27356863021850586,79.59239888191223,74.71302723884583,0.0,154.30545473098755
50,50,ppo,clip,gae,ALE/SpaceInvaders-v5,atari,0,1,1.0,5000000,100000,118,118,4,1,414.4491525423729,165.884613637476,832.3813559322034,414.4491525423729,165.884613637476,832.3813559322034,-5.006790161132812e-10,-0.00139134281873703,938.7288932226562,894.8633601708984,1.6368671487045288,0.0006611730962619185,nan,nan,0.02583000003218651,nan,0.24003475904464722,0.2752382159233093,79.17069673538208,74.56355810165405,0.002839803695678711,153.73712515830994
51,51,ppo,clip,gae,ALE/SpaceInvaders-v5,atari,0,1,1.0,5100000,100000,118,118,4,1,430.1271186440678,170.67346892060496,835.0,430.1271186440678,170.67346892060496,835.0,-2.7382373809814454e-09,-0.0011539838349819184,1040.6859453320312,980.5884288671875,1.6377002867889405,0.000424438641089946,nan,nan,0.008970000002086163,nan,0.256980299949646,0.29851073026657104,78.33804416656494,74.83496308326721,0.0,153.17303562164307
52,52,ppo,clip,gae,ALE/SpaceInvaders-v5,atari,0,1,1.0,5200000,100000,117,117,4,1,421.4102564102564,171.38057583970226,843.5128205128206,421.4102564102564,171.38057583970226,843.5128205128206,2.4652481079101563e-09,-0.001111093258857727,941.1375387890625,897.0803953515625,1.6389009505462646,0.0007723122553527355,nan,nan,0.03408999999880791,nan,0.236284077167511,0.2697707414627075,78.88733911514282,74.96137475967407,0.0,153.8487446308136
53,53,ppo,clip,gae,ALE/SpaceInvaders-v5,atari,0,1,1.0,5300000,100000,115,115,4,1,434.5652173913044,174.1857644278101,856.4347826086956,434.5652173913044,174.1857644278101,856.4347826086956,-3.368854522705078e-09,-0.0013241820132732392,944.0642664550782,908.5878224902344,1.6429552258682252,0.0005662422506324947,nan,nan,0.014579999996423721,nan,0.2484990954399109,0.2767372131347656,79.34627842903137,75.39804863929749,0.0,154.74435448646545
54,54,ppo,clip,gae,ALE/SpaceInvaders-v5,atari,0,1,1.0,5400000,100000,113,113,4,1,439.46902654867256,166.7404358110252,870.3451327433628,439.46902654867256,166.7404358110252,870.3451327433628,5.316734313964844e-09,-0.0015291571044921874,952.510467421875,898.505711015625,1.6342895589828492,0.0008133192799799144,nan,nan,0.036530000025033954,nan,0.23581767082214355,0.27964746952056885,78.81213688850403,75.3560357093811,0.0,154.16820216178894
55,55,ppo,clip,gae,ALE/SpaceInvaders-v5,atari,0,1,1.0,5500000,100000,107,107,4,1,464.1121495327103,150.51285082544882,911.4392523364486,464.1121495327103,150.51285082544882,911.4392523364486,2.944469451904297e-09,-0.000676580855846405,946.3939265820312,905.5990714648437,1.6279321578979493,0.0016031240896135569,nan,nan,0.1446600000333786,nan,0.2743501663208008,0.3051779866218567,79.09779000282288,76.21002674102783,0.0,155.30784702301025
56,56,ppo,clip,gae,ALE/SpaceInvaders-v5,atari,0,1,1.0,5600000,100000,106,106,4,1,490.70754716981133,188.0779629082564,927.4716981132076,490.70754716981133,188.0779629082564,927.4716981132076,1.7629563808441162e-09,-0.0013711516577005387,1016.3677799609375,949.7183012890625,1.624690408821106,0.0008487766433507204,nan,nan,0.03978000000834465,nan,0.24858784675598145,0.29367417097091675,78.57670307159424,75.27902603149414,0.0,153.85575890541077
57,57,ppo,clip,gae,ALE/SpaceInvaders-v5,atari,0,1,1.0,5700000,100000,111,111,4,1,447.7027027027027,162.0765915369241,887.3423423423424,447.7027027027027,162.0765915369241,887.3423423423424,-4.875659942626953e-09,-0.0013205135846138,1004.3141703320313,956.8898605078125,1.6207254920578003,0.0010194676778838038,nan,nan,0.05806000000596046,nan,0.25778013467788696,0.2914367914199829,79.69107270240784,75.35294532775879,0.0,155.04404592514038
58,58,ppo,clip,gae,ALE/SpaceInvaders-v5,atari,0,1,1.0,5800000,100000,112,112,4,1,450.4017857142857,183.14482266294013,876.0,450.4017857142857,183.14482266294013,876.0,4.992485046386719e-09,-0.0015756064677238464,998.60746109375,954.548820546875,1.622601442527771,0.0006703202036395669,nan,nan,0.03190000002264976,nan,0.24726182222366333,0.28023308515548706,79.22444081306458,75.03252458572388,0.0,154.25699472427368
59,59,ppo,clip,gae,ALE/SpaceInvaders-v5,atari,0,1,1.0,5900000,100000,106,106,4,1,481.3679245283019,184.49770287835707,931.2547169811321,481.3679245283019,184.49770287835707,931.2547169811321,4.117786884307861e-09,-0.0010766375176608563,1065.4215768554689,1015.4111723242188,1.6247397957992553,0.0008073309482820332,nan,nan,0.04888999999165535,nan,0.23061054944992065,0.2680814862251282,79.04080510139465,75.1588842868805,0.0,154.19971919059753
60,60,ppo,clip,gae,ALE/SpaceInvaders-v5,atari,0,1,1.0,6000000,100000,110,110,4,1,462.6363636363636,152.25234599014928,897.0181818181818,462.6363636363636,152.25234599014928,897.0181818181818,4.410743713378906e-09,-0.001479760046005249,927.7572228320313,887.7081595996094,1.622424693031311,0.0005665661131218076,nan,nan,0.02488000001311302,nan,0.2878473997116089,0.31870037317276,79.25376224517822,75.4959192276001,0.0,154.74971055984497
61,61,ppo,clip,gae,ALE/SpaceInvaders-v5,atari,0,1,1.0,6100000,100000,106,106,4,1,479.57547169811323,164.16041097182318,928.0283018867924,479.57547169811323,164.16041097182318,928.0283018867924,5.960464477539063e-10,-0.0013276477813720703,930.425310859375,895.3767244433594,1.6177094872283935,0.0006656172349862754,nan,nan,0.032149999999403954,nan,0.26180368661880493,0.28865212202072144,78.30382180213928,74.96078443527222,0.0,153.2646358013153
62,62,ppo,clip,gae,ALE/SpaceInvaders-v5,atari,0,1,1.0,6200000,100000,105,105,4,1,474.0,159.95445780417805,931.6095238095238,474.0,159.95445780417805,931.6095238095238,6.483793258666992e-09,-0.001323427996635437,1010.30185765625,955.2384859765625,1.6224356834411622,0.0005984823320619762,nan,nan,0.02528000002384186,nan,0.266205370426178,0.30668050050735474,78.40223979949951,75.4198203086853,0.0,153.82209753990173
63,63,ppo,clip,gae,ALE/SpaceInvaders-v5,atari,0,1,1.0,6300000,100000,108,108,4,1,501.85185185185185,191.54415479808145,914.425925925926,501.85185185185185,191.54415479808145,914.425925925926,-4.738569259643555e-09,-0.0012261180651187897,1176.3903051171876,1077.06258671875,1.6153116612625122,0.0007742209964431822,nan,nan,0.046309999985694884,nan,0.2615417242050171,0.3199297785758972,78.40723609924316,75.86855912208557,0.0,154.27584099769592
64,64,ppo,clip,gae,ALE/SpaceInvaders-v5,atari,0,1,1.0,6400000,100000,106,106,4,1,502.7830188679245,155.81356813040367,927.4056603773585,502.7830188679245,155.81356813040367,927.4056603773585,-1.220703125e-09,-0.0016370412826538087,1064.289609296875,993.4361825,1.617889288444519,0.0006903709933906793,nan,nan,0.03348000001907349,nan,0.24969547986984253,0.3010624051094055,78.51545143127441,75.76211071014404,0.0,154.27759265899658
65,65,ppo,clip,gae,ALE/SpaceInvaders-v5,atari,0,1,1.0,6500000,100000,104,104,4,1,501.1057692307692,177.65426223367933,950.5384615384615,501.1057692307692,177.65426223367933,950.5384615384615,-4.110038280487061e-09,-0.0016438392224907875,1093.92953625,1019.2247108203125,1.609763242416382,0.0007125413537211716,nan,nan,0.03895999999403953,nan,0.23710691928863525,0.2867071032524109,78.98540616035461,75.53025770187378,0.0,154.51569294929504
66,66,ppo,clip,gae,ALE/SpaceInvaders-v5,atari,0,1,1.0,6600000,100000,102,102,4,1,507.15686274509807,166.13470468256043,963.2549019607843,507.15686274509807,166.13470468256043,963.2549019607843,-1.392364501953125e-09,-0.0010518853902816772,1009.0737602148438,924.207271640625,1.6056468078613282,0.0012452320920675994,nan,nan,0.1108500000500679,nan,0.2963838577270508,0.35409414768218994,79.52186894416809,75.38528561592102,0.0,154.90718340873718
67,67,ppo,clip,gae,ALE/SpaceInvaders-v5,atari,0,1,1.0,6700000,100000,106,106,4,1,487.92452830188677,188.3429077714273,932.0188679245283,487.92452830188677,188.3429077714273,932.0188679245283,-5.819797515869141e-09,-0.0013794763725996017,983.0583057128906,924.2342261035157,1.598239573135376,0.0004903185393381864,nan,nan,0.023840000005960465,nan,0.3028797507286072,0.34217172861099243,79.24903845787048,75.42087316513062,0.0,154.6699516773224
68,68,ppo,clip,gae,ALE/SpaceInvaders-v5,atari,0,1,1.0,6800000,100000,104,104,4,1,506.97115384615387,162.68246895827755,943.1442307692307,506.97115384615387,162.68246895827755,943.1442307692307,-2.772808074951172e-09,-0.0007653362488746643,991.9969608398437,936.7141300878907,1.597423320274353,0.001196968107111752,nan,nan,0.1106100000667572,nan,0.29420459270477295,0.32906341552734375,78.61796045303345,75.00949382781982,0.0,153.62748503684998
69,69,ppo,clip,gae,ALE/SpaceInvaders-v5,atari,0,1,1.0,6900000,100000,104,104,4,1,509.5192307692308,193.42748495979006,945.2019230769231,509.5192307692308,193.42748495979006,945.2019230769231,3.7789344787597657e-10,-0.0014658978587388993,1026.5276611328125,966.4031797265625,1.6010412073135376,0.0005890677285008133,nan,nan,0.02676000002026558,nan,0.27981531620025635,0.3231824040412903,79.57080674171448,74.84290671348572,0.0,154.41375589370728
70,70,ppo,clip,gae,ALE/SpaceInvaders-v5,atari,0,1,1.0,7000000,100000,103,103,4,1,520.0,186.14901641072296,955.6504854368932,520.0,186.14901641072296,955.6504854368932,2.5272369384765624e-10,-0.001429746708869934,1022.2202265234375,955.7095440039062,1.596579794769287,0.0005846232569217682,nan,nan,0.029590000025033952,nan,0.2995455265045166,0.3445153832435608,78.52054166793823,75.12846612930298,0.0,153.64903855323792
71,71,ppo,clip,gae,ALE/SpaceInvaders-v5,atari,0,1,1.0,7100000,100000,104,104,4,1,507.59615384615387,160.81370727256294,945.9519230769231,507.59615384615387,160.81370727256294,945.9519230769231,-4.1431188583374025e-09,-0.0013006212663650512,1020.46546234375,955.4210918359375,1.5959886405181885,0.0005422893778420985,nan,nan,0.031410000001192095,nan,0.28876471519470215,0.33404362201690674,78.76924705505371,75.14375329017639,0.0,153.9130334854126
72,72,ppo,clip,gae,ALE/SpaceInvaders-v5,atari,0,1,1.0,7200000,100000,98,98,4,1,556.6836734693877,179.00938277419846,998.6938775510204,556.6836734693877,179.00938277419846,998.6938775510204,5.336999893188476e-09,-0.0011489680635929107,1115.012775390625,1036.7436031054688,1.6063717890930176,0.0006162360508739948,nan,nan,0.038069999998807905,nan,0.26630502939224243,0.31425154209136963,78.04663467407227,75.44344711303711,0.0,153.4901156425476
73,73,ppo,clip,gae,ALE/SpaceInvaders-v5,atari,0,1,1.0,7300000,100000,105,105,4,1,518.2380952380952,180.91037106334352,938.952380952381,518.2380952380952,180.91037106334352,938.952380952381,-3.1675398349761964e-09,-0.0015161396234482528,1105.002776171875,1039.1922998828124,1.599146831855774,0.000678740103803575,nan,nan,0.04299000002622604,nan,0.27588844299316406,0.31890755891799927,79.25569868087769,74.90344071388245,0.0,154.15916752815247
74,74,ppo,clip,gae,ALE/SpaceInvaders-v5,atari,0,1,1.0,7400000,100000,100,100,4,1,542.5,190.4645636332386,979.72,542.5,190.4645636332386,979.72,-6.151199340820312e-10,-0.0013696169734001159,1152.6971515429686,1051.7716265039062,1.6020888619995117,0.00041553215644322337,nan,nan,0.015680000002384186,nan,0.22273540496826172,0.29002368450164795,79.28375673294067,74.7749547958374,0.0,154.05874061584473
75,75,ppo,clip,gae,ALE/SpaceInvaders-v5,atari,0,1,1.0,7500000,100000,97,97,4,1,551.5463917525773,174.0502368892595,1005.3917525773196,551.5463917525773,174.0502368892595,1005.3917525773196,-4.315376281738282e-09,-0.0013405030512809754,1098.1317094140625,1011.91114765625,1.5937997670364379,0.0007551949631981552,nan,nan,0.05233000001788139,nan,0.249542236328125,0.3076283931732178,79.26792860031128,74.91379904747009,0.002900838851928711,154.18465948104858
76,76,ppo,clip,gae,ALE/SpaceInvaders-v5,atari,0,1,1.0,7600000,100000,95,95,4,1,586.6315789473684,170.5416172472174,1034.6736842105263,586.6315789473684,170.5416172472174,1034.6736842105263,-7.525086402893067e-10,-0.001231140978038311,1218.48021234375,1137.29049546875,1.5932458668518066,0.000766976212374866,nan,nan,0.05946000006437302,nan,0.2574632167816162,0.306072473526001,78.4778254032135,75.42339563369751,0.0,153.90125036239624
77,77,ppo,clip,gae,ALE/SpaceInvaders-v5,atari,0,1,1.0,7700000,100000,98,98,4,1,523.5204081632653,173.6819301159824,998.4795918367347,523.5204081632653,173.6819301159824,998.4795918367347,7.653236389160157e-10,-0.0013791256499290467,1045.6462763671875,962.7913376953124,1.5893070998382568,0.0007253279736079276,nan,nan,0.05648000001192093,nan,0.2497510313987732,0.30059516429901123,78.35189819335938,75.36158990859985,0.0,153.71352005004883
78,78,ppo,clip,gae,ALE/SpaceInvaders-v5,atari,0,1,1.0,7800000,100000,97,97,4,1,549.6907216494845,178.64440061942915,1015.9587628865979,549.6907216494845,178.64440061942915,1015.9587628865979,1.6617774963378905e-09,-0.0014353355181217194,1096.0616698046874,1025.16784265625,1.5928042817306518,0.0007791224235296249,nan,nan,0.057470000064373014,nan,0.2870744466781616,0.33182668685913086,78.78725862503052,75.36785006523132,0.0,154.15515041351318
79,79,ppo,clip,gae,ALE/SpaceInvaders-v5,atari,0,1,1.0,7900000,100000,99,99,4,1,558.3333333333334,180.33078472405072,989.2828282828283,558.3333333333334,180.33078472405072,989.2828282828283,-5.105733871459961e-09,-0.0012218157374858855,1238.8776770410157,1174.4121096875,1.5947858003234863,0.0005724421348795295,nan,nan,0.03950999999284744,nan,0.29490548372268677,0.3287777900695801,78.37609577178955,75.31283164024353,0.0,153.68895626068115
80,80,ppo,clip,gae,ALE/SpaceInvaders-v5,atari,0,1,1.0,8000000,100000,92,92,4,1,589.5108695652174,154.40992129683906,1054.3478260869565,589.5108695652174,154.40992129683906,1054.3478260869565,6.842613220214844e-10,-0.0012478652167320253,1098.6719610546875,1022.8257644921875,1.5998262050247192,0.00046131662847474216,nan,nan,0.023100000003278255,nan,0.32369983196258545,0.36960744857788086,78.72285389900208,75.45280194282532,0.0,154.17568588256836
81,81,ppo,clip,gae,ALE/SpaceInvaders-v5,atari,0,1,1.0,8100000,100000,98,98,4,1,546.530612244898,177.0642224132499,1005.5918367346939,546.530612244898,177.0642224132499,1005.5918367346939,4.2676925659179686e-10,-0.0013837496590614318,1118.2486353710938,983.8440683007813,1.5954365412902831,0.0007362826406024397,nan,nan,0.06505000005722046,nan,0.24454820156097412,0.32879990339279175,78.79865860939026,76.52769327163696,0.0,155.32639002799988
82,82,ppo,clip,gae,ALE/SpaceInvaders-v5,atari,0,1,1.0,8200000,100000,94,94,4,1,588.563829787234,181.4167389184383,1049.6063829787233,588.563829787234,181.4167389184383,1049.6063829787233,5.245208740234375e-09,-0.0011900357508659364,1155.8029326367187,1093.6905553320312,1.5999721293640137,0.0005699141721241176,nan,nan,0.03845999999165535,nan,0.316366970539093,0.3531811237335205,79.05263996124268,75.73142886161804,0.0,154.78410148620605
83,83,ppo,clip,gae,ALE/SpaceInvaders-v5,atari,0,1,1.0,8300000,100000,94,94,4,1,587.5531914893617,170.21379653943328,1043.8297872340424,587.5531914893617,170.21379653943328,1043.8297872340424,9.341239929199219e-09,-0.0010346687507629395,1139.2126894335938,1078.2698537304686,1.5965350302505492,0.0005750677144713699,nan,nan,0.04400999999523163,nan,0.29327893257141113,0.3312322497367859,79.33127403259277,75.62256360054016,0.0,154.95386672019958
84,84,ppo,clip,gae,ALE/SpaceInvaders-v5,atari,0,1,1.0,8400000,100000,97,97,4,1,584.3298969072165,177.84887141879148,1012.2783505154639,584.3298969072165,177.84887141879148,1012.2783505154639,-7.939338684082032e-09,-0.0008519785118103028,1144.3728105078126,1084.0356236328125,1.5992317094039916,0.0008980131930112838,nan,nan,0.08611000005960465,nan,0.3119887113571167,0.3482534885406494,79.19090747833252,75.38047075271606,0.0,154.57140707969666
85,85,ppo,clip,gae,ALE/SpaceInvaders-v5,atari,0,1,1.0,8500000,100000,98,98,4,1,565.765306122449,194.57482695901538,998.3163265306123,565.765306122449,194.57482695901538,998.3163265306123,-7.510185241699219e-11,-0.0014182948410511017,1204.8063883203124,1127.8207715625,1.5979978324890136,0.0005233797398209571,nan,nan,0.03355000004053116,nan,0.3071916103363037,0.35073286294937134,78.45995903015137,75.41369986534119,0.0,153.87370228767395
86,86,ppo,clip,gae,ALE/SpaceInvaders-v5,atari,0,1,1.0,8600000,100000,95,95,4,1,581.6315789473684,207.18977076109053,1023.2947368421053,581.6315789473684,207.18977076109053,1023.2947368421053,-3.681182861328125e-09,-0.0013535676193237305,1317.537595703125,1227.8187932421874,1.5989015064239502,0.0005621649180911481,nan,nan,0.05065000000357628,nan,0.252513587474823,0.3024348020553589,78.52816128730774,75.28608703613281,0.0,153.8142795562744
87,87,ppo,clip,gae,ALE/SpaceInvaders-v5,atari,0,1,1.0,8700000,100000,92,92,4,1,613.0978260869565,180.343636945079,1057.608695652174,613.0978260869565,180.343636945079,1057.608695652174,-2.5177001953125e-09,-0.0005780663704872131,1225.98112296875,1157.525538671875,1.6028152931976318,0.001069815368913114,nan,nan,0.10888000003099442,nan,0.2925450801849365,0.3286513090133667,78.7619035243988,75.4328556060791,0.0,154.19478750228882
88,88,ppo,clip,gae,ALE/SpaceInvaders-v5,atari,0,1,1.0,8800000,100000,91,91,4,1,622.1428571428571,176.49384831470937,1088.8791208791208,622.1428571428571,176.49384831470937,1088.8791208791208,1.4734268188476562e-09,-0.0012306914472579955,1268.3211718359375,1186.5941660546875,1.60359052318573,0.0006198473702184856,nan,nan,0.05010000002861023,nan,0.3057486414909363,0.35091298818588257,78.12267065048218,74.93031787872314,0.0,153.05302691459656
89,89,ppo,clip,gae,ALE/SpaceInvaders-v5,atari,0,1,1.0,8900000,100000,97,97,4,1,543.1443298969073,185.46864517793458,1015.1340206185567,543.1443298969073,185.46864517793458,1015.1340206185567,-5.559921264648438e-09,-0.0014649363780021667,1074.3501236914062,986.1825777148438,1.602944001235962,0.00043149210033938286,nan,nan,0.023679999990463257,nan,0.27495455741882324,0.325325071811676,78.2244246006012,74.98592710494995,0.0,153.2103807926178
90,90,ppo,clip,gae,ALE/SpaceInvaders-v5,atari,0,1,1.0,9000000,100000,95,95,4,1,571.8947368421053,201.80915808775538,1033.2842105263157,571.8947368421053,201.80915808775538,1033.2842105263157,7.191896438598633e-09,-0.0009083119094371796,1169.5627506640626,1086.7006758984376,1.5994691206741334,0.0009048857920989394,nan,nan,0.09617000005245209,nan,0.2920193672180176,0.3439176678657532,78.32442879676819,75.06838631629944,0.0,153.39284563064575
91,91,ppo,clip,gae,ALE/SpaceInvaders-v5,atari,0,1,1.0,9100000,100000,93,93,4,1,603.494623655914,184.71539419554438,1051.6129032258063,603.494623655914,184.71539419554438,1051.6129032258063,-1.1968612670898438e-09,-0.0012096660423278809,1220.2425693945313,1104.3450397070312,1.6051202492523193,0.0005758325073681772,nan,nan,0.049430000034570695,nan,0.28138166666030884,0.34037458896636963,78.21482825279236,74.91395115852356,0.0,153.1288092136383
92,92,ppo,clip,gae,ALE/SpaceInvaders-v5,atari,0,1,1.0,9200000,100000,92,92,4,1,618.804347826087,197.37870458733553,1064.5978260869565,618.804347826087,197.37870458733553,1064.5978260869565,-3.0791759490966795e-09,-0.0012247881150245666,1265.1798983203125,1180.247070390625,1.6064528664398194,0.00044057861583307384,nan,nan,0.03389000002503395,nan,0.3044283986091614,0.35295283794403076,79.21821928024292,75.06966710090637,0.0,154.28791618347168
93,93,ppo,clip,gae,ALE/SpaceInvaders-v5,atari,0,1,1.0,9300000,100000,92,92,4,1,595.7608695652174,178.6071332114887,1076.6521739130435,595.7608695652174,178.6071332114887,1076.6521739130435,-4.61578369140625e-09,-0.0006967870903015137,1157.398172578125,1033.238655234375,1.6048252249526977,0.0009450194273144006,nan,nan,0.10506999992370605,nan,0.2595047950744629,0.3388056755065918,78.16943216323853,75.17602372169495,0.0,153.34548497200012
94,94,ppo,clip,gae,ALE/SpaceInvaders-v5,atari,0,1,1.0,9400000,100000,97,97,4,1,543.8144329896908,210.6797701842412,1003.4845360824743,543.8144329896908,210.6797701842412,1003.4845360824743,5.245208740234375e-11,-0.0013091961145401002,1080.3436196484374,1011.8974306054688,1.6023454261398316,0.0005590878317877651,nan,nan,0.046820000010728835,nan,0.27811288833618164,0.31750136613845825,78.03900671005249,75.11787104606628,0.0,153.15690755844116
95,95,ppo,clip,gae,ALE/SpaceInvaders-v5,atari,0,1,1.0,9500000,100000,94,94,4,1,581.0106382978723,197.92887690369625,1034.3510638297873,581.0106382978723,197.92887690369625,1034.3510638297873,5.848407745361328e-09,-0.0012326644897460938,1190.5622640625,1106.6962302539062,1.6035114025878907,0.0005357805075123906,nan,nan,0.04905000001549721,nan,0.31396520137786865,0.361505389213562,78.27585220336914,75.21224212646484,0.0,153.4881227016449
96,96,ppo,clip,gae,ALE/SpaceInvaders-v5,atari,0,1,1.0,9600000,100000,97,97,4,1,611.5979381443299,195.03574400362544,1017.5360824742268,611.5979381443299,195.03574400362544,1017.5360824742268,-2.0503997802734374e-10,-0.0014368498849868774,1295.3396414648437,1220.10604375,1.6043257614135742,0.00042520024435594675,nan,nan,0.026239999998807908,nan,0.33737897872924805,0.36876022815704346,78.30478477478027,74.91285753250122,0.0,153.21767330169678
97,97,ppo,clip,gae,ALE/SpaceInvaders-v5,atari,0,1,1.0,9700000,100000,89,89,4,1,620.2808988764045,182.7772014379369,1097.1348314606741,620.2808988764045,182.7772014379369,1097.1348314606741,-4.816055297851563e-10,-0.0014026636934280396,1210.550355,1101.4970881054687,1.605336304550171,0.0004369530714210123,nan,nan,0.029220000015497207,nan,0.2745351791381836,0.33984750509262085,77.85875391960144,75.15405607223511,0.0,153.01284837722778
98,98,ppo,clip,gae,ALE/SpaceInvaders-v5,atari,0,1,1.0,9800000,100000,90,90,4,1,587.4444444444445,208.51757778881276,1083.1777777777777,587.4444444444445,208.51757778881276,1083.1777777777777,-2.2029876708984375e-09,-0.0011611379146575927,1117.3062045703125,1026.1001912109375,1.6026234993362427,0.00043355673825368283,nan,nan,0.03595999999284744,nan,0.2905939817428589,0.3442865014076233,78.2160747051239,75.11300039291382,0.0,153.32910346984863
99,99,ppo,clip,gae,ALE/SpaceInvaders-v5,atari,0,1,1.0,9900000,100000,91,91,4,1,605.7142857142857,197.94628451718947,1082.6923076923076,605.7142857142857,197.94628451718947,1082.6923076923076,4.311800003051758e-09,-0.001515555226802826,1201.1439954296875,1112.258380234375,1.6052015645599365,0.0004040536868199706,nan,nan,0.02412000003218651,nan,0.2895349860191345,0.34190088510513306,79.09534358978271,74.93765425682068,0.0,154.03303861618042
100,100,ppo,clip,gae,ALE/SpaceInvaders-v5,atari,0,1,1.0,10000000,100000,93,93,4,1,586.0752688172043,189.06938116401858,1040.0537634408602,586.0752688172043,189.06938116401858,1040.0537634408602,2.7519464492797853e-09,-0.0013591188505291938,1186.35948015625,1102.785513359375,1.6013374181365967,0.00048348471701145174,nan,nan,0.04466000003457069,nan,0.2631402015686035,0.31463855504989624,78.60660123825073,75.24031472206116,0.0028755664825439453,153.84982228279114
101,101,ppo,clip,gae,ALE/SpaceInvaders-v5,atari,0,1,1.0,10100000,100000,95,95,4,1,573.2105263157895,173.41449552334927,1040.1157894736841,573.2105263157895,173.41449552334927,1040.1157894736841,-6.119012832641602e-09,-0.001050768233537674,1152.35620640625,1101.9318123828125,1.5972361721801758,0.0007132286046631634,nan,nan,0.08702000002384186,nan,0.2837766408920288,0.31496483087539673,78.36063289642334,75.15327858924866,0.0,153.5139398574829
102,102,ppo,clip,gae,ALE/SpaceInvaders-v5,atari,0,1,1.0,10200000,100000,91,91,4,1,637.1978021978022,187.85400104723718,1083.6483516483515,637.1978021978022,187.85400104723718,1083.6483516483515,-1.1837482452392578e-08,-0.0006157463765144348,1260.0340802539063,1161.5565990429689,1.5970852298736573,0.0008046902969479561,nan,nan,0.09870999998569488,nan,0.31963175535202026,0.3585388660430908,78.30072784423828,75.04473805427551,0.0,153.34549522399902
103,103,ppo,clip,gae,ALE/SpaceInvaders-v5,atari,0,1,1.0,10300000,100000,91,91,4,1,616.2087912087912,181.17798403982925,1074.7362637362637,616.2087912087912,181.17798403982925,1074.7362637362637,3.879070281982422e-09,-0.0011380462431907655,1131.1050834960938,1070.4512310742186,1.599242064857483,0.00043266703298315405,nan,nan,0.03761000000238419,nan,0.32085394859313965,0.3566032648086548,78.5281400680542,75.18764901161194,0.0,153.71581840515137
104,104,ppo,clip,gae,ALE/SpaceInvaders-v5,atari,0,1,1.0,10400000,100000,94,94,4,1,574.9468085106383,175.52731296353105,1034.7978723404256,574.9468085106383,175.52731296353105,1034.7978723404256,2.7894973754882813e-10,-0.001464478244781494,1134.2301924804688,1075.0385473046874,1.6001449750137329,0.00037590294203720986,nan,nan,0.03218000002026558,nan,0.3093417286872864,0.3401221036911011,78.22548532485962,75.11585783958435,0.0,153.34138369560242
105,105,ppo,clip,gae,ALE/SpaceInvaders-v5,atari,0,1,1.0,10500000,100000,94,94,4,1,590.3191489361702,213.22100275605348,1034.063829787234,590.3191489361702,213.22100275605348,1034.063829787234,2.572536468505859e-09,-0.0012671005773544311,1210.63538453125,1151.9137683203126,1.5972996480178834,0.0005837432340346277,nan,nan,0.06661000003814697,nan,0.32054603099823,0.35328131914138794,78.12346267700195,75.14588952064514,0.0,153.2693953514099
106,106,ppo,clip,gae,ALE/SpaceInvaders-v5,atari,0,1,1.0,10600000,100000,94,94,4,1,587.3936170212766,211.54413140932476,1047.2978723404256,587.3936170212766,211.54413140932476,1047.2978723404256,-2.815723419189453e-09,-0.0013619922661781312,1133.2317424609375,1060.2647309765625,1.5938162550354005,0.00029032171726226804,nan,nan,0.018039999998807905,nan,0.32746559381484985,0.3707196116447449,78.0989408493042,74.97379279136658,0.0,153.07276225090027
107,107,ppo,clip,gae,ALE/SpaceInvaders-v5,atari,0,1,1.0,10700000,100000,93,93,4,1,614.1935483870968,205.93256324228562,1050.9569892473119,614.1935483870968,205.93256324228562,1050.9569892473119,5.020499229431152e-09,-0.0012249429655075074,1269.61956421875,1185.519456640625,1.5950315552139283,0.0004687181642651558,nan,nan,0.045440000022649765,nan,0.31275081634521484,0.35563135147094727,77.95902514457703,74.98619556427002,0.0,152.94524908065796
108,108,ppo,clip,gae,ALE/SpaceInvaders-v5,atari,0,1,1.0,10800000,100000,93,93,4,1,616.1290322580645,184.08467113362616,1056.1612903225807,616.1290322580645,184.08467113362616,1056.1612903225807,-3.9243698120117185e-09,-0.0013981129360198974,1247.68866796875,1171.2456670703125,1.5942734726715089,0.0003736930225789547,nan,nan,0.026700000022649766,nan,0.317396879196167,0.35909438133239746,78.74739718437195,75.09978532791138,0.0,153.84721088409424
109,109,ppo,clip,gae,ALE/SpaceInvaders-v5,atari,0,1,1.0,10900000,100000,93,93,4,1,607.1505376344086,168.68944210013572,1051.1182795698924,607.1505376344086,168.68944210013572,1051.1182795698924,-7.849931716918946e-09,-0.0007213027322292328,1185.8126371484375,1129.896482265625,1.5923812536239623,0.0005778412168379873,nan,nan,0.06725000002861023,nan,0.34085577726364136,0.37232083082199097,78.26918077468872,75.11547088623047,0.0,153.38468027114868
110,110,ppo,clip,gae,ALE/SpaceInvaders-v5,atari,0,1,1.0,11000000,100000,91,91,4,1,623.5164835164835,178.31706312918837,1080.5274725274726,623.5164835164835,178.31706312918837,1080.5274725274726,-2.0349025726318357e-09,-0.001293262859582901,1187.808104296875,1122.5801181445313,1.5929234502792358,0.00036737533970735965,nan,nan,0.02916000002145767,nan,0.33733779191970825,0.37377774715423584,78.29729557037354,75.19119668006897,0.0,153.4885220527649
111,111,ppo,clip,gae,ALE/SpaceInvaders-v5,atari,0,1,1.0,11100000,100000,88,88,4,1,641.0795454545455,178.82896994251934,1119.1931818181818,641.0795454545455,178.82896994251934,1119.1931818181818,-8.679628372192383e-09,-0.0012141959047317504,1140.4799780664061,1062.9465972851563,1.5938426662445069,0.0005294348964281381,nan,nan,0.05902000004291534,nan,0.32016241550445557,0.3669496774673462,79.153311252594,75.071453332901,0.0,154.2248134613037
112,112,ppo,clip,gae,ALE/SpaceInvaders-v5,atari,0,1,1.0,11200000,100000,86,86,4,1,641.7441860465116,183.33913080628096,1128.7906976744187,641.7441860465116,183.33913080628096,1128.7906976744187,-6.1655044555664065e-09,-0.0014104483461380006,1224.65510875,1140.6845414453126,1.5943354257965088,0.00038313601959496737,nan,nan,0.03466000003218651,nan,0.3216695189476013,0.3663017153739929,78.50212597846985,74.8348617553711,0.0,153.3370177745819
113,113,ppo,clip,gae,ALE/SpaceInvaders-v5,atari,0,1,1.0,11300000,100000,83,83,4,1,737.1686746987951,185.25494119076274,1160.144578313253,737.1686746987951,185.25494119076274,1160.144578313253,-1.9311904907226561e-10,-0.0007793211817741394,1383.7058925976562,1261.9266930664062,1.600663550682068,0.0006833164085447788,nan,nan,0.09053000007152558,nan,0.3505474925041199,0.39437514543533325,78.1751983165741,74.8028175830841,0.0,152.97805857658386
114,114,ppo,clip,gae,ALE/SpaceInvaders-v5,atari,0,1,1.0,11400000,100000,90,90,4,1,667.1666666666666,174.01316999966792,1075.6555555555556,667.1666666666666,174.01316999966792,1075.6555555555556,8.833408355712891e-10,-0.001138453550338745,1343.4766825,1253.779293359375,1.5971900127792358,0.000647254672460258,nan,nan,0.08065000002622605,nan,0.3195585608482361,0.36280369758605957,78.07305550575256,74.88262557983398,0.0,152.95570969581604
115,115,ppo,clip,gae,ALE/SpaceInvaders-v5,atari,0,1,1.0,11500000,100000,85,85,4,1,669.5882352941177,195.6861409092239,1148.9882352941177,669.5882352941177,195.6861409092239,1148.9882352941177,-2.956390380859375e-10,-0.0015169978749752044,1176.0378528515625,1058.360590078125,1.5998619680023194,0.0005894839384034276,nan,nan,0.0662200000166893,nan,0.35065293312072754,0.41334712505340576,78.83548712730408,74.99012494087219,0.0,153.82565188407898
116,116,ppo,clip,gae,ALE/SpaceInvaders-v5,atari,0,1,1.0,11600000,100000,85,85,4,1,667.1764705882352,175.81816652911863,1139.9411764705883,667.1764705882352,175.81816652911863,1139.9411764705883,-6.461143493652344e-10,-0.0014200816226005554,1227.505941328125,1135.65902328125,1.6032406163406372,0.0003576833942346275,nan,nan,0.03409,nan,0.30872392654418945,0.3605644106864929,78.74883317947388,74.94739627838135,0.0,153.69625997543335
117,117,ppo,clip,gae,ALE/SpaceInvaders-v5,atari,0,1,1.0,11700000,100000,88,88,4,1,661.875,202.07069040426063,1120.3295454545455,661.875,202.07069040426063,1120.3295454545455,-3.0994415283203124e-09,-0.0012423530721664428,1176.4702406445313,1102.2595521484375,1.6037610161209106,0.00028101487095467747,nan,nan,0.020850000014305113,nan,0.355579674243927,0.3960036635398865,78.18370628356934,74.83942246437073,0.0,153.02315855026245
118,118,ppo,clip,gae,ALE/SpaceInvaders-v5,atari,0,1,1.0,11800000,100000,86,86,4,1,660.2906976744187,171.85099456235739,1127.406976744186,660.2906976744187,171.85099456235739,1127.406976744186,5.388259887695312e-10,-0.0013338903093338013,1165.7271948828125,1098.46607859375,1.6029162855529786,0.000291562228994444,nan,nan,0.023450000013709067,nan,0.38564246892929077,0.42336440086364746,78.07876873016357,75.1866614818573,0.0,153.26546001434326
119,119,ppo,clip,gae,ALE/SpaceInvaders-v5,atari,0,1,1.0,11900000,100000,86,86,4,1,665.9302325581396,185.300685292077,1132.6627906976744,665.9302325581396,185.300685292077,1132.6627906976744,-9.677410125732422e-09,-0.0011983177471160888,1173.931668828125,1113.1849330078126,1.6037731352615356,0.000503135456237942,nan,nan,0.0546799999833107,nan,0.39776915311813354,0.42555350065231323,78.08889102935791,75.13259220123291,0.0,153.22151708602905
120,120,ppo,clip,gae,ALE/SpaceInvaders-v5,atari,0,1,1.0,12000000,100000,88,88,4,1,674.9431818181819,189.89903764623702,1112.4318181818182,674.9431818181819,189.89903764623702,1112.4318181818182,-6.198883056640625e-10,-0.0011823145008087157,1270.1046649804687,1199.3208499414063,1.605492317123413,0.00031627012090757487,nan,nan,0.02722000000655651,nan,0.3519899845123291,0.3876612186431885,78.02428913116455,75.32036328315735,0.0,153.34468460083008
121,121,ppo,clip,gae,ALE/SpaceInvaders-v5,atari,0,1,1.0,12100000,100000,89,89,4,1,657.9775280898876,214.23068410446524,1087.4831460674156,657.9775280898876,214.23068410446524,1087.4831460674156,2.493858337402344e-09,-0.0012257232093811036,1306.9725784375,1226.5369309765624,1.6079490584564209,0.0005586357104405761,nan,nan,0.07696999999046325,nan,0.34778088331222534,0.3884265422821045,78.1748275756836,75.01060485839844,0.0,153.1854636669159
122,122,ppo,clip,gae,ALE/SpaceInvaders-v5,atari,0,1,1.0,12200000,100000,89,89,4,1,648.9887640449438,167.35245014753303,1094.112359550562,648.9887640449438,167.35245014753303,1094.112359550562,3.249645233154297e-09,-0.0012432496857643128,1207.4416155859376,1140.623380234375,1.603967122077942,0.0005086368374153971,nan,nan,0.05725999999165535,nan,0.3463047742843628,0.38201308250427246,78.42892456054688,74.88066554069519,0.0,153.30962085723877
123,123,ppo,clip,gae,ALE/SpaceInvaders-v5,atari,0,1,1.0,12300000,100000,92,92,4,1,625.5978260869565,196.57922729517927,1066.9021739130435,625.5978260869565,196.57922729517927,1066.9021739130435,1.86920166015625e-09,-0.0013278424596786498,1225.34793953125,1167.0836753125,1.6045509063720702,0.0004253630915563554,nan,nan,0.04146000002503395,nan,0.30914759635925293,0.34060049057006836,78.00561928749084,75.19679164886475,0.0,153.20244121551514
124,124,ppo,clip,gae,ALE/SpaceInvaders-v5,atari,0,1,1.0,12400000,100000,86,86,4,1,658.3720930232558,185.30214462492333,1135.9302325581396,658.3720930232558,185.30214462492333,1135.9302325581396,-2.442002296447754e-09,-0.0011454660831391812,1153.661342265625,1083.386490078125,1.6001864254379272,0.00044469419109635053,nan,nan,0.057220000007152556,nan,0.34783750772476196,0.3871745467185974,77.91606593132019,75.11396336555481,0.0,153.03005957603455
125,125,ppo,clip,gae,ALE/SpaceInvaders-v5,atari,0,1,1.0,12500000,100000,89,89,4,1,626.5168539325842,186.6189479619282,1086.5505617977528,626.5168539325842,186.6189479619282,1086.5505617977528,-5.888938903808594e-09,-0.0013605209445953369,1119.770548671875,1035.66872515625,1.598204310951233,0.0003068120646290481,nan,nan,0.02598999999821186,nan,0.3581845164299011,0.4063372015953064,78.71120858192444,75.1111388206482,0.002866983413696289,153.82525610923767
126,126,ppo,clip,gae,ALE/SpaceInvaders-v5,atari,0,1,1.0,12600000,100000,92,92,4,1,644.2391304347826,192.7911896758645,1075.554347826087,644.2391304347826,192.7911896758645,1075.554347826087,-5.21540641784668e-10,-0.0008833497822284699,1196.1365956445313,1113.8191253320313,1.5964989448928832,0.0006180460561998188,nan,nan,0.09956000000238419,nan,0.3582161068916321,0.4023832678794861,78.73029851913452,75.2566831111908,0.0,153.98701000213623
127,127,ppo,clip,gae,ALE/SpaceInvaders-v5,atari,0,1,1.0,12700000,100000,86,86,4,1,664.2441860465116,168.13878099802042,1124.4418604651162,664.2441860465116,168.13878099802042,1124.4418604651162,-1.8548965454101562e-09,-0.0012975625085830688,1101.630000390625,1030.5358877734375,1.5949386678314208,0.00032719061602838335,nan,nan,0.03017999999821186,nan,0.3911256194114685,0.4302062392234802,77.87427353858948,75.36021041870117,0.0,153.23451566696167
128,128,ppo,clip,gae,ALE/SpaceInvaders-v5,atari,0,1,1.0,12800000,100000,88,88,4,1,659.1477272727273,221.5765073991337,1106.5113636363637,659.1477272727273,221.5765073991337,1106.5113636363637,1.1301040649414063e-09,-0.0011952911758422852,1203.5141496875,1131.267678671875,1.5958536133956909,0.00030082600084133446,nan,nan,0.028359999994039535,nan,0.3462992310523987,0.385204017162323,77.78386378288269,75.2805290222168,0.0,153.06442427635193
129,129,ppo,clip,gae,ALE/SpaceInvaders-v5,atari,0,1,1.0,12900000,100000,85,85,4,1,712.1176470588235,191.7771017285558,1151.929411764706,712.1176470588235,191.7771017285558,1151.929411764706,8.983612060546875e-09,-0.0012734690284729004,1266.1547694140625,1169.531993671875,1.5987079404067994,0.00039571133981458845,nan,nan,0.03947999999403953,nan,0.3931713104248047,0.43764549493789673,78.56112122535706,75.31185126304626,0.0,153.8730025291443
130,130,ppo,clip,gae,ALE/SpaceInvaders-v5,atari,0,1,1.0,13000000,100000,87,87,4,1,677.7586206896551,185.07183852274625,1132.1494252873563,677.7586206896551,185.07183852274625,1132.1494252873563,5.083084106445312e-09,-0.0007725589942932129,1166.481517265625,1087.89003890625,1.5955144393539429,0.0005258683682698756,nan,nan,0.08805999996423722,nan,0.39047497510910034,0.4309648275375366,78.67851853370667,75.2602949142456,0.0,153.93893456459045
131,131,ppo,clip,gae,ALE/SpaceInvaders-v5,atari,0,1,1.0,13100000,100000,85,85,4,1,704.8235294117648,217.5470835566725,1152.4823529411765,704.8235294117648,217.5470835566725,1152.4823529411765,-8.884817361831665e-10,-0.001207325000241399,1242.6268528125,1158.2407133203126,1.5958677587127685,0.00021836246261838823,nan,nan,0.013340000020265579,nan,0.38102155923843384,0.4225391745567322,77.87315702438354,75.23751044273376,0.0,153.1106972694397
132,132,ppo,clip,gae,ALE/SpaceInvaders-v5,atari,0,1,1.0,13200000,100000,87,87,4,1,679.9425287356322,190.85333818682284,1132.0689655172414,679.9425287356322,190.85333818682284,1132.0689655172414,-2.9540061950683594e-09,-0.0008244016623497009,1187.888379453125,1099.815116484375,1.5974532891464233,0.0006520282725244761,nan,nan,0.11345000016212463,nan,0.35306423902511597,0.3981025815010071,78.96094918251038,75.32654190063477,0.0,154.2875213623047
133,133,ppo,clip,gae,ALE/SpaceInvaders-v5,atari,0,1,1.0,13300000,100000,85,85,4,1,693.4705882352941,196.7755118812414,1141.4117647058824,693.4705882352941,196.7755118812414,1141.4117647058824,2.612471580505371e-09,-0.001198331499695778,1197.7515584375,1124.4594187109376,1.6011292489242555,0.0003439068822655827,nan,nan,0.04120000004529953,nan,0.38486582040786743,0.4211888313293457,77.99438810348511,75.38779926300049,0.0,153.38221621513367
134,134,ppo,clip,gae,ALE/SpaceInvaders-v5,atari,0,1,1.0,13400000,100000,86,86,4,1,675.8139534883721,189.1318299695367,1118.3837209302326,675.8139534883721,189.1318299695367,1118.3837209302326,-4.0531158447265623e-10,-0.0010636905431747436,1246.3035656640625,1110.6475483203126,1.6012023343658448,0.00040432385523803534,nan,nan,0.051050000021457674,nan,0.34331369400024414,0.41325920820236206,78.72296237945557,75.10114049911499,0.0,153.8241319656372
135,135,ppo,clip,gae,ALE/SpaceInvaders-v5,atari,0,1,1.0,13500000,100000,87,87,4,1,667.9310344827586,184.30445782669477,1117.7011494252874,667.9310344827586,184.30445782669477,1117.7011494252874,3.37064266204834e-09,-0.001236508520245552,1187.9165327734374,1097.299627734375,1.60199219997406,0.00044613101264461875,nan,nan,0.06321000007152558,nan,0.36006808280944824,0.4079049825668335,77.96467471122742,75.22731328010559,0.0,153.19201612472534
136,136,ppo,clip,gae,ALE/SpaceInvaders-v5,atari,0,1,1.0,13600000,100000,84,84,4,1,690.5357142857143,200.3850725376478,1166.904761904762,690.5357142857143,200.3850725376478,1166.904761904762,5.784034729003906e-09,-0.0012194745445251464,1190.78866796875,1090.4743009375,1.604360757408142,0.0002981407979130745,nan,nan,0.031050000005960466,nan,0.4076980948448181,0.4578920006752014,77.86852359771729,74.83511662483215,0.0,152.70367002487183
137,137,ppo,clip,gae,ALE/SpaceInvaders-v5,atari,0,1,1.0,13700000,100000,85,85,4,1,688.0588235294117,228.36386615075907,1147.764705882353,688.0588235294117,228.36386615075907,1147.764705882353,-5.407333374023437e-09,-0.0005860207271575927,1217.1406552734375,1137.46360859375,1.6012208856582641,0.0006715462732501328,nan,nan,0.1290100000476837,nan,0.37368905544281006,0.41369378566741943,77.80963277816772,75.09438371658325,0.0,152.904043674469
138,138,ppo,clip,gae,ALE/SpaceInvaders-v5,atari,0,1,1.0,13800000,100000,86,86,4,1,663.0232558139535,174.33141231468363,1133.9883720930231,663.0232558139535,174.33141231468363,1133.9883720930231,5.474090576171875e-09,-0.0013609378004074096,1188.02719203125,1108.326542890625,1.601810284500122,0.00037976686025969683,nan,nan,0.04297000001907349,nan,0.3673243522644043,0.40296322107315063,78.11263799667358,75.15547132492065,0.0,153.2681384086609
139,139,ppo,clip,gae,ALE/SpaceInvaders-v5,atari,0,1,1.0,13900000,100000,83,83,4,1,713.6144578313254,201.45452004458176,1164.8313253012047,713.6144578313254,201.45452004458176,1164.8313253012047,2.002716064453125e-09,-0.0010078797626495361,1256.92781296875,1164.974179921875,1.5980802909851075,0.0004263960227649659,nan,nan,0.06539000002264976,nan,0.4019394516944885,0.4399552345275879,78.07190799713135,75.23475813865662,0.0,153.30669736862183
140,140,ppo,clip,gae,ALE/SpaceInvaders-v5,atari,0,1,1.0,14000000,100000,84,84,4,1,734.702380952381,188.32177249147554,1159.452380952381,734.702380952381,188.32177249147554,1159.452380952381,-3.681182861328125e-09,-0.0012168912076950074,1347.7398588867188,1247.24143765625,1.6030599311065674,0.00035481584331952036,nan,nan,0.04995000000596046,nan,0.3890509605407715,0.43467891216278076,78.14264345169067,75.07532978057861,0.0,153.2180016040802
141,141,ppo,clip,gae,ALE/SpaceInvaders-v5,atari,0,1,1.0,14100000,100000,85,85,4,1,684.8823529411765,203.37443947005187,1154.0823529411764,684.8823529411765,203.37443947005187,1154.0823529411764,-3.814697265625e-09,-0.000932057671546936,1179.3578986425782,1100.1523574316407,1.5988315828323365,0.0003961247240193188,nan,nan,0.0660400000345707,nan,0.3855641484260559,0.4181123375892639,78.58597087860107,75.13373064994812,0.0,153.7197301387787
142,142,ppo,clip,gae,ALE/SpaceInvaders-v5,atari,0,1,1.0,14200000,100000,85,85,4,1,736.5882352941177,182.56378702300174,1154.5294117647059,736.5882352941177,182.56378702300174,1154.5294117647059,-3.4618377685546875e-09,-0.0012739093732833861,1319.0121704296876,1229.28502703125,1.598432149734497,0.0002414279744355008,nan,nan,0.021930000003278254,nan,0.3864067792892456,0.4272136092185974,77.7157335281372,75.28274321556091,0.0,152.9985053539276
143,143,ppo,clip,gae,ALE/SpaceInvaders-v5,atari,0,1,1.0,14300000,100000,86,86,4,1,724.1279069767442,196.8800128346166,1148.639534883721,724.1279069767442,196.8800128346166,1148.639534883721,7.078647613525391e-09,-0.0013060062450170518,1224.9076642773437,1143.8871496484376,1.5995832611846923,0.00038522786309942605,nan,nan,0.057410000035762784,nan,0.4245529770851135,0.46215492486953735,77.84150981903076,75.03888964653015,0.0,152.88042902946472
144,144,ppo,clip,gae,ALE/SpaceInvaders-v5,atari,0,1,1.0,14400000,100000,83,83,4,1,704.277108433735,190.7691036875713,1188.2168674698796,704.277108433735,190.7691036875713,1188.2168674698796,7.736682891845703e-09,-0.0012063321042060852,1168.5631868359376,1058.3311103320314,1.59835060382843,0.0002613735722843558,nan,nan,0.029239999999403955,nan,0.3972986936569214,0.4528995752334595,77.92114639282227,75.00633144378662,0.0,152.92750692367554
145,145,ppo,clip,gae,ALE/SpaceInvaders-v5,atari,0,1,1.0,14500000,100000,82,82,4,1,746.0365853658536,188.66627169726218,1188.121951219512,746.0365853658536,188.66627169726218,1188.121951219512,-1.842975616455078e-09,-0.001035936541557312,1260.623371875,1163.2797953125,1.5992114938354491,0.00023160491205751895,nan,nan,0.028550000023841858,nan,0.39573168754577637,0.4381558895111084,78.8065595626831,75.13944888114929,0.0,153.94603753089905
146,146,ppo,clip,gae,ALE/SpaceInvaders-v5,atari,0,1,1.0,14600000,100000,83,83,4,1,741.144578313253,200.91856124743143,1177.867469879518,741.144578313253,200.91856124743143,1177.867469879518,-1.6111135482788085e-09,-0.0010166155833005906,1224.1408932128907,1137.014791484375,1.5951928657913208,0.0002805594762414694,nan,nan,0.041170000021457674,nan,0.396295428276062,0.4393351078033447,78.70514869689941,75.36153078079224,0.0,154.0667073726654
147,147,ppo,clip,gae,ALE/SpaceInvaders-v5,atari,0,1,1.0,14700000,100000,87,87,4,1,695.1149425287356,167.3577230900034,1131.4827586206898,695.1149425287356,167.3577230900034,1131.4827586206898,-2.325773239135742e-09,-0.0010922926139831544,1318.4995169921874,1178.1447738476563,1.592923775177002,0.00037399800887331366,nan,nan,0.06309999996185303,nan,0.298836886882782,0.3748999834060669,78.47075319290161,75.35010075569153,0.0,153.82088375091553
148,148,ppo,clip,gae,ALE/SpaceInvaders-v5,atari,0,1,1.0,14800000,100000,83,83,4,1,725.5421686746988,214.9040302034992,1183.6024096385543,725.5421686746988,214.9040302034992,1183.6024096385543,-4.060268402099609e-09,-0.0011464528203010559,1351.821616640625,1253.75214515625,1.597270820236206,0.0002322859942819923,nan,nan,0.02442999999821186,nan,0.3392188549041748,0.3782607913017273,78.0945508480072,75.26201820373535,0.0,153.35659885406494
149,149,ppo,clip,gae,ALE/SpaceInvaders-v5,atari,0,1,1.0,14900000,100000,85,85,4,1,672.8823529411765,204.20920136927091,1132.8,672.8823529411765,204.20920136927091,1132.8,-1.7213821411132812e-09,-0.0008604297256469726,1197.961484453125,1125.5525921484375,1.5977080670166015,0.00041556522361934186,nan,nan,0.0767499999666214,nan,0.3644558787345886,0.3990326523780823,78.91167998313904,75.1292564868927,0.0,154.04096961021423
150,150,ppo,clip,gae,ALE/SpaceInvaders-v5,atari,0,1,1.0,15000000,100000,86,86,4,1,683.0232558139535,224.57101102780572,1129.7674418604652,683.0232558139535,224.57101102780572,1129.7674418604652,-1.5735626220703125e-10,-0.0010306101751327516,1302.531717578125,1220.425575859375,1.5998542319488525,0.00028292568823322655,nan,nan,0.044870000001192095,nan,0.35896992683410645,0.39901202917099,78.4871256351471,75.24465680122375,0.002801179885864258,153.73461532592773
151,151,ppo,clip,gae,ALE/SpaceInvaders-v5,atari,0,1,1.0,15100000,100000,88,88,4,1,724.6590909090909,186.82727112372322,1126.965909090909,724.6590909090909,186.82727112372322,1126.965909090909,-1.5377998352050781e-09,-0.001043967592716217,1282.643395234375,1180.0506423046875,1.597360193862915,0.00037419640199281277,nan,nan,0.07929999996900558,nan,0.39940911531448364,0.4383751153945923,79.0869300365448,75.20051407814026,0.0,154.28747296333313
152,152,ppo,clip,gae,ALE/SpaceInvaders-v5,atari,0,1,1.0,15200000,100000,86,86,4,1,698.6046511627907,189.61198317725913,1129.4418604651162,698.6046511627907,189.61198317725913,1129.4418604651162,3.1328201293945314e-09,-0.0012508831977844238,1287.665500625,1196.009218515625,1.5962407025527954,0.0002638229535613209,nan,nan,0.034300000009536744,nan,0.3615306615829468,0.40483421087265015,79.31215596199036,75.10455870628357,0.0,154.41674542427063
153,153,ppo,clip,gae,ALE/SpaceInvaders-v5,atari,0,1,1.0,15300000,100000,84,84,4,1,698.3928571428571,194.96361185867374,1154.9761904761904,698.3928571428571,194.96361185867374,1154.9761904761904,1.6450881958007812e-09,-0.001094007954597473,1204.9033262890625,1136.3450075,1.5916621545028686,0.00024108379268087445,nan,nan,0.03730999998927116,nan,0.3835042715072632,0.417378306388855,78.67373657226562,75.08110284805298,0.0,153.7548713684082
154,154,ppo,clip,gae,ALE/SpaceInvaders-v5,atari,0,1,1.0,15400000,100000,82,82,4,1,686.7682926829268,211.94996526334666,1179.2560975609756,686.7682926829268,211.94996526334666,1179.2560975609756,-3.6716461181640623e-10,-0.0010958581399917603,1047.6675628320313,990.0642525976563,1.5900441513442993,0.0002647622176911682,nan,nan,0.04124,nan,0.36936575174331665,0.4036937952041626,78.98222661018372,75.20888447761536,0.0,154.19113945960999
155,155,ppo,clip,gae,ALE/SpaceInvaders-v5,atari,0,1,1.0,15500000,100000,83,83,4,1,701.8674698795181,202.67891225263605,1178.3734939759036,701.8674698795181,202.67891225263605,1178.3734939759036,2.498626708984375e-09,-0.0008367198848724365,1119.8335825585937,1046.1278754296875,1.5943830031585693,0.0003701805212162435,nan,nan,0.07537000003814698,nan,0.39269083738327026,0.4326174855232239,79.0006308555603,75.31198835372925,0.0,154.3126482963562
156,156,ppo,clip,gae,ALE/SpaceInvaders-v5,atari,0,1,1.0,15600000,100000,84,84,4,1,699.5238095238095,187.12521121217688,1157.642857142857,699.5238095238095,187.12521121217688,1157.642857142857,-1.5795230865478515e-09,-0.0009943166291713715,1163.7101650390625,1083.684368046875,1.5936408015823365,0.0003166216169856489,nan,nan,0.06002000001430512,nan,0.3849681615829468,0.4270631670951843,78.11542129516602,75.18169093132019,0.0,153.29714345932007
157,157,ppo,clip,gae,ALE/SpaceInvaders-v5,atari,0,1,1.0,15700000,100000,82,82,4,1,704.8170731707318,222.2534878899284,1173.2560975609756,704.8170731707318,222.2534878899284,1173.2560975609756,-3.0541419982910157e-09,-0.0009675638771057129,1215.2409281640626,1150.0963988671874,1.594567078704834,0.000294844699492678,nan,nan,0.051230000015497205,nan,0.3845179080963135,0.41800451278686523,77.92712998390198,74.84094882011414,0.0,152.76812076568604
158,158,ppo,clip,gae,ALE/SpaceInvaders-v5,atari,0,1,1.0,15800000,100000,86,86,4,1,707.0930232558139,178.46806944602207,1140.5348837209303,707.0930232558139,178.46806944602207,1140.5348837209303,-2.2780895233154295e-09,-0.001017654476761818,1217.463980546875,1125.8403911328126,1.5950751470947266,0.000292099297195673,nan,nan,0.05976000005722046,nan,0.3898587226867676,0.43430501222610474,78.61762881278992,75.28305268287659,0.0,153.900710105896
159,159,ppo,clip,gae,ALE/SpaceInvaders-v5,atari,0,1,1.0,15900000,100000,84,84,4,1,718.5119047619048,223.4493920570329,1161.75,718.5119047619048,223.4493920570329,1161.75,3.743171691894531e-09,-0.0010524870252609252,1282.07375609375,1226.25876546875,1.5901886130523681,0.00032121974818408487,nan,nan,0.06328000008106231,nan,0.3808378577232361,0.4072027802467346,78.15869784355164,74.99334979057312,0.0,153.1520869731903
160,160,ppo,clip,gae,ALE/SpaceInvaders-v5,atari,0,1,1.0,16000000,100000,82,82,4,1,732.1951219512196,190.11084308668845,1185.780487804878,732.1951219512196,190.11084308668845,1185.780487804878,-2.0074844360351563e-09,-0.0011543910396099092,1151.07352609375,1089.758868359375,1.5934067335891724,0.00022013542437925935,nan,nan,0.0324100000333786,nan,0.3970745801925659,0.42932355403900146,79.07787680625916,75.319504737854,0.0,154.39741253852844
161,161,ppo,clip,gae,ALE/SpaceInvaders-v5,atari,0,1,1.0,16100000,100000,82,82,4,1,733.0487804878048,186.2707773605747,1187.7073170731708,733.0487804878048,186.2707773605747,1187.7073170731708,-5.763769149780273e-10,-0.0011545064014196395,1170.1223726953126,1096.319358046875,1.592793251876831,0.0002452474029455334,nan,nan,0.03788999999403954,nan,0.4072616696357727,0.44357830286026,77.99048376083374,75.159672498703,0.0,153.15020108222961
162,162,ppo,clip,gae,ALE/SpaceInvaders-v5,atari,0,1,1.0,16200000,100000,82,82,4,1,747.1341463414634,226.90122285168127,1194.7317073170732,747.1341463414634,226.90122285168127,1194.7317073170732,-1.52587890625e-09,-0.001043772349357605,1160.91141953125,1089.7118992578125,1.5943139234542847,0.00020455756719689816,nan,nan,0.03270999999642372,nan,0.4340704679489136,0.4687764048576355,79.13319373130798,75.31854128837585,0.0,154.45176577568054
163,163,ppo,clip,gae,ALE/SpaceInvaders-v5,atari,0,1,1.0,16300000,100000,83,83,4,1,736.2650602409639,191.4180490499911,1182.5301204819277,736.2650602409639,191.4180490499911,1182.5301204819277,3.1948089599609376e-10,-0.0010153996109962464,1155.8201479882812,1085.0076084765626,1.5917516234588622,0.00023867172957863658,nan,nan,0.042270000035762784,nan,0.43152689933776855,0.46650105714797974,77.99285387992859,75.29082083702087,0.0,153.28370213508606
164,164,ppo,clip,gae,ALE/SpaceInvaders-v5,atari,0,1,1.0,16400000,100000,83,83,4,1,715.9036144578313,194.33721868249773,1158.9156626506024,715.9036144578313,194.33721868249773,1158.9156626506024,-3.39508056640625e-09,-0.0012095643043518066,1190.95522546875,1118.785663046875,1.5899702291488647,0.00022127891686744987,nan,nan,0.03231999999642372,nan,0.4201487898826599,0.4548527002334595,77.91738295555115,75.1985456943512,0.0,153.1159589290619
165,165,ppo,clip,gae,ALE/SpaceInvaders-v5,atari,0,1,1.0,16500000,100000,83,83,4,1,697.8915662650602,197.31193651251283,1179.9638554216867,697.8915662650602,197.31193651251283,1179.9638554216867,-5.402565002441406e-09,-0.0008881480264663696,1090.585191953125,999.310683828125,1.5897625984191894,0.00016183456665836275,nan,nan,0.02184000000357628,nan,0.43649524450302124,0.479009211063385,77.93163347244263,75.30578279495239,0.0,153.237455368042
166,166,ppo,clip,gae,ALE/SpaceInvaders-v5,atari,0,1,1.0,16600000,100000,84,84,4,1,703.8095238095239,225.08678094662974,1178.8690476190477,703.8095238095239,225.08678094662974,1178.8690476190477,-5.557537078857422e-09,-6.851685643196105e-05,1238.6672559375,1150.86621375,1.5882931111907959,0.0005345436104014516,nan,nan,0.15103000016212464,nan,0.3403472900390625,0.3874487280845642,78.05349159240723,74.97916579246521,0.0,153.03268671035767
167,167,ppo,clip,gae,ALE/SpaceInvaders-v5,atari,0,1,1.0,16700000,100000,84,84,4,1,732.5595238095239,236.00657533164883,1159.1785714285713,732.5595238095239,236.00657533164883,1159.1785714285713,-5.636215209960938e-09,-0.0010334371852874756,1363.644319453125,1265.1139398046876,1.5905451092910767,0.00020981482141651213,nan,nan,0.036120000010728834,nan,0.3680603504180908,0.4061354398727417,78.20561957359314,74.97436022758484,0.0,153.1800093650818
168,168,ppo,clip,gae,ALE/SpaceInvaders-v5,atari,0,1,1.0,16800000,100000,82,82,4,1,729.390243902439,233.71520902416432,1185.2926829268292,729.390243902439,233.71520902416432,1185.2926829268292,5.000829696655273e-10,-0.0008677828365564346,1271.72620375,1123.5854806640625,1.5848013929367066,0.0002451408905535936,nan,nan,0.05087000002622604,nan,0.33221524953842163,0.40584462881088257,78.13077974319458,75.03613543510437,0.0,153.1669442653656
169,169,ppo,clip,gae,ALE/SpaceInvaders-v5,atari,0,1,1.0,16900000,100000,80,80,4,1,758.0,212.02387837222486,1207.9,758.0,212.02387837222486,1207.9,3.701746463775635e-09,-0.0010479541710019112,1170.4888903125,1090.7313252929687,1.5859210802459718,0.00013046694800723343,nan,nan,0.017630000012516977,nan,0.4249575734138489,0.46215295791625977,78.92885255813599,75.28351068496704,0.0,154.21239304542542
170,170,ppo,clip,gae,ALE/SpaceInvaders-v5,atari,0,1,1.0,17000000,100000,81,81,4,1,726.2962962962963,182.02865358789896,1187.2716049382716,726.2962962962963,182.02865358789896,1187.2716049382716,-2.0933151245117187e-09,-0.0010542178130149842,1250.3913087109374,1168.5399708203124,1.587623557281494,0.0002213080743327737,nan,nan,0.044220000020265576,nan,0.39359068870544434,0.4317566752433777,78.19298219680786,75.16268253326416,0.0,153.355694770813
171,171,ppo,clip,gae,ALE/SpaceInvaders-v5,atari,0,1,1.0,17100000,100000,81,81,4,1,738.7654320987655,210.10069729201535,1190.7530864197531,738.7654320987655,210.10069729201535,1190.7530864197531,1.2445449829101562e-09,-0.001015751986503601,1294.697662265625,1216.0731691015626,1.5848200469970704,0.00021282184447161853,nan,nan,0.04588000000238419,nan,0.37075936794281006,0.40756362676620483,78.2630934715271,75.34179973602295,0.0,153.60492515563965
172,172,ppo,clip,gae,ALE/SpaceInvaders-v5,atari,0,1,1.0,17200000,100000,83,83,4,1,668.433734939759,177.1612289148744,1171.0722891566265,668.433734939759,177.1612289148744,1171.0722891566265,2.963542938232422e-09,-0.00058981032371521,1147.662524921875,1047.657068515625,1.5827421089172364,0.00036286616176366804,nan,nan,0.10274000003099441,nan,0.3602373003959656,0.40443140268325806,78.28021717071533,75.30062508583069,0.0,153.58088088035583
173,173,ppo,clip,gae,ALE/SpaceInvaders-v5,atari,0,1,1.0,17300000,100000,80,80,4,1,766.125,191.10202608816056,1211.5,766.125,191.10202608816056,1211.5,4.303455352783203e-09,-0.0006075011831521988,1243.269225625,1059.9293468164062,1.5856680076980592,0.00029520123871043324,nan,nan,0.07828000003099442,nan,0.4219522476196289,0.4946075677871704,78.17463541030884,75.16624402999878,0.0,153.34090971946716
174,174,ppo,clip,gae,ALE/SpaceInvaders-v5,atari,0,1,1.0,17400000,100000,83,83,4,1,719.8192771084338,198.21256355560476,1176.8192771084337,719.8192771084338,198.21256355560476,1176.8192771084337,-2.0432472229003905e-09,-0.0008897897112369538,1162.5735324804687,1082.3032588476563,1.5856436669540406,0.00020015210304874927,nan,nan,0.0408300000166893,nan,0.41265249252319336,0.45168381929397583,78.81089162826538,75.25956535339355,0.0,154.0704860687256
175,175,ppo,clip,gae,ALE/SpaceInvaders-v5,atari,0,1,1.0,17500000,100000,81,81,4,1,730.7407407407408,211.0820317854203,1201.0,730.7407407407408,211.0820317854203,1201.0,3.1620264053344727e-09,-0.0009487557691335678,1174.1228504296876,1131.0462497265626,1.584992452430725,0.00021985816125757993,nan,nan,0.05054999999284744,nan,0.4065990447998047,0.428642213344574,79.04880547523499,75.2542417049408,0.0028595924377441406,154.30593633651733
176,176,ppo,clip,gae,ALE/SpaceInvaders-v5,atari,0,1,1.0,17600000,100000,81,81,4,1,732.716049382716,200.385507137648,1206.6296296296296,732.716049382716,200.385507137648,1206.6296296296296,-3.6609172821044923e-09,-0.0008977197968959808,1176.68043984375,1089.087013359375,1.5833449603652954,0.00019004456651862712,nan,nan,0.04568000002264976,nan,0.4036445617675781,0.4477385878562927,78.51849460601807,75.05281496047974,0.0,153.5713405609131
177,177,ppo,clip,gae,ALE/SpaceInvaders-v5,atari,0,1,1.0,17700000,100000,81,81,4,1,731.9753086419753,205.72317341926959,1183.2716049382716,731.9753086419753,205.72317341926959,1183.2716049382716,-4.584789276123047e-09,-0.0009492583870887757,1256.085747734375,1152.93442703125,1.5824772005081176,0.0001537002002634108,nan,nan,0.027779999992847443,nan,0.3889985680580139,0.4397251605987549,78.29869556427002,75.29237103462219,0.0,153.59110403060913
178,178,ppo,clip,gae,ALE/SpaceInvaders-v5,atari,0,1,1.0,17800000,100000,85,85,4,1,719.4117647058823,202.43867882675264,1159.1529411764707,719.4117647058823,202.43867882675264,1159.1529411764707,4.456043243408203e-09,-0.0007592344385385513,1273.20732125,1189.644054140625,1.5802627292251588,0.00018545753183774651,nan,nan,0.043760000004768373,nan,0.3745349049568176,0.41214096546173096,78.86418199539185,75.11111760139465,0.0,153.9753293991089
179,179,ppo,clip,gae,ALE/SpaceInvaders-v5,atari,0,1,1.0,17900000,100000,81,81,4,1,741.5432098765432,203.62250532815978,1198.037037037037,741.5432098765432,203.62250532815978,1198.037037037037,-7.949471473693847e-09,-0.000983795328438282,1329.3122234765624,1243.3528201171875,1.5867576712799072,0.00021994563724845649,nan,nan,0.05434000002384186,nan,0.3343735337257385,0.3771340250968933,78.55530571937561,75.06772875785828,0.0,153.6230628490448
180,180,ppo,clip,gae,ALE/SpaceInvaders-v5,atari,0,1,1.0,18000000,100000,81,81,4,1,756.8518518518518,182.03487056470505,1198.9753086419753,756.8518518518518,182.03487056470505,1198.9753086419753,-6.794929504394531e-10,-0.0008242888927459717,1305.74015890625,1210.522873671875,1.584829712524414,0.00023462603044696153,nan,nan,0.06159000002861023,nan,0.390087366104126,0.4339834451675415,78.42634797096252,75.13175129890442,0.0,153.55813074111938
181,181,ppo,clip,gae,ALE/SpaceInvaders-v5,atari,0,1,1.0,18100000,100000,84,84,4,1,749.8809523809524,227.81176465094748,1163.0,749.8809523809524,227.81176465094748,1163.0,1.8024444580078125e-09,-0.0008329548072814942,1285.1919155078126,1226.9793910546875,1.582817673225403,0.0002098564781108871,nan,nan,0.05582,nan,0.41525721549987793,0.4422687888145447,78.7607774734497,75.17187309265137,0.0,153.9326982498169
182,182,ppo,clip,gae,ALE/SpaceInvaders-v5,atari,0,1,1.0,18200000,100000,81,81,4,1,708.7037037037037,191.59624757559322,1186.2222222222222,708.7037037037037,191.59624757559322,1186.2222222222222,-1.1730194091796875e-09,-0.0010072379875183106,1243.3300949609375,1122.6570384765625,1.5838743411636353,0.00016775238258298487,nan,nan,0.04162000000655651,nan,0.3781898617744446,0.4277217984199524,78.87692379951477,75.29975390434265,0.0,154.17670702934265
183,183,ppo,clip,gae,ALE/SpaceInvaders-v5,atari,0,1,1.0,18300000,100000,80,80,4,1,742.4375,194.06344605244442,1226.5625,742.4375,194.06344605244442,1226.5625,9.837150573730468e-09,-0.0008739519500732422,1130.2500299414062,1081.7226075585938,1.5838388485336303,0.00014981447134632619,nan,nan,0.03406999998688698,nan,0.3928646445274353,0.4182778000831604,78.42390370368958,75.10154986381531,0.0,153.52548170089722
184,184,ppo,clip,gae,ALE/SpaceInvaders-v5,atari,0,1,1.0,18400000,100000,82,82,4,1,714.2073170731708,179.68378306814432,1178.7073170731708,714.2073170731708,179.68378306814432,1178.7073170731708,-2.951622009277344e-09,-0.0010051002168655395,1121.796996171875,1061.3734356054688,1.5836678275680542,0.00022573199506383389,nan,nan,0.06651999996900558,nan,0.4318874478340149,0.46295487880706787,78.04240083694458,74.99440121650696,0.0,153.03683257102966
185,185,ppo,clip,gae,ALE/SpaceInvaders-v5,atari,0,1,1.0,18500000,100000,81,81,4,1,708.5802469135803,213.04557352815155,1205.7283950617284,708.5802469135803,213.04557352815155,1205.7283950617284,-4.148483276367187e-09,-0.0009179082632064819,1140.8991344335936,1087.9038060546875,1.5853776654815674,0.00015190599915571512,nan,nan,0.03623999999940395,nan,0.40262293815612793,0.42972540855407715,79.0091004371643,75.09908986091614,0.0,154.10821866989136
186,186,ppo,clip,gae,ALE/SpaceInvaders-v5,atari,0,1,1.0,18600000,100000,80,80,4,1,732.9375,217.5182373819492,1214.35,732.9375,217.5182373819492,1214.35,-5.7005882263183595e-09,-0.0008264258050918579,1220.431648125,1143.3692431640625,1.583389715499878,0.00017906861647497862,nan,nan,0.05636000002861023,nan,0.38341861963272095,0.4222666025161743,77.89638113975525,75.17061495780945,0.0,153.06702494621277
187,187,ppo,clip,gae,ALE/SpaceInvaders-v5,atari,0,1,1.0,18700000,100000,80,80,4,1,755.3125,211.43755542417244,1213.725,755.3125,211.43755542417244,1213.725,2.7191638946533204e-09,-0.0005674177134037017,1299.0120574414063,1185.92789765625,1.5789902830886842,0.00032776063341647386,nan,nan,0.12288000005245209,nan,0.4372181296348572,0.48556387424468994,78.34789991378784,75.02935290336609,0.0,153.37728095054626
188,188,ppo,clip,gae,ALE/SpaceInvaders-v5,atari,0,1,1.0,18800000,100000,81,81,4,1,745.6172839506173,220.72605041293764,1208.7037037037037,745.6172839506173,220.72605041293764,1208.7037037037037,-4.329681396484375e-09,-0.0008994087433815002,1200.04432328125,1132.646684765625,1.579505925140381,0.0001313760584453121,nan,nan,0.031219999998211862,nan,0.4377990961074829,0.46994489431381226,78.57908010482788,75.18125581741333,0.0,153.76037979125977
189,189,ppo,clip,gae,ALE/SpaceInvaders-v5,atari,0,1,1.0,18900000,100000,83,83,4,1,770.5421686746988,264.67872323829863,1185.6385542168675,770.5421686746988,264.67872323829863,1185.6385542168675,6.914138793945312e-10,-0.0007663516330718994,1279.70351515625,1190.0486480078125,1.5820543758010863,0.00015391783008351922,nan,nan,0.03822000001907348,nan,0.40540438890457153,0.44665706157684326,78.2265305519104,75.22960925102234,0.0,153.45616841316223
190,190,ppo,clip,gae,ALE/SpaceInvaders-v5,atari,0,1,1.0,19000000,100000,81,81,4,1,744.4444444444445,195.14951532948612,1199.3827160493827,744.4444444444445,195.14951532948612,1199.3827160493827,-3.600120544433594e-09,-0.0008630078363418579,1224.74532203125,1146.6244922265626,1.579114267654419,0.00013216340566053986,nan,nan,0.027469999998807906,nan,0.413221538066864,0.4499284029006958,78.04384899139404,74.94883155822754,0.0,152.99270915985107
191,191,ppo,clip,gae,ALE/SpaceInvaders-v5,atari,0,1,1.0,19100000,100000,81,81,4,1,744.4444444444445,201.10497228199807,1209.9876543209878,744.4444444444445,201.10497228199807,1209.9876543209878,-2.962350845336914e-09,-0.000807521926164627,1234.3601712304687,1175.6978905664062,1.581031710281372,0.0001328018877794966,nan,nan,0.028739999989271164,nan,0.4083804488182068,0.4365004897117615,78.18376088142395,75.10300540924072,0.0,153.28679656982422
192,192,ppo,clip,gae,ALE/SpaceInvaders-v5,atari,0,1,1.0,19200000,100000,80,80,4,1,731.5625,187.81905146643138,1194.35,731.5625,187.81905146643138,1194.35,-1.786947250366211e-09,-0.0009336551105976104,1161.37671203125,1109.1504055859375,1.579763013343811,0.00011387545929290354,nan,nan,0.026029999998211862,nan,0.4091799855232239,0.43619614839553833,77.54458332061768,75.14700746536255,0.0,152.69162225723267
193,193,ppo,clip,gae,ALE/SpaceInvaders-v5,atari,0,1,1.0,19300000,100000,80,80,4,1,745.0625,163.0634342633259,1223.2375,745.0625,163.0634342633259,1223.2375,-3.201961517333984e-09,-0.0007446742510795593,1191.951972890625,1101.996654765625,1.5832306358718873,0.00017774001300800593,nan,nan,0.06252000003814698,nan,0.39846569299697876,0.4428710341453552,77.72725582122803,75.21333312988281,0.0,152.94062113761902
194,194,ppo,clip,gae,ALE/SpaceInvaders-v5,atari,0,1,1.0,19400000,100000,81,81,4,1,741.5432098765432,193.297637150505,1198.851851851852,741.5432098765432,193.297637150505,1198.851851851852,-5.8412551879882815e-09,-0.0004987082147598266,1157.3269728320313,1085.0807481640625,1.5817881170654298,0.00026008712449576704,nan,nan,0.10825000003814697,nan,0.4096600413322449,0.4467450976371765,78.34451913833618,75.25266695022583,0.0,153.59721446037292
195,195,ppo,clip,gae,ALE/SpaceInvaders-v5,atari,0,1,1.0,19500000,100000,82,82,4,1,748.4756097560976,185.8347827460907,1194.9512195121952,748.4756097560976,185.8347827460907,1194.9512195121952,4.144906997680664e-09,-0.0006031659209728241,1262.429786328125,1151.36814671875,1.5834837796401977,0.00022379041445907207,nan,nan,0.08668000004291534,nan,0.3695581555366516,0.42479944229125977,78.27908968925476,75.18476939201355,0.0,153.4638900756836
196,196,ppo,clip,gae,ALE/SpaceInvaders-v5,atari,0,1,1.0,19600000,100000,81,81,4,1,756.1111111111111,192.26556993574292,1218.962962962963,756.1111111111111,192.26556993574292,1218.962962962963,-7.450580596923828e-09,-0.0007624348378181458,1135.0632780859376,1057.3724799023437,1.5805295615386963,0.00017963284119497985,nan,nan,0.06732999999523163,nan,0.45479816198349,0.49225497245788574,78.0892608165741,75.5757384300232,0.0,153.66503024101257
197,197,ppo,clip,gae,ALE/SpaceInvaders-v5,atari,0,1,1.0,19700000,100000,79,79,4,1,743.0379746835443,205.97163642992112,1236.886075949367,743.0379746835443,205.97163642992112,1236.886075949367,3.814697265625e-10,-0.0008682378673553467,1188.9142002734375,1104.08928,1.5805724227905273,0.00014521897906903179,nan,nan,0.04593000004529953,nan,0.4118325710296631,0.4522814154624939,78.0164864063263,75.27802610397339,0.0,153.29454112052917
198,198,ppo,clip,gae,ALE/SpaceInvaders-v5,atari,0,1,1.0,19800000,100000,80,80,4,1,753.3125,192.83889608621493,1204.9375,753.3125,192.83889608621493,1204.9375,6.399154663085937e-09,-0.0006916157913208008,1215.575132578125,1117.825261875,1.5790917427825928,0.00014057070500683039,nan,nan,0.0539400000166893,nan,0.40654075145721436,0.4547775983810425,79.09695029258728,75.24624013900757,0.0,154.34322142601013
199,199,ppo,clip,gae,ALE/SpaceInvaders-v5,atari,0,1,1.0,19900000,100000,81,81,4,1,764.4444444444445,237.7894597338028,1196.6296296296296,764.4444444444445,237.7894597338028,1196.6296296296296,-6.1625242233276365e-09,-0.0008039961994439364,1353.3227208203125,1258.766173671875,1.5756649878311157,0.00013277161622885614,nan,nan,0.04525999998807907,nan,0.40677958726882935,0.4470190405845642,77.79786276817322,74.95733189582825,0.0,152.7552318572998
200,200,ppo,clip,gae,ALE/SpaceInvaders-v5,atari,0,1,1.0,20000000,100000,80,80,4,1,755.875,184.07840550971753,1206.8125,755.875,184.07840550971753,1206.8125,-2.529621124267578e-09,-0.0008531953370571136,1160.8933426953124,1106.8432549804688,1.576568377418518,0.00015867480404209346,nan,nan,0.05731999998927116,nan,0.45056968927383423,0.4778280258178711,77.67375159263611,75.26062822341919,0.0027751922607421875,152.9371874332428
201,201,ppo,clip,gae,ALE/SpaceInvaders-v5,atari,0,1,1.0,20100000,100000,79,79,4,1,762.9746835443038,206.93899147942156,1212.73417721519,762.9746835443038,206.93899147942156,1212.73417721519,4.3272972106933594e-10,-0.0007005163276195526,1192.5065755859375,1140.40106546875,1.57606924659729,0.00014679778267396614,nan,nan,0.05856000001907349,nan,0.45459914207458496,0.4771651029586792,78.01012349128723,75.3019700050354,0.0,153.31212258338928
202,202,ppo,clip,gae,ALE/SpaceInvaders-v5,atari,0,1,1.0,20200000,100000,78,78,4,1,771.3461538461538,178.95471615446476,1252.4102564102564,771.3461538461538,178.95471615446476,1252.4102564102564,-2.263784408569336e-09,0.00016381223440170288,1121.9672105859374,1044.6702026953126,1.575746563682556,0.0003358387621399015,nan,nan,0.17150000001430513,nan,0.441817045211792,0.4803072214126587,78.52049541473389,75.06895518302917,0.0,153.5894799232483
203,203,ppo,clip,gae,ALE/SpaceInvaders-v5,atari,0,1,1.0,20300000,100000,79,79,4,1,732.8481012658228,201.90341647679566,1217.0506329113923,732.8481012658228,201.90341647679566,1217.0506329113923,1.1324882507324218e-09,-0.0007932293391227722,1165.8104921875,1088.811207421875,1.5765457907104492,0.00014077937982045113,nan,nan,0.054839999989271165,nan,0.37729424238204956,0.4178738594055176,78.14439034461975,74.9347755908966,0.0,153.07919573783875
204,204,ppo,clip,gae,ALE/SpaceInvaders-v5,atari,0,1,1.0,20400000,100000,80,80,4,1,750.9375,190.41253528523274,1201.95,750.9375,190.41253528523274,1201.95,-1.1491775512695312e-09,-0.0005078251791000366,1192.66454671875,1134.8626439453126,1.5760147369766235,0.000175823581838049,nan,nan,0.08662999998569489,nan,0.42277681827545166,0.4489452838897705,77.89123845100403,75.19659447669983,0.0,153.08786392211914
205,205,ppo,clip,gae,ALE/SpaceInvaders-v5,atari,0,1,1.0,20500000,100000,80,80,4,1,741.75,209.46673363567783,1211.925,741.75,209.46673363567783,1211.925,-5.102157592773437e-09,-0.0007545814990997314,1194.1953372851563,1085.1856728515625,1.5773662885665893,0.00010554521594429389,nan,nan,0.0387800000077486,nan,0.3883395195007324,0.4426274299621582,77.59836196899414,75.23837184906006,0.0,152.83676290512085
206,206,ppo,clip,gae,ALE/SpaceInvaders-v5,atari,0,1,1.0,20600000,100000,79,79,4,1,726.8354430379746,192.67960093691488,1236.746835443038,726.8354430379746,192.67960093691488,1236.746835443038,7.390975952148437e-11,-0.0007556523597240448,1137.3053853710937,1062.1529198632813,1.575003589553833,0.00013244800658896566,nan,nan,0.06193999998569488,nan,0.3649131655693054,0.40425175428390503,77.88643193244934,75.22658085823059,0.0,153.11304306983948
207,207,ppo,clip,gae,ALE/SpaceInvaders-v5,atari,0,1,1.0,20700000,100000,79,79,4,1,766.2658227848101,225.88709562779025,1249.5189873417721,766.2658227848101,225.88709562779025,1249.5189873417721,-5.18798828125e-09,-0.0007437994861602783,1098.3188795703124,991.395206328125,1.5756303113555907,9.62763583729975e-05,nan,nan,0.03421999998450279,nan,0.42746174335479736,0.4799695611000061,78.30061531066895,74.93594217300415,0.0,153.23658752441406
208,208,ppo,clip,gae,ALE/SpaceInvaders-v5,atari,0,1,1.0,20800000,100000,82,82,4,1,759.1463414634146,193.05598341029875,1189.6829268292684,759.1463414634146,193.05598341029875,1189.6829268292684,-1.7786026000976562e-09,-0.0007029888439178467,1227.5793067578124,1128.317012578125,1.5736692389678955,0.00011728013528045267,nan,nan,0.04713000001430512,nan,0.47259193658828735,0.5144048631191254,78.11151576042175,75.34682035446167,0.0,153.4583661556244
209,209,ppo,clip,gae,ALE/SpaceInvaders-v5,atari,0,1,1.0,20900000,100000,82,82,4,1,719.0243902439024,201.02092935627957,1183.6097560975609,719.0243902439024,201.02092935627957,1183.6097560975609,2.9265880584716796e-09,-0.0005505911672115326,1181.3113705859375,1066.0418627734375,1.5744665534591675,0.00018281648244708777,nan,nan,0.10439999998092651,nan,0.3875269293785095,0.4374619126319885,79.10751461982727,75.09978580474854,0.0,154.20732975006104
210,210,ppo,clip,gae,ALE/SpaceInvaders-v5,atari,0,1,1.0,21000000,100000,82,82,4,1,748.719512195122,171.78015405334608,1190.1951219512196,748.719512195122,171.78015405334608,1190.1951219512196,2.33769416809082e-09,-0.0006283758711814881,1138.0687374609374,1070.4991816210938,1.5753611779022216,0.0001234554195171222,nan,nan,0.062039999985694885,nan,0.4706064462661743,0.5004207491874695,78.53539252281189,75.34828519821167,0.0,153.88370561599731
211,211,ppo,clip,gae,ALE/SpaceInvaders-v5,atari,0,1,1.0,21100000,100000,77,77,4,1,754.0909090909091,209.30423899866412,1269.1818181818182,754.0909090909091,209.30423899866412,1269.1818181818182,4.580020904541016e-09,-0.0006349448919296264,1081.7639005273438,995.2544306835938,1.5754487908935546,0.00010849362052511424,nan,nan,0.05605000004529953,nan,0.41638892889022827,0.4610164761543274,77.93207383155823,75.261070728302,0.0,153.19318294525146
212,212,ppo,clip,gae,ALE/SpaceInvaders-v5,atari,0,1,1.0,21200000,100000,80,80,4,1,747.0625,182.03484170276303,1215.925,747.0625,182.03484170276303,1215.925,-2.7227401733398437e-09,-0.0007018445348739624,1151.6133752929688,1099.951173359375,1.5734486378860473,0.00010431007786886767,nan,nan,0.054269999971389773,nan,0.4196484684944153,0.4451313018798828,78.29887628555298,75.18452143669128,0.0,153.4834268093109
213,213,ppo,clip,gae,ALE/SpaceInvaders-v5,atari,0,1,1.0,21300000,100000,78,78,4,1,778.8461538461538,232.08630561590198,1237.1153846153845,778.8461538461538,232.08630561590198,1237.1153846153845,3.4046173095703123e-09,-0.0006158613586425781,1259.9264673828125,1205.265123359375,1.5739081871032714,9.219368446618318e-05,nan,nan,0.0417700000333786,nan,0.41441869735717773,0.43901723623275757,78.33747363090515,75.15521478652954,0.0,153.49273943901062
214,214,ppo,clip,gae,ALE/SpaceInvaders-v5,atari,0,1,1.0,21400000,100000,80,80,4,1,752.1875,213.0695950710706,1215.0625,752.1875,213.0695950710706,1215.0625,-5.049705505371094e-09,-0.0005513031578063965,1156.9207106640624,1104.627212265625,1.5742486376953124,0.0001293436962319538,nan,nan,0.07410000005245208,nan,0.4318433403968811,0.4571684002876282,78.20514130592346,75.73590397834778,0.0,153.94108724594116
215,215,ppo,clip,gae,ALE/SpaceInvaders-v5,atari,0,1,1.0,21500000,100000,81,81,4,1,737.1604938271605,195.55861467241897,1203.0,737.1604938271605,195.55861467241897,1203.0,4.38690185546875e-09,-0.0006998781538009644,1218.6762698828124,1139.276419765625,1.574756138381958,0.00010846508981427178,nan,nan,0.054870000022649766,nan,0.3872944116592407,0.4272441864013672,77.91944456100464,75.3414409160614,0.0,153.26091408729553
216,216,ppo,clip,gae,ALE/SpaceInvaders-v5,atari,0,1,1.0,21600000,100000,78,78,4,1,779.2307692307693,218.70404560975763,1247.8333333333333,779.2307692307693,218.70404560975763,1247.8333333333333,-5.909204483032227e-09,-0.0005451683449745179,1343.42243984375,1232.3742106640625,1.5712815259552002,0.00010511472552549093,nan,nan,0.05670999999165535,nan,0.38640284538269043,0.4366217851638794,78.46513509750366,75.4759669303894,0.0,153.94113111495972
217,217,ppo,clip,gae,ALE/SpaceInvaders-v5,atari,0,1,1.0,21700000,100000,82,82,4,1,780.4878048780488,225.06179335215643,1207.0487804878048,780.4878048780488,225.06179335215643,1207.0487804878048,2.5987625122070313e-10,-0.0005802465307712555,1209.8804122460938,1107.19608703125,1.5726130676269532,0.00011112894023768603,nan,nan,0.06560000006914139,nan,0.4496009945869446,0.4962764382362366,78.80949544906616,75.89779877662659,0.0,154.7073233127594
218,218,ppo,clip,gae,ALE/SpaceInvaders-v5,atari,0,1,1.0,21800000,100000,78,78,4,1,765.0641025641025,176.5635165543572,1243.3461538461538,765.0641025641025,176.5635165543572,1243.3461538461538,-1.678466796875e-09,-0.0006510801696777344,1141.3030000390625,1046.9580981640624,1.5722562282180785,7.864820953458548e-05,nan,nan,0.04153000002264977,nan,0.4508856534957886,0.4938904643058777,79.98199772834778,76.74330258369446,0.0,156.7253293991089
219,219,ppo,clip,gae,ALE/SpaceInvaders-v5,atari,0,1,1.0,21900000,100000,81,81,4,1,790.5555555555555,230.24946213794902,1214.6296296296296,790.5555555555555,230.24946213794902,1214.6296296296296,3.9911270141601566e-09,-0.0005679646193981171,1326.472996875,1230.164442265625,1.573965522041321,9.823241441976279e-05,nan,nan,0.060340000027418135,nan,0.42451292276382446,0.4626427888870239,79.37231135368347,76.33091926574707,0.0,155.70326852798462
220,220,ppo,clip,gae,ALE/SpaceInvaders-v5,atari,0,1,1.0,22000000,100000,79,79,4,1,794.367088607595,216.38041847431282,1228.873417721519,794.367088607595,216.38041847431282,1228.873417721519,-7.462501525878906e-10,-0.0005643211126327514,1258.187153046875,1184.4206522265624,1.5738142753982545,0.00010033705356298014,nan,nan,0.06355000001311302,nan,0.4350975751876831,0.4683062434196472,79.4189145565033,75.82867050170898,0.0,155.2476315498352
221,221,ppo,clip,gae,ALE/SpaceInvaders-v5,atari,0,1,1.0,22100000,100000,81,81,4,1,746.0493827160494,186.75215643123835,1195.7037037037037,746.0493827160494,186.75215643123835,1195.7037037037037,-1.4066696166992187e-09,-0.0006494901990890503,1253.0172208984375,1138.456441328125,1.5727245550918578,6.68796980404295e-05,nan,nan,0.032320000022649766,nan,0.41562390327453613,0.46416646242141724,78.72364711761475,75.62007212638855,0.0,154.34374928474426
222,222,ppo,clip,gae,ALE/SpaceInvaders-v5,atari,0,1,1.0,22200000,100000,76,76,4,1,751.3815789473684,248.8507778984523,1270.3157894736842,751.3815789473684,248.8507778984523,1270.3157894736842,4.301071166992188e-09,-0.000455865216255188,1172.4923983984374,1073.3225043359375,1.571027212524414,0.00010687811645679176,nan,nan,0.07407000003814697,nan,0.37329238653182983,0.4252927899360657,78.53132390975952,75.5591516494751,0.0,154.0905055999756
223,223,ppo,clip,gae,ALE/SpaceInvaders-v5,atari,0,1,1.0,22300000,100000,78,78,4,1,792.5,228.5373643916393,1247.679487179487,792.5,228.5373643916393,1247.679487179487,-9.68456268310547e-09,-0.0005304419946670532,1153.519321015625,1036.958234765625,1.574121831855774,9.4988730547484e-05,nan,nan,0.0629299999833107,nan,0.43866896629333496,0.49061447381973267,79.05625200271606,75.7047369480133,0.0,154.76102781295776
224,224,ppo,clip,gae,ALE/SpaceInvaders-v5,atari,0,1,1.0,22400000,100000,77,77,4,1,790.1298701298701,237.8269779596875,1250.5324675324675,790.1298701298701,237.8269779596875,1250.5324675324675,-6.656646728515625e-09,-0.0006324870657920837,1242.3042309765624,1163.4674770703125,1.573921587753296,8.584392309421673e-05,nan,nan,0.06071999999761581,nan,0.4342270493507385,0.46885645389556885,78.5657639503479,75.31583142280579,0.0,153.88162875175476
225,225,ppo,clip,gae,ALE/SpaceInvaders-v5,atari,0,1,1.0,22500000,100000,77,77,4,1,803.7662337662338,221.55172337982103,1267.2337662337663,803.7662337662338,221.55172337982103,1267.2337662337663,2.8896331787109376e-09,-0.0005578487157821655,1218.11630859375,1134.6046577734376,1.5739409044265746,8.656882659066468e-05,nan,nan,0.061740000029802324,nan,0.42500895261764526,0.46443724632263184,78.03060507774353,74.73553657531738,0.0027837753295898438,152.76896929740906
226,226,ppo,clip,gae,ALE/SpaceInvaders-v5,atari,0,1,1.0,22600000,100000,80,80,4,1,772.4375,221.26764583587453,1219.4375,772.4375,221.26764583587453,1219.4375,-3.5691261291503908e-09,-0.0006471070861816407,1287.3342205664062,1206.7202229492189,1.5758831365966797,7.146659743739292e-05,nan,nan,0.04204000000834465,nan,0.41497862339019775,0.4518929123878479,78.44402599334717,74.83620524406433,0.0,153.2802596092224
227,227,ppo,clip,gae,ALE/SpaceInvaders-v5,atari,0,1,1.0,22700000,100000,76,76,4,1,736.5131578947369,187.60614493225827,1250.6842105263158,736.5131578947369,187.60614493225827,1250.6842105263158,-2.4771690368652344e-09,-0.0005886260437965393,1164.55743046875,1053.7460409960938,1.5755403708267213,5.6096503576263784e-05,nan,nan,0.03240000002384186,nan,0.3631153106689453,0.41809940338134766,77.95068192481995,75.16457796096802,0.0,153.11529731750488
228,228,ppo,clip,gae,ALE/SpaceInvaders-v5,atari,0,1,1.0,22800000,100000,79,79,4,1,773.8607594936709,204.6391534964093,1213.113924050633,773.8607594936709,204.6391534964093,1213.113924050633,2.346634864807129e-09,-0.0005907440412044525,1187.8540792578126,1130.80762828125,1.5726384018707276,5.572955476003699e-05,nan,nan,0.03512000002026558,nan,0.42826128005981445,0.45189404487609863,78.23327445983887,75.58158564567566,0.0,153.81488966941833
229,229,ppo,clip,gae,ALE/SpaceInvaders-v5,atari,0,1,1.0,22900000,100000,79,79,4,1,761.8354430379746,229.84471534966997,1234.9240506329113,761.8354430379746,229.84471534966997,1234.9240506329113,-3.848075866699219e-09,-0.0004831559753417969,1213.513935078125,1143.091455859375,1.5751253468704223,6.463507290929556e-05,nan,nan,0.04718000002861023,nan,0.42116671800613403,0.4534497857093811,78.13975715637207,75.38544631004333,0.0,153.52523279190063
230,230,ppo,clip,gae,ALE/SpaceInvaders-v5,atari,0,1,1.0,23000000,100000,80,80,4,1,784.9375,224.83117798417103,1218.525,784.9375,224.83117798417103,1218.525,2.505779266357422e-09,-0.0005314058089256286,1217.90227796875,1160.9688003515625,1.5721755742263794,6.363219751045107e-05,nan,nan,0.04482000002861023,nan,0.4379109740257263,0.46333879232406616,78.17553234100342,74.8934919834137,0.0,153.06905889511108
231,231,ppo,clip,gae,ALE/SpaceInvaders-v5,atari,0,1,1.0,23100000,100000,80,80,4,1,790.6875,257.91440410289226,1219.475,790.6875,257.91440410289226,1219.475,-8.106231689453126e-11,-0.000521059160232544,1328.85177875,1254.2914189453124,1.573422795944214,5.951736274291761e-05,nan,nan,0.04613000002026558,nan,0.4313808083534241,0.4633091688156128,78.43885684013367,75.09218072891235,0.0,153.53106713294983
232,232,ppo,clip,gae,ALE/SpaceInvaders-v5,atari,0,1,1.0,23200000,100000,82,82,4,1,773.5365853658536,202.12512395712153,1203.8048780487804,773.5365853658536,202.12512395712153,1203.8048780487804,-2.541542053222656e-09,-0.0005771352005004883,1269.0299580078124,1198.3526919921876,1.5744186502456665,5.3330966227222235e-05,nan,nan,0.03349000000357628,nan,0.4155482053756714,0.4453190565109253,78.06849074363708,75.6053946018219,0.0,153.6739194393158
233,233,ppo,clip,gae,ALE/SpaceInvaders-v5,atari,0,1,1.0,23300000,100000,80,80,4,1,791.4375,235.90277890213588,1229.8625,791.4375,235.90277890213588,1229.8625,-5.245208740234375e-09,-0.0005169682407379151,1344.549047890625,1262.4148161328126,1.5710570176696776,4.9728408006485553e-05,nan,nan,0.03565999999880791,nan,0.41990023851394653,0.4552556276321411,78.22187685966492,75.41938304901123,0.0,153.6412901878357
234,234,ppo,clip,gae,ALE/SpaceInvaders-v5,atari,0,1,1.0,23400000,100000,80,80,4,1,760.4375,228.7741705126477,1225.0125,760.4375,228.7741705126477,1225.0125,4.630088806152344e-09,-0.0004916916131973266,1277.9984994140625,1216.69648328125,1.5718404592132569,5.0068293162621555e-05,nan,nan,0.0377300000333786,nan,0.3920630216598511,0.4203073978424072,78.01343703269958,75.13478398323059,0.0,153.1482584476471
235,235,ppo,clip,gae,ALE/SpaceInvaders-v5,atari,0,1,1.0,23500000,100000,79,79,4,1,774.8101265822785,213.00657123930054,1228.73417721519,774.8101265822785,213.00657123930054,1228.73417721519,-5.223751068115234e-09,-0.0004937072265148163,1244.2003556054688,1189.884960390625,1.5694712409973144,6.196436762344092e-05,nan,nan,0.05437999999880791,nan,0.4206634759902954,0.44505107402801514,79.06787323951721,75.7000880241394,0.0,154.76799082756042
236,236,ppo,clip,gae,ALE/SpaceInvaders-v5,atari,0,1,1.0,23600000,100000,78,78,4,1,775.0641025641025,200.30824577824725,1261.6923076923076,775.0641025641025,200.30824577824725,1261.6923076923076,-3.173351287841797e-09,-0.000499859230518341,1173.8206725,1132.8773885546875,1.574442622795105,6.035849290085025e-05,nan,nan,0.05361000000476837,nan,0.4339659810066223,0.45342665910720825,78.1130120754242,75.56905841827393,0.0,153.68209981918335
237,237,ppo,clip,gae,ALE/SpaceInvaders-v5,atari,0,1,1.0,23700000,100000,78,78,4,1,780.1923076923077,240.1661314799803,1259.7307692307693,780.1923076923077,240.1661314799803,1259.7307692307693,-1.2922286987304688e-09,-0.0004175298070907593,1256.972693515625,1209.8789033203125,1.5740519965744018,5.7817944979760795e-05,nan,nan,0.05677000001907349,nan,0.41158735752105713,0.43350130319595337,79.28823924064636,75.18724870681763,0.0,154.47551846504211
238,238,ppo,clip,gae,ALE/SpaceInvaders-v5,atari,0,1,1.0,23800000,100000,79,79,4,1,778.6075949367089,213.40953781026963,1242.1898734177216,778.6075949367089,213.40953781026963,1242.1898734177216,-9.965896606445312e-10,-0.0003938784372806549,1182.987181015625,1127.8902963671876,1.5696767917633057,6.135336100007408e-05,nan,nan,0.06331000004053115,nan,0.4023774266242981,0.4305415153503418,78.93694424629211,75.41764903068542,0.0,154.35462379455566
239,239,ppo,clip,gae,ALE/SpaceInvaders-v5,atari,0,1,1.0,23900000,100000,83,83,4,1,726.2048192771084,179.03117848112612,1170.44578313253,726.2048192771084,179.03117848112612,1170.44578313253,4.680156707763672e-09,-0.0004090391516685486,1177.5057608984375,1126.2982722265624,1.5691833883285522,5.001879135612398e-05,nan,nan,0.05237000001430511,nan,0.42868006229400635,0.45134395360946655,78.22925806045532,75.51493406295776,0.0,153.74422192573547
240,240,ppo,clip,gae,ALE/SpaceInvaders-v5,atari,0,1,1.0,24000000,100000,75,75,4,1,796.5333333333333,217.7413960540245,1284.36,796.5333333333333,217.7413960540245,1284.36,1.8048286437988282e-09,-0.00036595266580581663,1163.3727730273438,1115.72412890625,1.5721984895706176,8.165974822593854e-05,nan,nan,0.11088000002145768,nan,0.4415411353111267,0.46221011877059937,77.58868837356567,75.29001545906067,0.0,152.87873363494873
241,241,ppo,clip,gae,ALE/SpaceInvaders-v5,atari,0,1,1.0,24100000,100000,81,81,4,1,777.7777777777778,213.10607107932003,1208.0123456790122,777.7777777777778,213.10607107932003,1208.0123456790122,-2.007037401199341e-09,-0.0003574409718811512,1159.39854265625,1108.9419047851563,1.5708432136535644,6.951884289039299e-05,nan,nan,0.09271999999761582,nan,0.4677457809448242,0.49022603034973145,78.53857135772705,75.5091164112091,0.0,154.0477168560028
242,242,ppo,clip,gae,ALE/SpaceInvaders-v5,atari,0,1,1.0,24200000,100000,78,78,4,1,800.3205128205128,232.73229330811606,1246.7435897435898,800.3205128205128,232.73229330811606,1246.7435897435898,-3.3408403396606447e-09,-0.00048815528631210325,1298.8100746484374,1237.8997822265626,1.5739717308807373,4.3612143988721074e-05,nan,nan,0.048220000042915344,nan,0.4084647297859192,0.43620502948760986,77.82689166069031,75.39493942260742,0.0,153.2218611240387
243,243,ppo,clip,gae,ALE/SpaceInvaders-v5,atari,0,1,1.0,24300000,100000,78,78,4,1,795.8974358974359,241.46686292504253,1242.128205128205,795.8974358974359,241.46686292504253,1242.128205128205,-1.4507770538330078e-09,-0.0004573124694824219,1289.8643507421875,1246.3157478515625,1.5722975646209716,4.256314055761322e-05,nan,nan,0.04663000000476837,nan,0.39611780643463135,0.4164149761199951,78.53863000869751,75.50674939155579,0.0,154.04540848731995
244,244,ppo,clip,gae,ALE/SpaceInvaders-v5,atari,0,1,1.0,24400000,100000,77,77,4,1,836.5584415584416,225.20014149072242,1256.2077922077922,836.5584415584416,225.20014149072242,1256.2077922077922,5.941390991210938e-09,-0.0003380601215362549,1252.386961171875,1179.55106109375,1.5714720514678955,5.250723999692127e-05,nan,nan,0.07203000000476838,nan,0.47205662727355957,0.4989051818847656,77.84503245353699,75.5298433303833,0.0,153.37491607666016
245,245,ppo,clip,gae,ALE/SpaceInvaders-v5,atari,0,1,1.0,24500000,100000,77,77,4,1,802.5974025974026,218.0367096305121,1256.3246753246754,802.5974025974026,218.0367096305121,1256.3246753246754,-2.377033233642578e-09,-0.0004394902420043945,1330.5805683203125,1249.478799921875,1.571838320274353,3.976000886294059e-05,nan,nan,0.04344000001192093,nan,0.39908838272094727,0.4298362135887146,77.86215877532959,75.25072288513184,0.0,153.11291074752808
246,246,ppo,clip,gae,ALE/SpaceInvaders-v5,atari,0,1,1.0,24600000,100000,81,81,4,1,726.0493827160494,208.40475227600714,1199.2716049382716,726.0493827160494,208.40475227600714,1199.2716049382716,4.317760467529297e-09,-0.0002523052406311035,1204.064894296875,1133.094003125,1.5709971692276001,5.3825308420928195e-05,nan,nan,0.08451000002145767,nan,0.4214543104171753,0.4482778310775757,78.46942949295044,75.32203316688538,0.0,153.79149293899536
247,247,ppo,clip,gae,ALE/SpaceInvaders-v5,atari,0,1,1.0,24700000,100000,78,78,4,1,803.5897435897435,209.51852227633083,1239.7692307692307,803.5897435897435,209.51852227633083,1239.7692307692307,-7.867813110351563e-09,-0.0002852545642852783,1299.15866,1194.7409537890626,1.5713566500854492,5.39636984851677e-05,nan,nan,0.08905999996900558,nan,0.38981133699417114,0.42870014905929565,78.88426065444946,75.41535568237305,0.0,154.29964685440063
248,248,ppo,clip,gae,ALE/SpaceInvaders-v5,atari,0,1,1.0,24800000,100000,75,75,4,1,787.8666666666667,214.37222042253723,1291.8133333333333,787.8666666666667,214.37222042253723,1291.8133333333333,-6.663799285888672e-10,-0.00041582428216934206,1228.8518526953126,1154.6736687890625,1.5724764658737183,2.453173084300943e-05,nan,nan,0.02713000001490116,nan,0.42098814249038696,0.4543526768684387,79.00383734703064,75.03472852706909,0.0,154.0385959148407
249,249,ppo,clip,gae,ALE/SpaceInvaders-v5,atari,0,1,1.0,24900000,100000,77,77,4,1,811.3636363636364,199.67446943117443,1259.2987012987012,811.3636363636364,199.67446943117443,1259.2987012987012,-6.608366966247558e-09,-0.0004595161134004593,1234.67237984375,1187.95898078125,1.5726275778579712,3.629172245156951e-05,nan,nan,0.04547000001907349,nan,0.4455433487892151,0.46460312604904175,78.23040533065796,75.39128756523132,0.0,153.6217257976532
250,250,ppo,clip,gae,ALE/SpaceInvaders-v5,atari,0,1,1.0,25000000,100000,76,76,4,1,780.5263157894736,204.19060198515055,1283.7105263157894,780.5263157894736,204.19060198515055,1283.7105263157894,-6.604194641113281e-09,-0.00037277755975723267,1128.8272435546876,1067.8497954296874,1.573222798500061,2.7355835951748306e-05,nan,nan,0.03281000000596047,nan,0.44156479835510254,0.46841877698898315,77.78600573539734,75.37121605873108,0.0028977394104003906,153.16015005111694
251,251,ppo,clip,gae,ALE/SpaceInvaders-v5,atari,0,1,1.0,25100000,100000,77,77,4,1,790.974025974026,226.85460610788348,1246.3896103896104,790.974025974026,226.85460610788348,1246.3896103896104,-6.4373016357421874e-09,-0.00035698394298553466,1208.2816876953125,1155.602647734375,1.5727454664993286,3.06777040741872e-05,nan,nan,0.03911000003576279,nan,0.43021196126937866,0.4547008275985718,78.65966820716858,75.2846302986145,0.0,153.94433331489563
252,252,ppo,clip,gae,ALE/SpaceInvaders-v5,atari,0,1,1.0,25200000,100000,77,77,4,1,777.922077922078,227.58522115723756,1270.4415584415585,777.922077922078,227.58522115723756,1270.4415584415585,-2.02178955078125e-09,-0.0003765582799911499,1112.6680957421875,1061.3950327734376,1.5702468224334716,3.0624387414427473e-05,nan,nan,0.05023000000715256,nan,0.46005886793136597,0.484818696975708,78.34395432472229,75.3010892868042,0.0,153.64507269859314
253,253,ppo,clip,gae,ALE/SpaceInvaders-v5,atari,0,1,1.0,25300000,100000,76,76,4,1,761.3815789473684,219.13345892072155,1250.75,761.3815789473684,219.13345892072155,1250.75,3.600120544433594e-10,-0.000392170684337616,1037.65775734375,991.5191159765625,1.5722214530563354,3.265735520748422e-05,nan,nan,0.05175000000476837,nan,0.4622493386268616,0.4857614040374756,78.4498074054718,75.43201684951782,0.0,153.881854057312
254,254,ppo,clip,gae,ALE/SpaceInvaders-v5,atari,0,1,1.0,25400000,100000,77,77,4,1,765.4545454545455,214.1794699229637,1266.2987012987012,765.4545454545455,214.1794699229637,1266.2987012987012,-1.1682510375976562e-09,-0.00025445680141448975,1177.8915954296874,1118.164203359375,1.5722785596466065,4.570386791136116e-05,nan,nan,0.0975100000667572,nan,0.3838077783584595,0.4148193597793579,78.01988744735718,75.8103895187378,0.0,153.8303210735321
255,255,ppo,clip,gae,ALE/SpaceInvaders-v5,atari,0,1,1.0,25500000,100000,76,76,4,1,821.9078947368421,195.74413869235008,1282.157894736842,821.9078947368421,195.74413869235008,1282.157894736842,-1.5389919281005859e-09,-0.0003652764582633972,1276.4454351660156,1193.4233908203125,1.5723924363708497,2.720277875137981e-05,nan,nan,0.0455700000166893,nan,0.4321568012237549,0.4630672335624695,78.09306406974792,75.59492087364197,0.0,153.68801498413086
256,256,ppo,clip,gae,ALE/SpaceInvaders-v5,atari,0,1,1.0,25600000,100000,79,79,4,1,759.1772151898734,206.58377155702684,1248.0253164556962,759.1772151898734,206.58377155702684,1248.0253164556962,-5.335360765457153e-10,-0.0003967389065772295,1080.584699765625,1001.553131953125,1.5702302893829345,3.1149228832218795e-05,nan,nan,0.0643400000667572,nan,0.4339938163757324,0.46852248907089233,78.04755210876465,75.64635252952576,0.0,153.69393587112427
257,257,ppo,clip,gae,ALE/SpaceInvaders-v5,atari,0,1,1.0,25700000,100000,77,77,4,1,777.077922077922,181.59887051495014,1276.5194805194806,777.077922077922,181.59887051495014,1276.5194805194806,-3.31878662109375e-09,-0.00033331130027770996,1165.968509296875,1125.95765796875,1.5718491401290893,2.2602597404038532e-05,nan,nan,0.043800000042915344,nan,0.43316787481307983,0.45263510942459106,77.78114223480225,75.40522861480713,0.0,153.18639755249023
258,258,ppo,clip,gae,ALE/SpaceInvaders-v5,atari,0,1,1.0,25800000,100000,80,80,4,1,774.1875,204.23706163120835,1225.5,774.1875,204.23706163120835,1225.5,1.842975616455078e-09,-0.00029557634353637695,1198.005476171875,1126.56410375,1.5731148105239867,3.296681216103025e-05,nan,nan,0.08587000001430511,nan,0.42436206340789795,0.45751965045928955,78.08576989173889,75.83188104629517,0.0,153.9176790714264
259,259,ppo,clip,gae,ALE/SpaceInvaders-v5,atari,0,1,1.0,25900000,100000,78,78,4,1,840.1923076923077,214.75305183899422,1263.551282051282,840.1923076923077,214.75305183899422,1263.551282051282,-2.868175506591797e-09,-0.0003155276155471802,1248.9821274609376,1135.504777265625,1.5694717769241333,2.542280941968784e-05,nan,nan,0.05566000000596046,nan,0.46130144596099854,0.5059695243835449,78.27446413040161,75.44391870498657,0.0,153.71841287612915
260,260,ppo,clip,gae,ALE/SpaceInvaders-v5,atari,0,1,1.0,26000000,100000,78,78,4,1,774.8717948717949,262.0701295344709,1252.871794871795,774.8717948717949,262.0701295344709,1252.871794871795,-4.060268402099609e-09,-0.00032651534795761106,1313.5358159375,1237.284758828125,1.5722282766342164,2.080582038091961e-05,nan,nan,0.04552999998927117,nan,0.39849555492401123,0.4269416332244873,77.89861917495728,75.48653316497803,0.0,153.3851819038391
261,261,ppo,clip,gae,ALE/SpaceInvaders-v5,atari,0,1,1.0,26100000,100000,74,74,4,1,822.3648648648649,217.53412744523584,1322.5945945945946,822.3648648648649,217.53412744523584,1322.5945945945946,-1.347064971923828e-09,-0.00031410067558288574,1265.1872825390626,1220.2416253125,1.5713362093734742,2.2165715353912674e-05,nan,nan,0.05507000000953674,nan,0.41441941261291504,0.4338909983634949,78.0761730670929,76.16412997245789,0.0,154.24033427238464
262,262,ppo,clip,gae,ALE/SpaceInvaders-v5,atari,0,1,1.0,26200000,100000,81,81,4,1,728.9506172839506,211.05659537251196,1213.6172839506173,728.9506172839506,211.05659537251196,1213.6172839506173,-1.6498565673828125e-09,-0.00026914642333984376,1156.8317730859376,1101.16069484375,1.5718857479095458,1.976157792902086e-05,nan,nan,0.04947999998092651,nan,0.41951870918273926,0.4393462538719177,78.53918981552124,76.15857672691345,0.0,154.69779801368713
263,263,ppo,clip,gae,ALE/SpaceInvaders-v5,atari,0,1,1.0,26300000,100000,78,78,4,1,793.7179487179487,222.0741905042095,1261.5641025641025,793.7179487179487,222.0741905042095,1261.5641025641025,3.173351287841797e-09,-0.00026096202373504637,1264.8967460546876,1207.4391020703124,1.5699546955871582,2.567487926222384e-05,nan,nan,0.08546999999523162,nan,0.40737491846084595,0.42930543422698975,79.23161888122559,76.2517900466919,0.0,155.48343777656555
264,264,ppo,clip,gae,ALE/SpaceInvaders-v5,atari,0,1,1.0,26400000,100000,79,79,4,1,766.2658227848101,200.06085839005604,1229.2911392405063,766.2658227848101,200.06085839005604,1229.2911392405063,2.8789043426513673e-09,-0.00029736775159835814,1176.275107421875,1134.562566953125,1.5708105626678466,1.884137454908341e-05,nan,nan,0.05380000002980232,nan,0.41632306575775146,0.4329085350036621,78.50475025177002,76.1828989982605,0.0,154.68768119812012
265,265,ppo,clip,gae,ALE/SpaceInvaders-v5,atari,0,1,1.0,26500000,100000,78,78,4,1,776.0897435897435,230.28639838127964,1241.076923076923,776.0897435897435,230.28639838127964,1241.076923076923,-5.6445598602294926e-09,-0.0002674357056617737,1243.337176171875,1204.3845451171876,1.5721201835250855,2.4681953494437038e-05,nan,nan,0.08936000006437302,nan,0.40499645471572876,0.42280447483062744,79.22190070152283,76.09765386581421,0.0,155.31958389282227
266,266,ppo,clip,gae,ALE/SpaceInvaders-v5,atari,0,1,1.0,26600000,100000,79,79,4,1,768.1012658227849,210.7135313094029,1243.886075949367,768.1012658227849,210.7135313094029,1243.886075949367,-1.8596649169921874e-09,-0.0002557331371307373,1124.4834499023436,1085.6267001171875,1.5702904488372802,1.7753511957707816e-05,nan,nan,0.060250000003576276,nan,0.45116567611694336,0.4700954556465149,78.55376315116882,76.20921421051025,0.0,154.7630066871643
267,267,ppo,clip,gae,ALE/SpaceInvaders-v5,atari,0,1,1.0,26700000,100000,78,78,4,1,789.8076923076923,184.26472440154444,1247.7307692307693,789.8076923076923,184.26472440154444,1247.7307692307693,2.7489662170410157e-09,-0.0002684790062904358,1144.30930484375,1094.8663128515625,1.5701831495285035,1.317283526819665e-05,nan,nan,0.038660000014901164,nan,0.46856606006622314,0.4914124608039856,78.43013167381287,75.62978863716125,0.0,154.05995082855225
268,268,ppo,clip,gae,ALE/SpaceInvaders-v5,atari,0,1,1.0,26800000,100000,81,81,4,1,744.7530864197531,192.28467391814502,1192.3333333333333,744.7530864197531,192.28467391814502,1192.3333333333333,2.6226043701171873e-09,-0.00028787041664123537,1128.9224030859375,1069.649477890625,1.5702212200927734,1.164798168669222e-05,nan,nan,0.0394600000077486,nan,0.4490828514099121,0.4770963191986084,78.77107405662537,75.4521656036377,0.0,154.2232689857483
269,269,ppo,clip,gae,ALE/SpaceInvaders-v5,atari,0,1,1.0,26900000,100000,76,76,4,1,804.0131578947369,212.6741078332275,1251.0657894736842,804.0131578947369,212.6741078332275,1251.0657894736842,-1.704692840576172e-09,-0.0001611419939994812,1212.64968234375,1153.1877912109376,1.5685238284683227,2.2199227522942237e-05,nan,nan,0.11589999996900559,nan,0.43870115280151367,0.4628310799598694,78.6212306022644,76.07268762588501,0.0,154.69394898414612
270,270,ppo,clip,gae,ALE/SpaceInvaders-v5,atari,0,1,1.0,27000000,100000,79,79,4,1,775.0,178.3024737683096,1240.0379746835442,775.0,178.3024737683096,1240.0379746835442,4.78506088256836e-09,-0.0002630919599533081,1268.184734921875,1209.3671080859374,1.5715858592224121,1.2313121411134488e-05,nan,nan,0.04666000002741814,nan,0.38314223289489746,0.40880370140075684,79.02305030822754,75.4767758846283,0.0,154.499858379364
271,271,ppo,clip,gae,ALE/SpaceInvaders-v5,atari,0,1,1.0,27100000,100000,81,81,4,1,787.8395061728395,216.75630378234854,1202.1975308641975,787.8395061728395,216.75630378234854,1202.1975308641975,-4.320144653320313e-09,-0.00022267718315124513,1249.9108279296875,1157.1464787890625,1.5705176293182372,1.0984957755426876e-05,nan,nan,0.04892999998688698,nan,0.430489718914032,0.4683864116668701,78.48854303359985,75.51424980163574,0.0,154.00282263755798
272,272,ppo,clip,gae,ALE/SpaceInvaders-v5,atari,0,1,1.0,27200000,100000,77,77,4,1,788.7012987012987,198.26258758191625,1256.7532467532467,788.7012987012987,198.26258758191625,1256.7532467532467,-1.5139579772949218e-09,-0.0002388986361026764,1168.9243304101562,1131.9441779882814,1.568958740234375,8.138800511369481e-06,nan,nan,0.03293999999165535,nan,0.4491955637931824,0.4657561779022217,78.64690446853638,75.7032458782196,0.0,154.35018301010132
273,273,ppo,clip,gae,ALE/SpaceInvaders-v5,atari,0,1,1.0,27300000,100000,78,78,4,1,799.8076923076923,230.02569854716336,1267.1666666666667,799.8076923076923,230.02569854716336,1267.1666666666667,3.2448768615722658e-09,-0.00021756608963012695,1168.3761405273438,1117.8585301757812,1.5693708840942382,9.596549422712996e-06,nan,nan,0.04594999998927116,nan,0.4311460852622986,0.45571428537368774,78.68512010574341,75.90062808990479,0.0,154.58577680587769
274,274,ppo,clip,gae,ALE/SpaceInvaders-v5,atari,0,1,1.0,27400000,100000,78,78,4,1,788.8461538461538,233.20223846195952,1241.5,788.8461538461538,233.20223846195952,1241.5,1.1682510375976562e-09,-0.00018204212427139283,1254.77752359375,1198.185280390625,1.5697884035491942,1.1427379613451194e-05,nan,nan,0.0700300000500679,nan,0.42253023386001587,0.4485713243484497,79.42202663421631,75.27281069755554,0.0,154.69486832618713
275,275,ppo,clip,gae,ALE/SpaceInvaders-v5,atari,0,1,1.0,27500000,100000,80,80,4,1,765.25,216.6346290416193,1210.525,765.25,216.6346290416193,1210.525,-4.973411560058594e-09,-0.00018595563411712647,1150.5142509375,1117.1793904882813,1.5696641223144532,1.0858578092011157e-05,nan,nan,0.07645000002861023,nan,0.4529194235801697,0.4686295986175537,79.03416609764099,75.5112533569336,0.0028700828552246094,154.54831910133362
276,276,ppo,clip,gae,ALE/SpaceInvaders-v5,atari,0,1,1.0,27600000,100000,78,78,4,1,812.8846153846154,208.5565766422855,1254.179487179487,812.8846153846154,208.5565766422855,1254.179487179487,-6.923675537109375e-09,-0.00021765873908996582,1213.53005875,1172.9620910546876,1.5692152785873412,7.432790975144599e-06,nan,nan,0.044000000071525575,nan,0.45183295011520386,0.4683142304420471,78.78441071510315,75.3671464920044,0.0,154.15158486366272
277,277,ppo,clip,gae,ALE/SpaceInvaders-v5,atari,0,1,1.0,27700000,100000,75,75,4,1,820.8666666666667,277.0768525557886,1303.5466666666666,820.8666666666667,277.0768525557886,1303.5466666666666,-2.0074844360351563e-09,-0.00017674311637878417,1187.7701021484374,1150.25340453125,1.5688017361450195,7.334021730493987e-06,nan,nan,0.05559000004529953,nan,0.4184788465499878,0.43695467710494995,79.34778118133545,75.66397285461426,0.0,155.01178407669067
278,278,ppo,clip,gae,ALE/SpaceInvaders-v5,atari,0,1,1.0,27800000,100000,75,75,4,1,848.0,265.55978611228016,1295.1066666666666,848.0,265.55978611228016,1295.1066666666666,-1.018047332763672e-09,-0.0001659231472015381,1341.5164821875,1299.2251925,1.571518593559265,6.353598882997176e-06,nan,nan,0.04103999999403954,nan,0.41426193714141846,0.429629385471344,78.86252951622009,75.55125045776367,0.0,154.41380953788757
279,279,ppo,clip,gae,ALE/SpaceInvaders-v5,atari,0,1,1.0,27900000,100000,77,77,4,1,801.9480519480519,195.09763763431582,1249.3766233766235,801.9480519480519,195.09763763431582,1249.3766233766235,5.760788917541504e-10,-0.00015375087827444077,1230.3285786132813,1185.8644904882813,1.570195576133728,6.201697123760823e-06,nan,nan,0.050320000047683715,nan,0.44722115993499756,0.46464109420776367,78.19439482688904,75.49423670768738,0.0,153.6886727809906
280,280,ppo,clip,gae,ALE/SpaceInvaders-v5,atari,0,1,1.0,28000000,100000,77,77,4,1,792.4025974025974,227.75529473311437,1247.2467532467533,792.4025974025974,227.75529473311437,1247.2467532467533,2.2649765014648437e-09,-0.00014509746789932251,1175.406998828125,1155.7439494140624,1.5725792432785035,5.426630425499752e-06,nan,nan,0.05228000000596046,nan,0.47457873821258545,0.48330801725387573,78.38274908065796,75.89207744598389,0.0,154.27486634254456
281,281,ppo,clip,gae,ALE/SpaceInvaders-v5,atari,0,1,1.0,28100000,100000,78,78,4,1,781.6666666666666,195.3114978606769,1233.7051282051282,781.6666666666666,195.3114978606769,1233.7051282051282,2.2125244140625e-09,-0.00016065739035606386,1182.2733434960937,1139.1617909570311,1.5692572483825684,4.301216588210082e-06,nan,nan,0.03066999999821186,nan,0.4468340277671814,0.4656168818473816,78.71430945396423,75.847727060318,0.0,154.56206893920898
282,282,ppo,clip,gae,ALE/SpaceInvaders-v5,atari,0,1,1.0,28200000,100000,80,80,4,1,819.9375,208.04671012479386,1224.4375,819.9375,208.04671012479386,1224.4375,-2.388954162597656e-09,-0.00014575157165527345,1278.23274859375,1202.0807351953124,1.5692132954788207,3.6570646202017087e-06,nan,nan,0.03442000000834465,nan,0.4664033055305481,0.49342602491378784,78.44058108329773,75.77179408073425,0.0,154.21240377426147
283,283,ppo,clip,gae,ALE/SpaceInvaders-v5,atari,0,1,1.0,28300000,100000,75,75,4,1,826.4,195.2409793050629,1292.88,826.4,195.2409793050629,1292.88,-3.910064697265625e-10,-0.00014179932117462158,1224.28936390625,1167.6741948046874,1.5706039320373535,2.97524333880574e-06,nan,nan,0.029529999978542328,nan,0.44363540410995483,0.46859294176101685,78.41350388526917,75.71768403053284,0.0,154.13122510910034
284,284,ppo,clip,gae,ALE/SpaceInvaders-v5,atari,0,1,1.0,28400000,100000,80,80,4,1,789.375,216.88616685948415,1216.2,789.375,216.88616685948415,1216.2,1.2636184692382812e-10,-0.00013739556074142455,1248.2775594921875,1223.6242509375,1.5700659235000611,3.316331675887341e-06,nan,nan,0.04491999999523163,nan,0.42482346296310425,0.43455833196640015,78.17082118988037,75.60655188560486,0.0,153.77740049362183
285,285,ppo,clip,gae,ALE/SpaceInvaders-v5,atari,0,1,1.0,28500000,100000,80,80,4,1,770.75,209.16814408508768,1222.6,770.75,209.16814408508768,1222.6,5.445480346679687e-09,2.6772022247314453e-07,1204.6070137890624,1161.4759010546875,1.5707948425292968,9.100279181147926e-06,nan,nan,0.22086000000476838,nan,0.4332616329193115,0.45273303985595703,77.84286236763,75.74471259117126,0.0,153.58761405944824
286,286,ppo,clip,gae,ALE/SpaceInvaders-v5,atari,0,1,1.0,28600000,100000,79,79,4,1,816.0126582278481,230.2576703966192,1250.73417721519,816.0126582278481,230.2576703966192,1250.73417721519,-1.323223114013672e-10,-0.00010063120722770691,1274.97353234375,1231.0828664453124,1.570247383956909,3.3392653304326815e-06,nan,nan,0.06237000000715256,nan,0.42895567417144775,0.44430047273635864,78.22341275215149,75.60559630393982,0.0,153.82903742790222
287,287,ppo,clip,gae,ALE/SpaceInvaders-v5,atari,0,1,1.0,28700000,100000,77,77,4,1,804.9350649350649,245.12717810511137,1255.4415584415585,804.9350649350649,245.12717810511137,1255.4415584415585,4.0793418884277344e-09,-9.934342861175537e-05,1231.0387926953124,1196.5477736328126,1.5694678524017334,3.2354686319740722e-06,nan,nan,0.08027000007152557,nan,0.4239565134048462,0.4377700090408325,78.2386622428894,75.59785652160645,0.0,153.8365478515625
288,288,ppo,clip,gae,ALE/SpaceInvaders-v5,atari,0,1,1.0,28800000,100000,79,79,4,1,758.2278481012659,239.3239925325049,1238.379746835443,758.2278481012659,239.3239925325049,1238.379746835443,1.0380744934082032e-08,-4.836729049682617e-05,1239.935428203125,1189.55588640625,1.5679109872817993,3.544438533717766e-06,nan,nan,0.11640000006914139,nan,0.3759092688560486,0.3976001739501953,78.03239822387695,75.51784467697144,0.0,153.5502805709839
289,289,ppo,clip,gae,ALE/SpaceInvaders-v5,atari,0,1,1.0,28900000,100000,81,81,4,1,750.3703703703703,209.12188214345443,1207.4567901234568,750.3703703703703,209.12188214345443,1207.4567901234568,-2.4318695068359377e-10,-8.757967948913574e-05,1208.4743956640625,1173.120689609375,1.5685250049209594,1.7149251080991235e-06,nan,nan,0.05176,nan,0.4398951530456543,0.4559164047241211,77.66342282295227,75.45039868354797,0.0,153.1138505935669
290,290,ppo,clip,gae,ALE/SpaceInvaders-v5,atari,0,1,1.0,29000000,100000,76,76,4,1,787.4342105263158,195.2941327928827,1295.8552631578948,787.4342105263158,195.2941327928827,1295.8552631578948,-5.30242919921875e-09,-7.859010696411133e-05,1097.6839027734375,1076.1482007421876,1.5706271043395996,1.892291318945354e-06,nan,nan,0.08013000005960465,nan,0.41820842027664185,0.42967361211776733,78.3150417804718,75.90052247047424,0.0,154.2155957221985
291,291,ppo,clip,gae,ALE/SpaceInvaders-v5,atari,0,1,1.0,29100000,100000,77,77,4,1,811.9480519480519,240.3503339204787,1256.5194805194806,811.9480519480519,240.3503339204787,1256.5194805194806,2.2792816162109377e-09,-5.4260772466659545e-05,1237.9420452734375,1201.270538046875,1.5712317457962035,1.5525223201620974e-06,nan,nan,0.07988000003814698,nan,0.4312252998352051,0.4438057541847229,78.74103140830994,75.7500913143158,0.0,154.49115228652954
292,292,ppo,clip,gae,ALE/SpaceInvaders-v5,atari,0,1,1.0,29200000,100000,79,79,4,1,761.2658227848101,212.37277405786244,1247.0759493670887,761.2658227848101,212.37277405786244,1247.0759493670887,1.3828277587890624e-09,-5.262402534484863e-05,1210.6129846875,1184.612566953125,1.569497876739502,9.381821216811659e-07,nan,nan,0.05483999998807907,nan,0.41951805353164673,0.42813700437545776,78.74816370010376,75.55528926849365,0.0,154.3034815788269
293,293,ppo,clip,gae,ALE/SpaceInvaders-v5,atari,0,1,1.0,29300000,100000,78,78,4,1,756.2820512820513,223.58448741175417,1237.7820512820513,756.2820512820513,223.58448741175417,1237.7820512820513,1.9216537475585936e-09,-4.037336826324463e-05,1147.205705625,1124.22217625,1.5671032482910157,8.256902662287757e-07,nan,nan,0.06985000000238419,nan,0.4236292243003845,0.43513810634613037,78.26042079925537,75.53500270843506,0.0,153.79545378684998
294,294,ppo,clip,gae,ALE/SpaceInvaders-v5,atari,0,1,1.0,29400000,100000,76,76,4,1,809.0131578947369,240.89337526781935,1304.5,809.0131578947369,240.89337526781935,1304.5,2.008676528930664e-09,-4.6877262592315675e-05,1142.479907578125,1123.4903713085937,1.5692091050338746,5.359435404352553e-07,nan,nan,0.06110999998807907,nan,0.4483172297477722,0.4561305642127991,78.68370532989502,75.68317937850952,0.0,154.3669149875641
295,295,ppo,clip,gae,ALE/SpaceInvaders-v5,atari,0,1,1.0,29500000,100000,77,77,4,1,821.8181818181819,243.67306856677075,1252.6233766233765,821.8181818181819,243.67306856677075,1252.6233766233765,-2.269744873046875e-09,-4.0170917510986325e-05,1297.02660484375,1268.1141361328125,1.5674032922744752,4.44412311180713e-07,nan,nan,0.07632999999284744,nan,0.46225762367248535,0.4711373448371887,78.43931937217712,75.4495165348053,0.0,153.8888657093048
296,296,ppo,clip,gae,ALE/SpaceInvaders-v5,atari,0,1,1.0,29600000,100000,77,77,4,1,790.6493506493506,196.1601364267342,1276.012987012987,790.6493506493506,196.1601364267342,1276.012987012987,6.256103515625e-09,-3.1420116424560545e-05,1113.708163828125,1083.688795234375,1.5678353560638427,2.892749692182406e-07,nan,nan,0.07017999999523163,nan,0.4770769476890564,0.48617249727249146,77.83054184913635,75.82709074020386,0.0,153.65767574310303
297,297,ppo,clip,gae,ALE/SpaceInvaders-v5,atari,0,1,1.0,29700000,100000,80,80,4,1,746.1875,170.77441946541643,1208.2,746.1875,170.77441946541643,1208.2,2.2339820861816406e-09,-1.824600338935852e-05,1028.4890791796875,1017.7043232421875,1.5692447177505493,1.5322927621582495e-07,nan,nan,0.07396999995708466,nan,0.4903198480606079,0.49451208114624023,78.01422047615051,75.67934942245483,0.0,153.69359850883484
298,298,ppo,clip,gae,ALE/SpaceInvaders-v5,atari,0,1,1.0,29800000,100000,77,77,4,1,818.7662337662338,223.8087597431422,1279.8181818181818,818.7662337662338,223.8087597431422,1279.8181818181818,2.2077560424804685e-09,-1.350879430770874e-05,1199.1904380859376,1173.3396737695311,1.5703119857788086,6.12678110064735e-08,nan,nan,0.0688700000166893,nan,0.4369800090789795,0.4437134265899658,77.92047834396362,75.68838834762573,0.0,153.60889601707458
299,299,ppo,clip,gae,ALE/SpaceInvaders-v5,atari,0,1,1.0,29900000,100000,75,75,4,1,800.3333333333334,226.93513512798225,1298.84,800.3333333333334,226.93513512798225,1298.84,-4.191398620605468e-09,-7.574577331542969e-06,1097.1831640039063,1091.0676351757813,1.5706274467849732,1.5433360739507407e-08,nan,nan,0.06077000001430512,nan,0.45887571573257446,0.46101146936416626,78.71009850502014,75.86362886428833,0.0,154.57375717163086
300,300,ppo,clip,gae,ALE/SpaceInvaders-v5,atari,0,1,1.0,30000000,100000,81,81,4,1,765.6172839506173,196.66255914739045,1215.3827160493827,765.6172839506173,196.66255914739045,1215.3827160493827,6.335258483886719e-08,6.335258483886719e-08,1147.7958592578125,1147.7958592578125,1.5668366651153565,0.0,nan,nan,0.7645899998474122,nan,0.4579916000366211,0.4579916000366211,78.18595170974731,75.636483669281,0.0029523372650146484,153.82542157173157
